period,respondent,respondent-name,type,type-name,value,value-units
2026-01-10T08,AVA,Avista Corporation,DF,Day-ahead demand forecast,1533,megawatthours
2026-01-10T08,BANC,Balancing Authority of Northern California,DF,Day-ahead demand forecast,1924,megawatthours
2026-01-10T08,BPAT,Bonneville Power Administration,DF,Day-ahead demand forecast,7596,megawatthours
2026-01-10T08,CAL,California,DF,Day-ahead demand forecast,28506,megawatthours
2026-01-10T08,CHPD,Public Utility District No. 1 of Chelan County,DF,Day-ahead demand forecast,276,megawatthours
2026-01-10T08,CISO,California Independent System Operator,DF,Day-ahead demand forecast,23471,megawatthours
2026-01-10T08,DOPD,PUD No. 1 of Douglas County,DF,Day-ahead demand forecast,331,megawatthours
2026-01-10T08,GCPD,"Public Utility District No. 2 of Grant County, Washington",DF,Day-ahead demand forecast,743,megawatthours
2026-01-10T08,IID,Imperial Irrigation District,DF,Day-ahead demand forecast,281,megawatthours
2026-01-10T08,IPCO,Idaho Power Company,DF,Day-ahead demand forecast,1963,megawatthours
2026-01-10T08,LDWP,Los Angeles Department of Water and Power,DF,Day-ahead demand forecast,2551,megawatthours
2026-01-10T08,NEVP,Nevada Power Company,DF,Day-ahead demand forecast,3929,megawatthours
2026-01-10T08,NW,Northwest,DF,Day-ahead demand forecast,24886,megawatthours
2026-01-10T08,PACW,PacifiCorp West,DF,Day-ahead demand forecast,2581,megawatthours
2026-01-10T08,PGE,Portland General Electric Company,DF,Day-ahead demand forecast,2702,megawatthours
2026-01-10T08,PSEI,"Puget Sound Energy, Inc.",DF,Day-ahead demand forecast,1512,megawatthours
2026-01-10T08,SCL,Seattle City Light,DF,Day-ahead demand forecast,1136,megawatthours
2026-01-10T08,TIDC,Turlock Irrigation District,DF,Day-ahead demand forecast,279,megawatthours
2026-01-10T08,TPWR,"City of Tacoma, Department of Public Utilities, Light Division",DF,Day-ahead demand forecast,584,megawatthours
2026-01-10T08,US48,United States Lower 48,DF,Day-ahead demand forecast,53392,megawatthours
2026-01-10T07,AVA,Avista Corporation,DF,Day-ahead demand forecast,1598,megawatthours
2026-01-10T07,AZPS,Arizona Public Service Company,DF,Day-ahead demand forecast,4090,megawatthours
2026-01-10T07,BANC,Balancing Authority of Northern California,DF,Day-ahead demand forecast,2030,megawatthours
2026-01-10T07,BPAT,Bonneville Power Administration,DF,Day-ahead demand forecast,7848,megawatthours
2026-01-10T07,CAL,California,DF,Day-ahead demand forecast,30193,megawatthours
2026-01-10T07,CHPD,Public Utility District No. 1 of Chelan County,DF,Day-ahead demand forecast,284,megawatthours
2026-01-10T07,CISO,California Independent System Operator,DF,Day-ahead demand forecast,24884,megawatthours
2026-01-10T07,DOPD,PUD No. 1 of Douglas County,DF,Day-ahead demand forecast,336,megawatthours
2026-01-10T07,EPE,El Paso Electric Company,DF,Day-ahead demand forecast,890,megawatthours
2026-01-10T07,GCPD,"Public Utility District No. 2 of Grant County, Washington",DF,Day-ahead demand forecast,749,megawatthours
2026-01-10T07,IID,Imperial Irrigation District,DF,Day-ahead demand forecast,302,megawatthours
2026-01-10T07,IPCO,Idaho Power Company,DF,Day-ahead demand forecast,2032,megawatthours
2026-01-10T07,LDWP,Los Angeles Department of Water and Power,DF,Day-ahead demand forecast,2685,megawatthours
2026-01-10T07,NEVP,Nevada Power Company,DF,Day-ahead demand forecast,4092,megawatthours
2026-01-10T07,NW,Northwest,DF,Day-ahead demand forecast,42004,megawatthours
2026-01-10T07,NWMT,NorthWestern Corporation,DF,Day-ahead demand forecast,1354,megawatthours
2026-01-10T07,PACE,PacifiCorp East,DF,Day-ahead demand forecast,6389,megawatthours
2026-01-10T07,PACW,PacifiCorp West,DF,Day-ahead demand forecast,2688,megawatthours
2026-01-10T07,PGE,Portland General Electric Company,DF,Day-ahead demand forecast,2837,megawatthours
2026-01-10T07,PNM,Public Service Company of New Mexico,DF,Day-ahead demand forecast,1740,megawatthours
2026-01-10T07,PSCO,Public Service Company of Colorado,DF,Day-ahead demand forecast,4893,megawatthours
2026-01-10T07,PSEI,"Puget Sound Energy, Inc.",DF,Day-ahead demand forecast,1481,megawatthours
2026-01-10T07,SCL,Seattle City Light,DF,Day-ahead demand forecast,1213,megawatthours
2026-01-10T07,SRP,Salt River Project Agricultural Improvement and Power District,DF,Day-ahead demand forecast,3559,megawatthours
2026-01-10T07,SW,Southwest,DF,Day-ahead demand forecast,11942,megawatthours
2026-01-10T07,TEPC,Tucson Electric Power,DF,Day-ahead demand forecast,1663,megawatthours
2026-01-10T07,TIDC,Turlock Irrigation District,DF,Day-ahead demand forecast,292,megawatthours
2026-01-10T07,TPWR,"City of Tacoma, Department of Public Utilities, Light Division",DF,Day-ahead demand forecast,613,megawatthours
2026-01-10T07,US48,United States Lower 48,DF,Day-ahead demand forecast,84139,megawatthours
2026-01-10T07,WACM,Western Area Power Administration - Rocky Mountain Region,DF,Day-ahead demand forecast,3490,megawatthours
2026-01-10T07,WAUW,Western Area Power Administration - Upper Great Plains West,DF,Day-ahead demand forecast,107,megawatthours
2026-01-10T06,AECI,"Associated Electric Cooperative, Inc.",DF,Day-ahead demand forecast,2395,megawatthours
2026-01-10T06,AVA,Avista Corporation,DF,Day-ahead demand forecast,1669,megawatthours
2026-01-10T06,AZPS,Arizona Public Service Company,DF,Day-ahead demand forecast,4153,megawatthours
2026-01-10T06,BANC,Balancing Authority of Northern California,DF,Day-ahead demand forecast,2141,megawatthours
2026-01-10T06,BPAT,Bonneville Power Administration,DF,Day-ahead demand forecast,8103,megawatthours
2026-01-10T06,CAL,California,DF,Day-ahead demand forecast,31552,megawatthours
2026-01-10T06,CENT,Central,DF,Day-ahead demand forecast,36822,megawatthours
2026-01-10T06,CHPD,Public Utility District No. 1 of Chelan County,DF,Day-ahead demand forecast,295,megawatthours
2026-01-10T06,CISO,California Independent System Operator,DF,Day-ahead demand forecast,25982,megawatthours
2026-01-10T06,DOPD,PUD No. 1 of Douglas County,DF,Day-ahead demand forecast,342,megawatthours
2026-01-10T06,EPE,El Paso Electric Company,DF,Day-ahead demand forecast,939,megawatthours
2026-01-10T06,ERCO,"Electric Reliability Council of Texas, Inc.",DF,Day-ahead demand forecast,46487,megawatthours
2026-01-10T06,GCPD,"Public Utility District No. 2 of Grant County, Washington",DF,Day-ahead demand forecast,760,megawatthours
2026-01-10T06,IID,Imperial Irrigation District,DF,Day-ahead demand forecast,319,megawatthours
2026-01-10T06,IPCO,Idaho Power Company,DF,Day-ahead demand forecast,2112,megawatthours
2026-01-10T06,LDWP,Los Angeles Department of Water and Power,DF,Day-ahead demand forecast,2805,megawatthours
2026-01-10T06,MIDW,Midwest,DF,Day-ahead demand forecast,2395,megawatthours
2026-01-10T06,NEVP,Nevada Power Company,DF,Day-ahead demand forecast,4271,megawatthours
2026-01-10T06,NW,Northwest,DF,Day-ahead demand forecast,43385,megawatthours
2026-01-10T06,NWMT,NorthWestern Corporation,DF,Day-ahead demand forecast,1408,megawatthours
2026-01-10T06,PACE,PacifiCorp East,DF,Day-ahead demand forecast,6613,megawatthours
2026-01-10T06,PACW,PacifiCorp West,DF,Day-ahead demand forecast,2802,megawatthours
2026-01-10T06,PGE,Portland General Electric Company,DF,Day-ahead demand forecast,2966,megawatthours
2026-01-10T06,PNM,Public Service Company of New Mexico,DF,Day-ahead demand forecast,1789,megawatthours
2026-01-10T06,PSCO,Public Service Company of Colorado,DF,Day-ahead demand forecast,4972,megawatthours
2026-01-10T06,PSEI,"Puget Sound Energy, Inc.",DF,Day-ahead demand forecast,1442,megawatthours
2026-01-10T06,SCL,Seattle City Light,DF,Day-ahead demand forecast,1273,megawatthours
2026-01-10T06,SE,Southeast,DF,Day-ahead demand forecast,20584,megawatthours
2026-01-10T06,SOCO,"Southern Company Services, Inc. - Trans",DF,Day-ahead demand forecast,20584,megawatthours
2026-01-10T06,SRP,Salt River Project Agricultural Improvement and Power District,DF,Day-ahead demand forecast,3672,megawatthours
2026-01-10T06,SW,Southwest,DF,Day-ahead demand forecast,12254,megawatthours
2026-01-10T06,SWPP,Southwest Power Pool,DF,Day-ahead demand forecast,36822,megawatthours
2026-01-10T06,TEN,Tennessee,DF,Day-ahead demand forecast,14855,megawatthours
2026-01-10T06,TEPC,Tucson Electric Power,DF,Day-ahead demand forecast,1701,megawatthours
2026-01-10T06,TEX,Texas,DF,Day-ahead demand forecast,46487,megawatthours
2026-01-10T06,TIDC,Turlock Irrigation District,DF,Day-ahead demand forecast,305,megawatthours
2026-01-10T06,TPWR,"City of Tacoma, Department of Public Utilities, Light Division",DF,Day-ahead demand forecast,644,megawatthours
2026-01-10T06,TVA,Tennessee Valley Authority,DF,Day-ahead demand forecast,14855,megawatthours
2026-01-10T06,US48,United States Lower 48,DF,Day-ahead demand forecast,208334,megawatthours
2026-01-10T06,WACM,Western Area Power Administration - Rocky Mountain Region,DF,Day-ahead demand forecast,3606,megawatthours
2026-01-10T06,WAUW,Western Area Power Administration - Upper Great Plains West,DF,Day-ahead demand forecast,107,megawatthours
2026-01-10T05,AECI,"Associated Electric Cooperative, Inc.",DF,Day-ahead demand forecast,2472,megawatthours
2026-01-10T05,AVA,Avista Corporation,DF,Day-ahead demand forecast,1724,megawatthours
2026-01-10T05,AZPS,Arizona Public Service Company,DF,Day-ahead demand forecast,4269,megawatthours
2026-01-10T05,BANC,Balancing Authority of Northern California,DF,Day-ahead demand forecast,2198,megawatthours
2026-01-10T05,BPAT,Bonneville Power Administration,DF,Day-ahead demand forecast,8330,megawatthours
2026-01-10T05,CAL,California,DF,Day-ahead demand forecast,32159,megawatthours
2026-01-10T05,CAR,Carolinas,DF,Day-ahead demand forecast,18542,megawatthours
2026-01-10T05,CENT,Central,DF,Day-ahead demand forecast,37437,megawatthours
2026-01-10T05,CHPD,Public Utility District No. 1 of Chelan County,DF,Day-ahead demand forecast,303,megawatthours
2026-01-10T05,CISO,California Independent System Operator,DF,Day-ahead demand forecast,26445,megawatthours
2026-01-10T05,CPLE,Duke Energy Progress East,DF,Day-ahead demand forecast,5338,megawatthours
2026-01-10T05,CPLW,Duke Energy Progress West,DF,Day-ahead demand forecast,546,megawatthours
2026-01-10T05,DOPD,PUD No. 1 of Douglas County,DF,Day-ahead demand forecast,348,megawatthours
2026-01-10T05,DUK,Duke Energy Carolinas,DF,Day-ahead demand forecast,10072,megawatthours
2026-01-10T05,EPE,El Paso Electric Company,DF,Day-ahead demand forecast,984,megawatthours
2026-01-10T05,ERCO,"Electric Reliability Council of Texas, Inc.",DF,Day-ahead demand forecast,48057,megawatthours
2026-01-10T05,FLA,Florida,DF,Day-ahead demand forecast,21955,megawatthours
2026-01-10T05,FMPP,Florida Municipal Power Pool,DF,Day-ahead demand forecast,1645,megawatthours
2026-01-10T05,FPC,"Duke Energy Florida, Inc.",DF,Day-ahead demand forecast,3890,megawatthours
2026-01-10T05,FPL,Florida Power & Light Co.,DF,Day-ahead demand forecast,12593,megawatthours
2026-01-10T05,GCPD,"Public Utility District No. 2 of Grant County, Washington",DF,Day-ahead demand forecast,762,megawatthours
2026-01-10T05,GVL,Gainesville Regional Utilities,DF,Day-ahead demand forecast,168,megawatthours
2026-01-10T05,HST,City of Homestead,DF,Day-ahead demand forecast,55,megawatthours
2026-01-10T05,IID,Imperial Irrigation District,DF,Day-ahead demand forecast,334,megawatthours
2026-01-10T05,IPCO,Idaho Power Company,DF,Day-ahead demand forecast,2201,megawatthours
2026-01-10T05,ISNE,ISO New England,DF,Day-ahead demand forecast,12080,megawatthours
2026-01-10T05,JEA,JEA,DF,Day-ahead demand forecast,1264,megawatthours
2026-01-10T05,LDWP,Los Angeles Department of Water and Power,DF,Day-ahead demand forecast,2869,megawatthours
2026-01-10T05,MIDA,Mid-Atlantic,DF,Day-ahead demand forecast,79139,megawatthours
2026-01-10T05,MIDW,Midwest,DF,Day-ahead demand forecast,73870,megawatthours
2026-01-10T05,MISO,"Midcontinent Independent System Operator, Inc.",DF,Day-ahead demand forecast,71398,megawatthours
2026-01-10T05,NE,New England,DF,Day-ahead demand forecast,12080,megawatthours
2026-01-10T05,NEVP,Nevada Power Company,DF,Day-ahead demand forecast,4411,megawatthours
2026-01-10T05,NW,Northwest,DF,Day-ahead demand forecast,44696,megawatthours
2026-01-10T05,NWMT,NorthWestern Corporation,DF,Day-ahead demand forecast,1461,megawatthours
2026-01-10T05,NY,New York,DF,Day-ahead demand forecast,15633,megawatthours
2026-01-10T05,NYIS,New York Independent System Operator,DF,Day-ahead demand forecast,15633,megawatthours
2026-01-10T05,PACE,PacifiCorp East,DF,Day-ahead demand forecast,6858,megawatthours
2026-01-10T05,PACW,PacifiCorp West,DF,Day-ahead demand forecast,2899,megawatthours
2026-01-10T05,PGE,Portland General Electric Company,DF,Day-ahead demand forecast,3050,megawatthours
2026-01-10T05,PJM,"PJM Interconnection, LLC",DF,Day-ahead demand forecast,79139,megawatthours
2026-01-10T05,PNM,Public Service Company of New Mexico,DF,Day-ahead demand forecast,1841,megawatthours
2026-01-10T05,PSCO,Public Service Company of Colorado,DF,Day-ahead demand forecast,5166,megawatthours
2026-01-10T05,PSEI,"Puget Sound Energy, Inc.",DF,Day-ahead demand forecast,1384,megawatthours
2026-01-10T05,SC,South Carolina Public Service Authority,DF,Day-ahead demand forecast,2586,megawatthours
2026-01-10T05,SCL,Seattle City Light,DF,Day-ahead demand forecast,1319,megawatthours
2026-01-10T05,SE,Southeast,DF,Day-ahead demand forecast,21524,megawatthours
2026-01-10T05,SEC,Seminole Electric Cooperative,DF,Day-ahead demand forecast,159,megawatthours
2026-01-10T05,SOCO,"Southern Company Services, Inc. - Trans",DF,Day-ahead demand forecast,21524,megawatthours
2026-01-10T05,SRP,Salt River Project Agricultural Improvement and Power District,DF,Day-ahead demand forecast,3787,megawatthours
2026-01-10T05,SW,Southwest,DF,Day-ahead demand forecast,12635,megawatthours
2026-01-10T05,SWPP,Southwest Power Pool,DF,Day-ahead demand forecast,37437,megawatthours
2026-01-10T05,TAL,City of Tallahassee,DF,Day-ahead demand forecast,235,megawatthours
2026-01-10T05,TEC,Tampa Electric Company,DF,Day-ahead demand forecast,1946,megawatthours
2026-01-10T05,TEN,Tennessee,DF,Day-ahead demand forecast,15514,megawatthours
2026-01-10T05,TEPC,Tucson Electric Power,DF,Day-ahead demand forecast,1754,megawatthours
2026-01-10T05,TEX,Texas,DF,Day-ahead demand forecast,48057,megawatthours
2026-01-10T05,TIDC,Turlock Irrigation District,DF,Day-ahead demand forecast,313,megawatthours
2026-01-10T05,TPWR,"City of Tacoma, Department of Public Utilities, Light Division",DF,Day-ahead demand forecast,663,megawatthours
2026-01-10T05,TVA,Tennessee Valley Authority,DF,Day-ahead demand forecast,15514,megawatthours
2026-01-10T05,US48,United States Lower 48,DF,Day-ahead demand forecast,433241,megawatthours
2026-01-10T05,WACM,Western Area Power Administration - Rocky Mountain Region,DF,Day-ahead demand forecast,3701,megawatthours
2026-01-10T05,WAUW,Western Area Power Administration - Upper Great Plains West,DF,Day-ahead demand forecast,116,megawatthours
2026-01-10T04,AECI,"Associated Electric Cooperative, Inc.",DF,Day-ahead demand forecast,2539,megawatthours
2026-01-10T04,AVA,Avista Corporation,DF,Day-ahead demand forecast,1766,megawatthours
2026-01-10T04,AZPS,Arizona Public Service Company,DF,Day-ahead demand forecast,4358,megawatthours
2026-01-10T04,BANC,Balancing Authority of Northern California,DF,Day-ahead demand forecast,2237,megawatthours
2026-01-10T04,BPAT,Bonneville Power Administration,DF,Day-ahead demand forecast,8492,megawatthours
2026-01-10T04,CAL,California,DF,Day-ahead demand forecast,32702,megawatthours
2026-01-10T04,CAR,Carolinas,DF,Day-ahead demand forecast,19499,megawatthours
2026-01-10T04,CENT,Central,DF,Day-ahead demand forecast,37882,megawatthours
2026-01-10T04,CHPD,Public Utility District No. 1 of Chelan County,DF,Day-ahead demand forecast,305,megawatthours
2026-01-10T04,CISO,California Independent System Operator,DF,Day-ahead demand forecast,26909,megawatthours
2026-01-10T04,CPLE,Duke Energy Progress East,DF,Day-ahead demand forecast,5577,megawatthours
2026-01-10T04,CPLW,Duke Energy Progress West,DF,Day-ahead demand forecast,588,megawatthours
2026-01-10T04,DOPD,PUD No. 1 of Douglas County,DF,Day-ahead demand forecast,355,megawatthours
2026-01-10T04,DUK,Duke Energy Carolinas,DF,Day-ahead demand forecast,10623,megawatthours
2026-01-10T04,EPE,El Paso Electric Company,DF,Day-ahead demand forecast,1019,megawatthours
2026-01-10T04,ERCO,"Electric Reliability Council of Texas, Inc.",DF,Day-ahead demand forecast,49464,megawatthours
2026-01-10T04,FLA,Florida,DF,Day-ahead demand forecast,23971,megawatthours
2026-01-10T04,FMPP,Florida Municipal Power Pool,DF,Day-ahead demand forecast,1800,megawatthours
2026-01-10T04,FPC,"Duke Energy Florida, Inc.",DF,Day-ahead demand forecast,4249,megawatthours
2026-01-10T04,FPL,Florida Power & Light Co.,DF,Day-ahead demand forecast,13682,megawatthours
2026-01-10T04,GCPD,"Public Utility District No. 2 of Grant County, Washington",DF,Day-ahead demand forecast,761,megawatthours
2026-01-10T04,GVL,Gainesville Regional Utilities,DF,Day-ahead demand forecast,185,megawatthours
2026-01-10T04,HST,City of Homestead,DF,Day-ahead demand forecast,62,megawatthours
2026-01-10T04,IID,Imperial Irrigation District,DF,Day-ahead demand forecast,342,megawatthours
2026-01-10T04,IPCO,Idaho Power Company,DF,Day-ahead demand forecast,2279,megawatthours
2026-01-10T04,ISNE,ISO New England,DF,Day-ahead demand forecast,12920,megawatthours
2026-01-10T04,JEA,JEA,DF,Day-ahead demand forecast,1356,megawatthours
2026-01-10T04,LDWP,Los Angeles Department of Water and Power,DF,Day-ahead demand forecast,2896,megawatthours
2026-01-10T04,MIDA,Mid-Atlantic,DF,Day-ahead demand forecast,82173,megawatthours
2026-01-10T04,MIDW,Midwest,DF,Day-ahead demand forecast,76034,megawatthours
2026-01-10T04,MISO,"Midcontinent Independent System Operator, Inc.",DF,Day-ahead demand forecast,73495,megawatthours
2026-01-10T04,NE,New England,DF,Day-ahead demand forecast,12920,megawatthours
2026-01-10T04,NEVP,Nevada Power Company,DF,Day-ahead demand forecast,4493,megawatthours
2026-01-10T04,NW,Northwest,DF,Day-ahead demand forecast,45629,megawatthours
2026-01-10T04,NWMT,NorthWestern Corporation,DF,Day-ahead demand forecast,1505,megawatthours
2026-01-10T04,NY,New York,DF,Day-ahead demand forecast,16426,megawatthours
2026-01-10T04,NYIS,New York Independent System Operator,DF,Day-ahead demand forecast,16426,megawatthours
2026-01-10T04,PACE,PacifiCorp East,DF,Day-ahead demand forecast,7018,megawatthours
2026-01-10T04,PACW,PacifiCorp West,DF,Day-ahead demand forecast,2967,megawatthours
2026-01-10T04,PGE,Portland General Electric Company,DF,Day-ahead demand forecast,3109,megawatthours
2026-01-10T04,PJM,"PJM Interconnection, LLC",DF,Day-ahead demand forecast,82173,megawatthours
2026-01-10T04,PNM,Public Service Company of New Mexico,DF,Day-ahead demand forecast,1875,megawatthours
2026-01-10T04,PSCO,Public Service Company of Colorado,DF,Day-ahead demand forecast,5317,megawatthours
2026-01-10T04,PSEI,"Puget Sound Energy, Inc.",DF,Day-ahead demand forecast,1342,megawatthours
2026-01-10T04,SC,South Carolina Public Service Authority,DF,Day-ahead demand forecast,2711,megawatthours
2026-01-10T04,SCL,Seattle City Light,DF,Day-ahead demand forecast,1356,megawatthours
2026-01-10T04,SE,Southeast,DF,Day-ahead demand forecast,22285,megawatthours
2026-01-10T04,SEC,Seminole Electric Cooperative,DF,Day-ahead demand forecast,175,megawatthours
2026-01-10T04,SOCO,"Southern Company Services, Inc. - Trans",DF,Day-ahead demand forecast,22285,megawatthours
2026-01-10T04,SRP,Salt River Project Agricultural Improvement and Power District,DF,Day-ahead demand forecast,3838,megawatthours
2026-01-10T04,SW,Southwest,DF,Day-ahead demand forecast,12870,megawatthours
2026-01-10T04,SWPP,Southwest Power Pool,DF,Day-ahead demand forecast,37882,megawatthours
2026-01-10T04,TAL,City of Tallahassee,DF,Day-ahead demand forecast,255,megawatthours
2026-01-10T04,TEC,Tampa Electric Company,DF,Day-ahead demand forecast,2207,megawatthours
2026-01-10T04,TEN,Tennessee,DF,Day-ahead demand forecast,16116,megawatthours
2026-01-10T04,TEPC,Tucson Electric Power,DF,Day-ahead demand forecast,1780,megawatthours
2026-01-10T04,TEX,Texas,DF,Day-ahead demand forecast,49464,megawatthours
2026-01-10T04,TIDC,Turlock Irrigation District,DF,Day-ahead demand forecast,318,megawatthours
2026-01-10T04,TPWR,"City of Tacoma, Department of Public Utilities, Light Division",DF,Day-ahead demand forecast,678,megawatthours
2026-01-10T04,TVA,Tennessee Valley Authority,DF,Day-ahead demand forecast,16116,megawatthours
2026-01-10T04,US48,United States Lower 48,DF,Day-ahead demand forecast,447971,megawatthours
2026-01-10T04,WACM,Western Area Power Administration - Rocky Mountain Region,DF,Day-ahead demand forecast,3762,megawatthours
2026-01-10T04,WAUW,Western Area Power Administration - Upper Great Plains West,DF,Day-ahead demand forecast,124,megawatthours
2026-01-10T03,AECI,"Associated Electric Cooperative, Inc.",DF,Day-ahead demand forecast,2572,megawatthours
2026-01-10T03,AVA,Avista Corporation,DF,Day-ahead demand forecast,1803,megawatthours
2026-01-10T03,AZPS,Arizona Public Service Company,DF,Day-ahead demand forecast,4350,megawatthours
2026-01-10T03,BANC,Balancing Authority of Northern California,DF,Day-ahead demand forecast,2272,megawatthours
2026-01-10T03,BPAT,Bonneville Power Administration,DF,Day-ahead demand forecast,8591,megawatthours
2026-01-10T03,CAL,California,DF,Day-ahead demand forecast,32967,megawatthours
2026-01-10T03,CAR,Carolinas,DF,Day-ahead demand forecast,20420,megawatthours
2026-01-10T03,CENT,Central,DF,Day-ahead demand forecast,37955,megawatthours
2026-01-10T03,CHPD,Public Utility District No. 1 of Chelan County,DF,Day-ahead demand forecast,303,megawatthours
2026-01-10T03,CISO,California Independent System Operator,DF,Day-ahead demand forecast,27111,megawatthours
2026-01-10T03,CPLE,Duke Energy Progress East,DF,Day-ahead demand forecast,5891,megawatthours
2026-01-10T03,CPLW,Duke Energy Progress West,DF,Day-ahead demand forecast,607,megawatthours
2026-01-10T03,DOPD,PUD No. 1 of Douglas County,DF,Day-ahead demand forecast,360,megawatthours
2026-01-10T03,DUK,Duke Energy Carolinas,DF,Day-ahead demand forecast,11098,megawatthours
2026-01-10T03,EPE,El Paso Electric Company,DF,Day-ahead demand forecast,1040,megawatthours
2026-01-10T03,ERCO,"Electric Reliability Council of Texas, Inc.",DF,Day-ahead demand forecast,50987,megawatthours
2026-01-10T03,FLA,Florida,DF,Day-ahead demand forecast,25783,megawatthours
2026-01-10T03,FMPP,Florida Municipal Power Pool,DF,Day-ahead demand forecast,1950,megawatthours
2026-01-10T03,FPC,"Duke Energy Florida, Inc.",DF,Day-ahead demand forecast,4574,megawatthours
2026-01-10T03,FPL,Florida Power & Light Co.,DF,Day-ahead demand forecast,14716,megawatthours
2026-01-10T03,GCPD,"Public Utility District No. 2 of Grant County, Washington",DF,Day-ahead demand forecast,753,megawatthours
2026-01-10T03,GVL,Gainesville Regional Utilities,DF,Day-ahead demand forecast,201,megawatthours
2026-01-10T03,HST,City of Homestead,DF,Day-ahead demand forecast,71,megawatthours
2026-01-10T03,IID,Imperial Irrigation District,DF,Day-ahead demand forecast,352,megawatthours
2026-01-10T03,IPCO,Idaho Power Company,DF,Day-ahead demand forecast,2330,megawatthours
2026-01-10T03,ISNE,ISO New England,DF,Day-ahead demand forecast,13810,megawatthours
2026-01-10T03,JEA,JEA,DF,Day-ahead demand forecast,1435,megawatthours
2026-01-10T03,LDWP,Los Angeles Department of Water and Power,DF,Day-ahead demand forecast,2910,megawatthours
2026-01-10T03,MIDA,Mid-Atlantic,DF,Day-ahead demand forecast,86134,megawatthours
2026-01-10T03,MIDW,Midwest,DF,Day-ahead demand forecast,78438,megawatthours
2026-01-10T03,MISO,"Midcontinent Independent System Operator, Inc.",DF,Day-ahead demand forecast,75866,megawatthours
2026-01-10T03,NE,New England,DF,Day-ahead demand forecast,13810,megawatthours
2026-01-10T03,NEVP,Nevada Power Company,DF,Day-ahead demand forecast,4522,megawatthours
2026-01-10T03,NW,Northwest,DF,Day-ahead demand forecast,46257,megawatthours
2026-01-10T03,NWMT,NorthWestern Corporation,DF,Day-ahead demand forecast,1532,megawatthours
2026-01-10T03,NY,New York,DF,Day-ahead demand forecast,17207,megawatthours
2026-01-10T03,NYIS,New York Independent System Operator,DF,Day-ahead demand forecast,17207,megawatthours
2026-01-10T03,PACE,PacifiCorp East,DF,Day-ahead demand forecast,7115,megawatthours
2026-01-10T03,PACW,PacifiCorp West,DF,Day-ahead demand forecast,3014,megawatthours
2026-01-10T03,PGE,Portland General Electric Company,DF,Day-ahead demand forecast,3178,megawatthours
2026-01-10T03,PJM,"PJM Interconnection, LLC",DF,Day-ahead demand forecast,86134,megawatthours
2026-01-10T03,PNM,Public Service Company of New Mexico,DF,Day-ahead demand forecast,1880,megawatthours
2026-01-10T03,PSCO,Public Service Company of Colorado,DF,Day-ahead demand forecast,5424,megawatthours
2026-01-10T03,PSEI,"Puget Sound Energy, Inc.",DF,Day-ahead demand forecast,1328,megawatthours
2026-01-10T03,SC,South Carolina Public Service Authority,DF,Day-ahead demand forecast,2824,megawatthours
2026-01-10T03,SCL,Seattle City Light,DF,Day-ahead demand forecast,1396,megawatthours
2026-01-10T03,SE,Southeast,DF,Day-ahead demand forecast,23186,megawatthours
2026-01-10T03,SEC,Seminole Electric Cooperative,DF,Day-ahead demand forecast,192,megawatthours
2026-01-10T03,SOCO,"Southern Company Services, Inc. - Trans",DF,Day-ahead demand forecast,23186,megawatthours
2026-01-10T03,SRP,Salt River Project Agricultural Improvement and Power District,DF,Day-ahead demand forecast,3868,megawatthours
2026-01-10T03,SW,Southwest,DF,Day-ahead demand forecast,12936,megawatthours
2026-01-10T03,SWPP,Southwest Power Pool,DF,Day-ahead demand forecast,37955,megawatthours
2026-01-10T03,TAL,City of Tallahassee,DF,Day-ahead demand forecast,272,megawatthours
2026-01-10T03,TEC,Tampa Electric Company,DF,Day-ahead demand forecast,2372,megawatthours
2026-01-10T03,TEN,Tennessee,DF,Day-ahead demand forecast,16728,megawatthours
2026-01-10T03,TEPC,Tucson Electric Power,DF,Day-ahead demand forecast,1798,megawatthours
2026-01-10T03,TEX,Texas,DF,Day-ahead demand forecast,50987,megawatthours
2026-01-10T03,TIDC,Turlock Irrigation District,DF,Day-ahead demand forecast,322,megawatthours
2026-01-10T03,TPWR,"City of Tacoma, Department of Public Utilities, Light Division",DF,Day-ahead demand forecast,695,megawatthours
2026-01-10T03,TVA,Tennessee Valley Authority,DF,Day-ahead demand forecast,16728,megawatthours
2026-01-10T03,US48,United States Lower 48,DF,Day-ahead demand forecast,462808,megawatthours
2026-01-10T03,WACM,Western Area Power Administration - Rocky Mountain Region,DF,Day-ahead demand forecast,3788,megawatthours
2026-01-10T03,WAUW,Western Area Power Administration - Upper Great Plains West,DF,Day-ahead demand forecast,125,megawatthours
2026-01-10T02,AECI,"Associated Electric Cooperative, Inc.",DF,Day-ahead demand forecast,2577,megawatthours
2026-01-10T02,AVA,Avista Corporation,DF,Day-ahead demand forecast,1829,megawatthours
2026-01-10T02,AZPS,Arizona Public Service Company,DF,Day-ahead demand forecast,4323,megawatthours
2026-01-10T02,BANC,Balancing Authority of Northern California,DF,Day-ahead demand forecast,2263,megawatthours
2026-01-10T02,BPAT,Bonneville Power Administration,DF,Day-ahead demand forecast,8612,megawatthours
2026-01-10T02,CAL,California,DF,Day-ahead demand forecast,32624,megawatthours
2026-01-10T02,CAR,Carolinas,DF,Day-ahead demand forecast,21130,megawatthours
2026-01-10T02,CENT,Central,DF,Day-ahead demand forecast,37914,megawatthours
2026-01-10T02,CHPD,Public Utility District No. 1 of Chelan County,DF,Day-ahead demand forecast,299,megawatthours
2026-01-10T02,CISO,California Independent System Operator,DF,Day-ahead demand forecast,26803,megawatthours
2026-01-10T02,CPLE,Duke Energy Progress East,DF,Day-ahead demand forecast,6144,megawatthours
2026-01-10T02,CPLW,Duke Energy Progress West,DF,Day-ahead demand forecast,627,megawatthours
2026-01-10T02,DOPD,PUD No. 1 of Douglas County,DF,Day-ahead demand forecast,360,megawatthours
2026-01-10T02,DUK,Duke Energy Carolinas,DF,Day-ahead demand forecast,11458,megawatthours
2026-01-10T02,EPE,El Paso Electric Company,DF,Day-ahead demand forecast,1052,megawatthours
2026-01-10T02,ERCO,"Electric Reliability Council of Texas, Inc.",DF,Day-ahead demand forecast,52172,megawatthours
2026-01-10T02,FLA,Florida,DF,Day-ahead demand forecast,27251,megawatthours
2026-01-10T02,FMPP,Florida Municipal Power Pool,DF,Day-ahead demand forecast,2095,megawatthours
2026-01-10T02,FPC,"Duke Energy Florida, Inc.",DF,Day-ahead demand forecast,4862,megawatthours
2026-01-10T02,FPL,Florida Power & Light Co.,DF,Day-ahead demand forecast,15517,megawatthours
2026-01-10T02,GCPD,"Public Utility District No. 2 of Grant County, Washington",DF,Day-ahead demand forecast,754,megawatthours
2026-01-10T02,GVL,Gainesville Regional Utilities,DF,Day-ahead demand forecast,214,megawatthours
2026-01-10T02,HST,City of Homestead,DF,Day-ahead demand forecast,77,megawatthours
2026-01-10T02,IID,Imperial Irrigation District,DF,Day-ahead demand forecast,355,megawatthours
2026-01-10T02,IPCO,Idaho Power Company,DF,Day-ahead demand forecast,2332,megawatthours
2026-01-10T02,ISNE,ISO New England,DF,Day-ahead demand forecast,14640,megawatthours
2026-01-10T02,JEA,JEA,DF,Day-ahead demand forecast,1506,megawatthours
2026-01-10T02,LDWP,Los Angeles Department of Water and Power,DF,Day-ahead demand forecast,2887,megawatthours
2026-01-10T02,MIDA,Mid-Atlantic,DF,Day-ahead demand forecast,89498,megawatthours
2026-01-10T02,MIDW,Midwest,DF,Day-ahead demand forecast,80120,megawatthours
2026-01-10T02,MISO,"Midcontinent Independent System Operator, Inc.",DF,Day-ahead demand forecast,77543,megawatthours
2026-01-10T02,NE,New England,DF,Day-ahead demand forecast,14640,megawatthours
2026-01-10T02,NEVP,Nevada Power Company,DF,Day-ahead demand forecast,4465,megawatthours
2026-01-10T02,NW,Northwest,DF,Day-ahead demand forecast,46499,megawatthours
2026-01-10T02,NWMT,NorthWestern Corporation,DF,Day-ahead demand forecast,1553,megawatthours
2026-01-10T02,NY,New York,DF,Day-ahead demand forecast,17864,megawatthours
2026-01-10T02,NYIS,New York Independent System Operator,DF,Day-ahead demand forecast,17864,megawatthours
2026-01-10T02,PACE,PacifiCorp East,DF,Day-ahead demand forecast,7173,megawatthours
2026-01-10T02,PACW,PacifiCorp West,DF,Day-ahead demand forecast,2980,megawatthours
2026-01-10T02,PGE,Portland General Electric Company,DF,Day-ahead demand forecast,3198,megawatthours
2026-01-10T02,PJM,"PJM Interconnection, LLC",DF,Day-ahead demand forecast,89498,megawatthours
2026-01-10T02,PNM,Public Service Company of New Mexico,DF,Day-ahead demand forecast,1874,megawatthours
2026-01-10T02,PSCO,Public Service Company of Colorado,DF,Day-ahead demand forecast,5539,megawatthours
2026-01-10T02,PSEI,"Puget Sound Energy, Inc.",DF,Day-ahead demand forecast,1343,megawatthours
2026-01-10T02,SC,South Carolina Public Service Authority,DF,Day-ahead demand forecast,2901,megawatthours
2026-01-10T02,SCL,Seattle City Light,DF,Day-ahead demand forecast,1417,megawatthours
2026-01-10T02,SE,Southeast,DF,Day-ahead demand forecast,23882,megawatthours
2026-01-10T02,SEC,Seminole Electric Cooperative,DF,Day-ahead demand forecast,204,megawatthours
2026-01-10T02,SOCO,"Southern Company Services, Inc. - Trans",DF,Day-ahead demand forecast,23882,megawatthours
2026-01-10T02,SRP,Salt River Project Agricultural Improvement and Power District,DF,Day-ahead demand forecast,3882,megawatthours
2026-01-10T02,SW,Southwest,DF,Day-ahead demand forecast,12943,megawatthours
2026-01-10T02,SWPP,Southwest Power Pool,DF,Day-ahead demand forecast,37914,megawatthours
2026-01-10T02,TAL,City of Tallahassee,DF,Day-ahead demand forecast,292,megawatthours
2026-01-10T02,TEC,Tampa Electric Company,DF,Day-ahead demand forecast,2484,megawatthours
2026-01-10T02,TEN,Tennessee,DF,Day-ahead demand forecast,17135,megawatthours
2026-01-10T02,TEPC,Tucson Electric Power,DF,Day-ahead demand forecast,1812,megawatthours
2026-01-10T02,TEX,Texas,DF,Day-ahead demand forecast,52172,megawatthours
2026-01-10T02,TIDC,Turlock Irrigation District,DF,Day-ahead demand forecast,316,megawatthours
2026-01-10T02,TPWR,"City of Tacoma, Department of Public Utilities, Light Division",DF,Day-ahead demand forecast,695,megawatthours
2026-01-10T02,TVA,Tennessee Valley Authority,DF,Day-ahead demand forecast,17135,megawatthours
2026-01-10T02,US48,United States Lower 48,DF,Day-ahead demand forecast,473672,megawatthours
2026-01-10T02,WACM,Western Area Power Administration - Rocky Mountain Region,DF,Day-ahead demand forecast,3824,megawatthours
2026-01-10T02,WAUW,Western Area Power Administration - Upper Great Plains West,DF,Day-ahead demand forecast,126,megawatthours
2026-01-10T01,AECI,"Associated Electric Cooperative, Inc.",DF,Day-ahead demand forecast,2560,megawatthours
2026-01-10T01,AVA,Avista Corporation,DF,Day-ahead demand forecast,1796,megawatthours
2026-01-10T01,AZPS,Arizona Public Service Company,DF,Day-ahead demand forecast,4266,megawatthours
2026-01-10T01,BANC,Balancing Authority of Northern California,DF,Day-ahead demand forecast,2132,megawatthours
2026-01-10T01,BPAT,Bonneville Power Administration,DF,Day-ahead demand forecast,8343,megawatthours
2026-01-10T01,CAL,California,DF,Day-ahead demand forecast,29749,megawatthours
2026-01-10T01,CAR,Carolinas,DF,Day-ahead demand forecast,21791,megawatthours
2026-01-10T01,CENT,Central,DF,Day-ahead demand forecast,38010,megawatthours
2026-01-10T01,CHPD,Public Utility District No. 1 of Chelan County,DF,Day-ahead demand forecast,300,megawatthours
2026-01-10T01,CISO,California Independent System Operator,DF,Day-ahead demand forecast,24288,megawatthours
2026-01-10T01,CPLE,Duke Energy Progress East,DF,Day-ahead demand forecast,6374,megawatthours
2026-01-10T01,CPLW,Duke Energy Progress West,DF,Day-ahead demand forecast,636,megawatthours
2026-01-10T01,DOPD,PUD No. 1 of Douglas County,DF,Day-ahead demand forecast,355,megawatthours
2026-01-10T01,DUK,Duke Energy Carolinas,DF,Day-ahead demand forecast,11821,megawatthours
2026-01-10T01,EPE,El Paso Electric Company,DF,Day-ahead demand forecast,996,megawatthours
2026-01-10T01,ERCO,"Electric Reliability Council of Texas, Inc.",DF,Day-ahead demand forecast,53092,megawatthours
2026-01-10T01,FLA,Florida,DF,Day-ahead demand forecast,28680,megawatthours
2026-01-10T01,FMPP,Florida Municipal Power Pool,DF,Day-ahead demand forecast,2195,megawatthours
2026-01-10T01,FPC,"Duke Energy Florida, Inc.",DF,Day-ahead demand forecast,5123,megawatthours
2026-01-10T01,FPL,Florida Power & Light Co.,DF,Day-ahead demand forecast,16350,megawatthours
2026-01-10T01,GCPD,"Public Utility District No. 2 of Grant County, Washington",DF,Day-ahead demand forecast,738,megawatthours
2026-01-10T01,GVL,Gainesville Regional Utilities,DF,Day-ahead demand forecast,223,megawatthours
2026-01-10T01,HST,City of Homestead,DF,Day-ahead demand forecast,80,megawatthours
2026-01-10T01,IID,Imperial Irrigation District,DF,Day-ahead demand forecast,332,megawatthours
2026-01-10T01,IPCO,Idaho Power Company,DF,Day-ahead demand forecast,2292,megawatthours
2026-01-10T01,ISNE,ISO New England,DF,Day-ahead demand forecast,15270,megawatthours
2026-01-10T01,JEA,JEA,DF,Day-ahead demand forecast,1565,megawatthours
2026-01-10T01,LDWP,Los Angeles Department of Water and Power,DF,Day-ahead demand forecast,2700,megawatthours
2026-01-10T01,MIDA,Mid-Atlantic,DF,Day-ahead demand forecast,92200,megawatthours
2026-01-10T01,MIDW,Midwest,DF,Day-ahead demand forecast,81342,megawatthours
2026-01-10T01,MISO,"Midcontinent Independent System Operator, Inc.",DF,Day-ahead demand forecast,78782,megawatthours
2026-01-10T01,NE,New England,DF,Day-ahead demand forecast,15270,megawatthours
2026-01-10T01,NEVP,Nevada Power Company,DF,Day-ahead demand forecast,4177,megawatthours
2026-01-10T01,NW,Northwest,DF,Day-ahead demand forecast,45518,megawatthours
2026-01-10T01,NWMT,NorthWestern Corporation,DF,Day-ahead demand forecast,1552,megawatthours
2026-01-10T01,NY,New York,DF,Day-ahead demand forecast,18410,megawatthours
2026-01-10T01,NYIS,New York Independent System Operator,DF,Day-ahead demand forecast,18410,megawatthours
2026-01-10T01,PACE,PacifiCorp East,DF,Day-ahead demand forecast,7097,megawatthours
2026-01-10T01,PACW,PacifiCorp West,DF,Day-ahead demand forecast,2874,megawatthours
2026-01-10T01,PGE,Portland General Electric Company,DF,Day-ahead demand forecast,3064,megawatthours
2026-01-10T01,PJM,"PJM Interconnection, LLC",DF,Day-ahead demand forecast,92200,megawatthours
2026-01-10T01,PNM,Public Service Company of New Mexico,DF,Day-ahead demand forecast,1827,megawatthours
2026-01-10T01,PSCO,Public Service Company of Colorado,DF,Day-ahead demand forecast,5553,megawatthours
2026-01-10T01,PSEI,"Puget Sound Energy, Inc.",DF,Day-ahead demand forecast,1378,megawatthours
2026-01-10T01,SC,South Carolina Public Service Authority,DF,Day-ahead demand forecast,2960,megawatthours
2026-01-10T01,SCL,Seattle City Light,DF,Day-ahead demand forecast,1367,megawatthours
2026-01-10T01,SE,Southeast,DF,Day-ahead demand forecast,24776,megawatthours
2026-01-10T01,SEC,Seminole Electric Cooperative,DF,Day-ahead demand forecast,219,megawatthours
2026-01-10T01,SOCO,"Southern Company Services, Inc. - Trans",DF,Day-ahead demand forecast,24776,megawatthours
2026-01-10T01,SRP,Salt River Project Agricultural Improvement and Power District,DF,Day-ahead demand forecast,3676,megawatthours
2026-01-10T01,SW,Southwest,DF,Day-ahead demand forecast,12493,megawatthours
2026-01-10T01,SWPP,Southwest Power Pool,DF,Day-ahead demand forecast,38010,megawatthours
2026-01-10T01,TAL,City of Tallahassee,DF,Day-ahead demand forecast,308,megawatthours
2026-01-10T01,TEC,Tampa Electric Company,DF,Day-ahead demand forecast,2617,megawatthours
2026-01-10T01,TEN,Tennessee,DF,Day-ahead demand forecast,17463,megawatthours
2026-01-10T01,TEPC,Tucson Electric Power,DF,Day-ahead demand forecast,1728,megawatthours
2026-01-10T01,TEX,Texas,DF,Day-ahead demand forecast,53092,megawatthours
2026-01-10T01,TIDC,Turlock Irrigation District,DF,Day-ahead demand forecast,297,megawatthours
2026-01-10T01,TPWR,"City of Tacoma, Department of Public Utilities, Light Division",DF,Day-ahead demand forecast,674,megawatthours
2026-01-10T01,TVA,Tennessee Valley Authority,DF,Day-ahead demand forecast,17463,megawatthours
2026-01-10T01,US48,United States Lower 48,DF,Day-ahead demand forecast,478794,megawatthours
2026-01-10T01,WACM,Western Area Power Administration - Rocky Mountain Region,DF,Day-ahead demand forecast,3838,megawatthours
2026-01-10T01,WAUW,Western Area Power Administration - Upper Great Plains West,DF,Day-ahead demand forecast,120,megawatthours
2026-01-10T00,AECI,"Associated Electric Cooperative, Inc.",DF,Day-ahead demand forecast,2472,megawatthours
2026-01-10T00,AVA,Avista Corporation,DF,Day-ahead demand forecast,1725,megawatthours
2026-01-10T00,AZPS,Arizona Public Service Company,DF,Day-ahead demand forecast,4051,megawatthours
2026-01-10T00,BANC,Balancing Authority of Northern California,DF,Day-ahead demand forecast,2004,megawatthours
2026-01-10T00,BPAT,Bonneville Power Administration,DF,Day-ahead demand forecast,8080,megawatthours
2026-01-10T00,CAL,California,DF,Day-ahead demand forecast,27040,megawatthours
2026-01-10T00,CAR,Carolinas,DF,Day-ahead demand forecast,22106,megawatthours
2026-01-10T00,CENT,Central,DF,Day-ahead demand forecast,37374,megawatthours
2026-01-10T00,CHPD,Public Utility District No. 1 of Chelan County,DF,Day-ahead demand forecast,289,megawatthours
2026-01-10T00,CISO,California Independent System Operator,DF,Day-ahead demand forecast,21849,megawatthours
2026-01-10T00,CPLE,Duke Energy Progress East,DF,Day-ahead demand forecast,6499,megawatthours
2026-01-10T00,CPLW,Duke Energy Progress West,DF,Day-ahead demand forecast,636,megawatthours
2026-01-10T00,DOPD,PUD No. 1 of Douglas County,DF,Day-ahead demand forecast,359,megawatthours
2026-01-10T00,DUK,Duke Energy Carolinas,DF,Day-ahead demand forecast,12021,megawatthours
2026-01-10T00,EPE,El Paso Electric Company,DF,Day-ahead demand forecast,922,megawatthours
2026-01-10T00,ERCO,"Electric Reliability Council of Texas, Inc.",DF,Day-ahead demand forecast,52450,megawatthours
2026-01-10T00,FLA,Florida,DF,Day-ahead demand forecast,30102,megawatthours
2026-01-10T00,FMPP,Florida Municipal Power Pool,DF,Day-ahead demand forecast,2300,megawatthours
2026-01-10T00,FPC,"Duke Energy Florida, Inc.",DF,Day-ahead demand forecast,5349,megawatthours
2026-01-10T00,FPL,Florida Power & Light Co.,DF,Day-ahead demand forecast,17234,megawatthours
2026-01-10T00,GCPD,"Public Utility District No. 2 of Grant County, Washington",DF,Day-ahead demand forecast,727,megawatthours
2026-01-10T00,GVL,Gainesville Regional Utilities,DF,Day-ahead demand forecast,221,megawatthours
2026-01-10T00,HST,City of Homestead,DF,Day-ahead demand forecast,80,megawatthours
2026-01-10T00,IID,Imperial Irrigation District,DF,Day-ahead demand forecast,314,megawatthours
2026-01-10T00,IPCO,Idaho Power Company,DF,Day-ahead demand forecast,2235,megawatthours
2026-01-10T00,ISNE,ISO New England,DF,Day-ahead demand forecast,15870,megawatthours
2026-01-10T00,JEA,JEA,DF,Day-ahead demand forecast,1598,megawatthours
2026-01-10T00,LDWP,Los Angeles Department of Water and Power,DF,Day-ahead demand forecast,2589,megawatthours
2026-01-10T00,MIDA,Mid-Atlantic,DF,Day-ahead demand forecast,94381,megawatthours
2026-01-10T00,MIDW,Midwest,DF,Day-ahead demand forecast,81990,megawatthours
2026-01-10T00,MISO,"Midcontinent Independent System Operator, Inc.",DF,Day-ahead demand forecast,79518,megawatthours
2026-01-10T00,NE,New England,DF,Day-ahead demand forecast,15870,megawatthours
2026-01-10T00,NEVP,Nevada Power Company,DF,Day-ahead demand forecast,3915,megawatthours
2026-01-10T00,NW,Northwest,DF,Day-ahead demand forecast,43719,megawatthours
2026-01-10T00,NWMT,NorthWestern Corporation,DF,Day-ahead demand forecast,1492,megawatthours
2026-01-10T00,NY,New York,DF,Day-ahead demand forecast,18857,megawatthours
2026-01-10T00,NYIS,New York Independent System Operator,DF,Day-ahead demand forecast,18857,megawatthours
2026-01-10T00,PACE,PacifiCorp East,DF,Day-ahead demand forecast,6791,megawatthours
2026-01-10T00,PACW,PacifiCorp West,DF,Day-ahead demand forecast,2773,megawatthours
2026-01-10T00,PGE,Portland General Electric Company,DF,Day-ahead demand forecast,2952,megawatthours
2026-01-10T00,PJM,"PJM Interconnection, LLC",DF,Day-ahead demand forecast,94381,megawatthours
2026-01-10T00,PNM,Public Service Company of New Mexico,DF,Day-ahead demand forecast,1688,megawatthours
2026-01-10T00,PSCO,Public Service Company of Colorado,DF,Day-ahead demand forecast,5302,megawatthours
2026-01-10T00,PSEI,"Puget Sound Energy, Inc.",DF,Day-ahead demand forecast,1312,megawatthours
2026-01-10T00,SC,South Carolina Public Service Authority,DF,Day-ahead demand forecast,2950,megawatthours
2026-01-10T00,SCL,Seattle City Light,DF,Day-ahead demand forecast,1325,megawatthours
2026-01-10T00,SE,Southeast,DF,Day-ahead demand forecast,25471,megawatthours
2026-01-10T00,SEC,Seminole Electric Cooperative,DF,Day-ahead demand forecast,233,megawatthours
2026-01-10T00,SOCO,"Southern Company Services, Inc. - Trans",DF,Day-ahead demand forecast,25471,megawatthours
2026-01-10T00,SRP,Salt River Project Agricultural Improvement and Power District,DF,Day-ahead demand forecast,3459,megawatthours
2026-01-10T00,SW,Southwest,DF,Day-ahead demand forecast,11693,megawatthours
2026-01-10T00,SWPP,Southwest Power Pool,DF,Day-ahead demand forecast,37374,megawatthours
2026-01-10T00,TAL,City of Tallahassee,DF,Day-ahead demand forecast,312,megawatthours
2026-01-10T00,TEC,Tampa Electric Company,DF,Day-ahead demand forecast,2775,megawatthours
2026-01-10T00,TEN,Tennessee,DF,Day-ahead demand forecast,17787,megawatthours
2026-01-10T00,TEPC,Tucson Electric Power,DF,Day-ahead demand forecast,1573,megawatthours
2026-01-10T00,TEX,Texas,DF,Day-ahead demand forecast,52450,megawatthours
2026-01-10T00,TIDC,Turlock Irrigation District,DF,Day-ahead demand forecast,284,megawatthours
2026-01-10T00,TPWR,"City of Tacoma, Department of Public Utilities, Light Division",DF,Day-ahead demand forecast,646,megawatthours
2026-01-10T00,TVA,Tennessee Valley Authority,DF,Day-ahead demand forecast,17787,megawatthours
2026-01-10T00,US48,United States Lower 48,DF,Day-ahead demand forecast,478840,megawatthours
2026-01-10T00,WACM,Western Area Power Administration - Rocky Mountain Region,DF,Day-ahead demand forecast,3681,megawatthours
2026-01-10T00,WAUW,Western Area Power Administration - Upper Great Plains West,DF,Day-ahead demand forecast,115,megawatthours
2026-01-09T23,AECI,"Associated Electric Cooperative, Inc.",DF,Day-ahead demand forecast,2255,megawatthours
2026-01-09T23,AVA,Avista Corporation,DF,Day-ahead demand forecast,1722,megawatthours
2026-01-09T23,AZPS,Arizona Public Service Company,DF,Day-ahead demand forecast,3576,megawatthours
2026-01-09T23,BANC,Balancing Authority of Northern California,DF,Day-ahead demand forecast,1955,megawatthours
2026-01-09T23,BPAT,Bonneville Power Administration,DF,Day-ahead demand forecast,8031,megawatthours
2026-01-09T23,CAL,California,DF,Day-ahead demand forecast,25188,megawatthours
2026-01-09T23,CAR,Carolinas,DF,Day-ahead demand forecast,21720,megawatthours
2026-01-09T23,CENT,Central,DF,Day-ahead demand forecast,36483,megawatthours
2026-01-09T23,CHPD,Public Utility District No. 1 of Chelan County,DF,Day-ahead demand forecast,282,megawatthours
2026-01-09T23,CISO,California Independent System Operator,DF,Day-ahead demand forecast,20140,megawatthours
2026-01-09T23,CPLE,Duke Energy Progress East,DF,Day-ahead demand forecast,6390,megawatthours
2026-01-09T23,CPLW,Duke Energy Progress West,DF,Day-ahead demand forecast,620,megawatthours
2026-01-09T23,DOPD,PUD No. 1 of Douglas County,DF,Day-ahead demand forecast,353,megawatthours
2026-01-09T23,DUK,Duke Energy Carolinas,DF,Day-ahead demand forecast,11853,megawatthours
2026-01-09T23,EPE,El Paso Electric Company,DF,Day-ahead demand forecast,880,megawatthours
2026-01-09T23,ERCO,"Electric Reliability Council of Texas, Inc.",DF,Day-ahead demand forecast,52123,megawatthours
2026-01-09T23,FLA,Florida,DF,Day-ahead demand forecast,30739,megawatthours
2026-01-09T23,FMPP,Florida Municipal Power Pool,DF,Day-ahead demand forecast,2375,megawatthours
2026-01-09T23,FPC,"Duke Energy Florida, Inc.",DF,Day-ahead demand forecast,5427,megawatthours
2026-01-09T23,FPL,Florida Power & Light Co.,DF,Day-ahead demand forecast,17583,megawatthours
2026-01-09T23,GCPD,"Public Utility District No. 2 of Grant County, Washington",DF,Day-ahead demand forecast,723,megawatthours
2026-01-09T23,GVL,Gainesville Regional Utilities,DF,Day-ahead demand forecast,216,megawatthours
2026-01-09T23,HST,City of Homestead,DF,Day-ahead demand forecast,76,megawatthours
2026-01-09T23,IID,Imperial Irrigation District,DF,Day-ahead demand forecast,302,megawatthours
2026-01-09T23,IPCO,Idaho Power Company,DF,Day-ahead demand forecast,2125,megawatthours
2026-01-09T23,ISNE,ISO New England,DF,Day-ahead demand forecast,16220,megawatthours
2026-01-09T23,JEA,JEA,DF,Day-ahead demand forecast,1629,megawatthours
2026-01-09T23,LDWP,Los Angeles Department of Water and Power,DF,Day-ahead demand forecast,2514,megawatthours
2026-01-09T23,MIDA,Mid-Atlantic,DF,Day-ahead demand forecast,96193,megawatthours
2026-01-09T23,MIDW,Midwest,DF,Day-ahead demand forecast,80646,megawatthours
2026-01-09T23,MISO,"Midcontinent Independent System Operator, Inc.",DF,Day-ahead demand forecast,78391,megawatthours
2026-01-09T23,NE,New England,DF,Day-ahead demand forecast,16220,megawatthours
2026-01-09T23,NEVP,Nevada Power Company,DF,Day-ahead demand forecast,3743,megawatthours
2026-01-09T23,NW,Northwest,DF,Day-ahead demand forecast,42766,megawatthours
2026-01-09T23,NWMT,NorthWestern Corporation,DF,Day-ahead demand forecast,1445,megawatthours
2026-01-09T23,NY,New York,DF,Day-ahead demand forecast,19139,megawatthours
2026-01-09T23,NYIS,New York Independent System Operator,DF,Day-ahead demand forecast,19139,megawatthours
2026-01-09T23,PACE,PacifiCorp East,DF,Day-ahead demand forecast,6660,megawatthours
2026-01-09T23,PACW,PacifiCorp West,DF,Day-ahead demand forecast,2758,megawatthours
2026-01-09T23,PGE,Portland General Electric Company,DF,Day-ahead demand forecast,2927,megawatthours
2026-01-09T23,PJM,"PJM Interconnection, LLC",DF,Day-ahead demand forecast,96193,megawatthours
2026-01-09T23,PNM,Public Service Company of New Mexico,DF,Day-ahead demand forecast,1596,megawatthours
2026-01-09T23,PSCO,Public Service Company of Colorado,DF,Day-ahead demand forecast,5081,megawatthours
2026-01-09T23,PSEI,"Puget Sound Energy, Inc.",DF,Day-ahead demand forecast,1272,megawatthours
2026-01-09T23,SC,South Carolina Public Service Authority,DF,Day-ahead demand forecast,2857,megawatthours
2026-01-09T23,SCL,Seattle City Light,DF,Day-ahead demand forecast,1313,megawatthours
2026-01-09T23,SE,Southeast,DF,Day-ahead demand forecast,25124,megawatthours
2026-01-09T23,SEC,Seminole Electric Cooperative,DF,Day-ahead demand forecast,237,megawatthours
2026-01-09T23,SOCO,"Southern Company Services, Inc. - Trans",DF,Day-ahead demand forecast,25124,megawatthours
2026-01-09T23,SRP,Salt River Project Agricultural Improvement and Power District,DF,Day-ahead demand forecast,3376,megawatthours
2026-01-09T23,SW,Southwest,DF,Day-ahead demand forecast,10820,megawatthours
2026-01-09T23,SWPP,Southwest Power Pool,DF,Day-ahead demand forecast,36483,megawatthours
2026-01-09T23,TAL,City of Tallahassee,DF,Day-ahead demand forecast,305,megawatthours
2026-01-09T23,TEC,Tampa Electric Company,DF,Day-ahead demand forecast,2891,megawatthours
2026-01-09T23,TEN,Tennessee,DF,Day-ahead demand forecast,17176,megawatthours
2026-01-09T23,TEPC,Tucson Electric Power,DF,Day-ahead demand forecast,1392,megawatthours
2026-01-09T23,TEX,Texas,DF,Day-ahead demand forecast,52123,megawatthours
2026-01-09T23,TIDC,Turlock Irrigation District,DF,Day-ahead demand forecast,277,megawatthours
2026-01-09T23,TPWR,"City of Tacoma, Department of Public Utilities, Light Division",DF,Day-ahead demand forecast,644,megawatthours
2026-01-09T23,TVA,Tennessee Valley Authority,DF,Day-ahead demand forecast,17176,megawatthours
2026-01-09T23,US48,United States Lower 48,DF,Day-ahead demand forecast,474337,megawatthours
2026-01-09T23,WACM,Western Area Power Administration - Rocky Mountain Region,DF,Day-ahead demand forecast,3572,megawatthours
2026-01-09T23,WAUW,Western Area Power Administration - Upper Great Plains West,DF,Day-ahead demand forecast,115,megawatthours
2026-01-09T22,AECI,"Associated Electric Cooperative, Inc.",DF,Day-ahead demand forecast,2138,megawatthours
2026-01-09T22,AVA,Avista Corporation,DF,Day-ahead demand forecast,1742,megawatthours
2026-01-09T22,AZPS,Arizona Public Service Company,DF,Day-ahead demand forecast,3296,megawatthours
2026-01-09T22,BANC,Balancing Authority of Northern California,DF,Day-ahead demand forecast,1969,megawatthours
2026-01-09T22,BPAT,Bonneville Power Administration,DF,Day-ahead demand forecast,8110,megawatthours
2026-01-09T22,CAL,California,DF,Day-ahead demand forecast,24287,megawatthours
2026-01-09T22,CAR,Carolinas,DF,Day-ahead demand forecast,21009,megawatthours
2026-01-09T22,CENT,Central,DF,Day-ahead demand forecast,36084,megawatthours
2026-01-09T22,CHPD,Public Utility District No. 1 of Chelan County,DF,Day-ahead demand forecast,284,megawatthours
2026-01-09T22,CISO,California Independent System Operator,DF,Day-ahead demand forecast,19288,megawatthours
2026-01-09T22,CPLE,Duke Energy Progress East,DF,Day-ahead demand forecast,6138,megawatthours
2026-01-09T22,CPLW,Duke Energy Progress West,DF,Day-ahead demand forecast,581,megawatthours
2026-01-09T22,DOPD,PUD No. 1 of Douglas County,DF,Day-ahead demand forecast,353,megawatthours
2026-01-09T22,DUK,Duke Energy Carolinas,DF,Day-ahead demand forecast,11476,megawatthours
2026-01-09T22,EPE,El Paso Electric Company,DF,Day-ahead demand forecast,848,megawatthours
2026-01-09T22,ERCO,"Electric Reliability Council of Texas, Inc.",DF,Day-ahead demand forecast,52179,megawatthours
2026-01-09T22,FLA,Florida,DF,Day-ahead demand forecast,30785,megawatthours
2026-01-09T22,FMPP,Florida Municipal Power Pool,DF,Day-ahead demand forecast,2375,megawatthours
2026-01-09T22,FPC,"Duke Energy Florida, Inc.",DF,Day-ahead demand forecast,5385,megawatthours
2026-01-09T22,FPL,Florida Power & Light Co.,DF,Day-ahead demand forecast,17708,megawatthours
2026-01-09T22,GCPD,"Public Utility District No. 2 of Grant County, Washington",DF,Day-ahead demand forecast,727,megawatthours
2026-01-09T22,GVL,Gainesville Regional Utilities,DF,Day-ahead demand forecast,212,megawatthours
2026-01-09T22,HST,City of Homestead,DF,Day-ahead demand forecast,76,megawatthours
2026-01-09T22,IID,Imperial Irrigation District,DF,Day-ahead demand forecast,298,megawatthours
2026-01-09T22,IPCO,Idaho Power Company,DF,Day-ahead demand forecast,2083,megawatthours
2026-01-09T22,ISNE,ISO New England,DF,Day-ahead demand forecast,15770,megawatthours
2026-01-09T22,JEA,JEA,DF,Day-ahead demand forecast,1631,megawatthours
2026-01-09T22,LDWP,Los Angeles Department of Water and Power,DF,Day-ahead demand forecast,2457,megawatthours
2026-01-09T22,MIDA,Mid-Atlantic,DF,Day-ahead demand forecast,96922,megawatthours
2026-01-09T22,MIDW,Midwest,DF,Day-ahead demand forecast,79072,megawatthours
2026-01-09T22,MISO,"Midcontinent Independent System Operator, Inc.",DF,Day-ahead demand forecast,76934,megawatthours
2026-01-09T22,NE,New England,DF,Day-ahead demand forecast,15770,megawatthours
2026-01-09T22,NEVP,Nevada Power Company,DF,Day-ahead demand forecast,3642,megawatthours
2026-01-09T22,NW,Northwest,DF,Day-ahead demand forecast,42710,megawatthours
2026-01-09T22,NWMT,NorthWestern Corporation,DF,Day-ahead demand forecast,1446,megawatthours
2026-01-09T22,NY,New York,DF,Day-ahead demand forecast,18604,megawatthours
2026-01-09T22,NYIS,New York Independent System Operator,DF,Day-ahead demand forecast,18604,megawatthours
2026-01-09T22,PACE,PacifiCorp East,DF,Day-ahead demand forecast,6611,megawatthours
2026-01-09T22,PACW,PacifiCorp West,DF,Day-ahead demand forecast,2798,megawatthours
2026-01-09T22,PGE,Portland General Electric Company,DF,Day-ahead demand forecast,2961,megawatthours
2026-01-09T22,PJM,"PJM Interconnection, LLC",DF,Day-ahead demand forecast,96922,megawatthours
2026-01-09T22,PNM,Public Service Company of New Mexico,DF,Day-ahead demand forecast,1568,megawatthours
2026-01-09T22,PSCO,Public Service Company of Colorado,DF,Day-ahead demand forecast,4992,megawatthours
2026-01-09T22,PSEI,"Puget Sound Energy, Inc.",DF,Day-ahead demand forecast,1276,megawatthours
2026-01-09T22,SC,South Carolina Public Service Authority,DF,Day-ahead demand forecast,2814,megawatthours
2026-01-09T22,SCL,Seattle City Light,DF,Day-ahead demand forecast,1330,megawatthours
2026-01-09T22,SE,Southeast,DF,Day-ahead demand forecast,24925,megawatthours
2026-01-09T22,SEC,Seminole Electric Cooperative,DF,Day-ahead demand forecast,239,megawatthours
2026-01-09T22,SOCO,"Southern Company Services, Inc. - Trans",DF,Day-ahead demand forecast,24925,megawatthours
2026-01-09T22,SRP,Salt River Project Agricultural Improvement and Power District,DF,Day-ahead demand forecast,3342,megawatthours
2026-01-09T22,SW,Southwest,DF,Day-ahead demand forecast,10385,megawatthours
2026-01-09T22,SWPP,Southwest Power Pool,DF,Day-ahead demand forecast,36084,megawatthours
2026-01-09T22,TAL,City of Tallahassee,DF,Day-ahead demand forecast,295,megawatthours
2026-01-09T22,TEC,Tampa Electric Company,DF,Day-ahead demand forecast,2864,megawatthours
2026-01-09T22,TEN,Tennessee,DF,Day-ahead demand forecast,16937,megawatthours
2026-01-09T22,TEPC,Tucson Electric Power,DF,Day-ahead demand forecast,1331,megawatthours
2026-01-09T22,TEX,Texas,DF,Day-ahead demand forecast,52179,megawatthours
2026-01-09T22,TIDC,Turlock Irrigation District,DF,Day-ahead demand forecast,275,megawatthours
2026-01-09T22,TPWR,"City of Tacoma, Department of Public Utilities, Light Division",DF,Day-ahead demand forecast,649,megawatthours
2026-01-09T22,TVA,Tennessee Valley Authority,DF,Day-ahead demand forecast,16937,megawatthours
2026-01-09T22,US48,United States Lower 48,DF,Day-ahead demand forecast,469669,megawatthours
2026-01-09T22,WACM,Western Area Power Administration - Rocky Mountain Region,DF,Day-ahead demand forecast,3589,megawatthours
2026-01-09T22,WAUW,Western Area Power Administration - Upper Great Plains West,DF,Day-ahead demand forecast,117,megawatthours
2026-01-09T21,AECI,"Associated Electric Cooperative, Inc.",DF,Day-ahead demand forecast,2122,megawatthours
2026-01-09T21,AVA,Avista Corporation,DF,Day-ahead demand forecast,1767,megawatthours
2026-01-09T21,AZPS,Arizona Public Service Company,DF,Day-ahead demand forecast,3173,megawatthours
2026-01-09T21,BANC,Balancing Authority of Northern California,DF,Day-ahead demand forecast,1997,megawatthours
2026-01-09T21,BPAT,Bonneville Power Administration,DF,Day-ahead demand forecast,8287,megawatthours
2026-01-09T21,CAL,California,DF,Day-ahead demand forecast,24071,megawatthours
2026-01-09T21,CAR,Carolinas,DF,Day-ahead demand forecast,20580,megawatthours
2026-01-09T21,CENT,Central,DF,Day-ahead demand forecast,36211,megawatthours
2026-01-09T21,CHPD,Public Utility District No. 1 of Chelan County,DF,Day-ahead demand forecast,292,megawatthours
2026-01-09T21,CISO,California Independent System Operator,DF,Day-ahead demand forecast,19056,megawatthours
2026-01-09T21,CPLE,Duke Energy Progress East,DF,Day-ahead demand forecast,5956,megawatthours
2026-01-09T21,CPLW,Duke Energy Progress West,DF,Day-ahead demand forecast,555,megawatthours
2026-01-09T21,DOPD,PUD No. 1 of Douglas County,DF,Day-ahead demand forecast,357,megawatthours
2026-01-09T21,DUK,Duke Energy Carolinas,DF,Day-ahead demand forecast,11291,megawatthours
2026-01-09T21,EPE,El Paso Electric Company,DF,Day-ahead demand forecast,831,megawatthours
2026-01-09T21,ERCO,"Electric Reliability Council of Texas, Inc.",DF,Day-ahead demand forecast,52197,megawatthours
2026-01-09T21,FLA,Florida,DF,Day-ahead demand forecast,30852,megawatthours
2026-01-09T21,FMPP,Florida Municipal Power Pool,DF,Day-ahead demand forecast,2385,megawatthours
2026-01-09T21,FPC,"Duke Energy Florida, Inc.",DF,Day-ahead demand forecast,5232,megawatthours
2026-01-09T21,FPL,Florida Power & Light Co.,DF,Day-ahead demand forecast,17943,megawatthours
2026-01-09T21,GCPD,"Public Utility District No. 2 of Grant County, Washington",DF,Day-ahead demand forecast,741,megawatthours
2026-01-09T21,GVL,Gainesville Regional Utilities,DF,Day-ahead demand forecast,206,megawatthours
2026-01-09T21,HST,City of Homestead,DF,Day-ahead demand forecast,75,megawatthours
2026-01-09T21,IID,Imperial Irrigation District,DF,Day-ahead demand forecast,298,megawatthours
2026-01-09T21,IPCO,Idaho Power Company,DF,Day-ahead demand forecast,2080,megawatthours
2026-01-09T21,ISNE,ISO New England,DF,Day-ahead demand forecast,15080,megawatthours
2026-01-09T21,JEA,JEA,DF,Day-ahead demand forecast,1624,megawatthours
2026-01-09T21,LDWP,Los Angeles Department of Water and Power,DF,Day-ahead demand forecast,2444,megawatthours
2026-01-09T21,MIDA,Mid-Atlantic,DF,Day-ahead demand forecast,93855,megawatthours
2026-01-09T21,MIDW,Midwest,DF,Day-ahead demand forecast,78748,megawatthours
2026-01-09T21,MISO,"Midcontinent Independent System Operator, Inc.",DF,Day-ahead demand forecast,76626,megawatthours
2026-01-09T21,NE,New England,DF,Day-ahead demand forecast,15080,megawatthours
2026-01-09T21,NEVP,Nevada Power Company,DF,Day-ahead demand forecast,3587,megawatthours
2026-01-09T21,NW,Northwest,DF,Day-ahead demand forecast,43181,megawatthours
2026-01-09T21,NWMT,NorthWestern Corporation,DF,Day-ahead demand forecast,1469,megawatthours
2026-01-09T21,NY,New York,DF,Day-ahead demand forecast,18205,megawatthours
2026-01-09T21,NYIS,New York Independent System Operator,DF,Day-ahead demand forecast,18205,megawatthours
2026-01-09T21,PACE,PacifiCorp East,DF,Day-ahead demand forecast,6659,megawatthours
2026-01-09T21,PACW,PacifiCorp West,DF,Day-ahead demand forecast,2868,megawatthours
2026-01-09T21,PGE,Portland General Electric Company,DF,Day-ahead demand forecast,3013,megawatthours
2026-01-09T21,PJM,"PJM Interconnection, LLC",DF,Day-ahead demand forecast,93855,megawatthours
2026-01-09T21,PNM,Public Service Company of New Mexico,DF,Day-ahead demand forecast,1566,megawatthours
2026-01-09T21,PSCO,Public Service Company of Colorado,DF,Day-ahead demand forecast,5005,megawatthours
2026-01-09T21,PSEI,"Puget Sound Energy, Inc.",DF,Day-ahead demand forecast,1288,megawatthours
2026-01-09T21,SC,South Carolina Public Service Authority,DF,Day-ahead demand forecast,2778,megawatthours
2026-01-09T21,SCL,Seattle City Light,DF,Day-ahead demand forecast,1352,megawatthours
2026-01-09T21,SE,Southeast,DF,Day-ahead demand forecast,25124,megawatthours
2026-01-09T21,SEC,Seminole Electric Cooperative,DF,Day-ahead demand forecast,235,megawatthours
2026-01-09T21,SOCO,"Southern Company Services, Inc. - Trans",DF,Day-ahead demand forecast,25124,megawatthours
2026-01-09T21,SRP,Salt River Project Agricultural Improvement and Power District,DF,Day-ahead demand forecast,3368,megawatthours
2026-01-09T21,SW,Southwest,DF,Day-ahead demand forecast,10258,megawatthours
2026-01-09T21,SWPP,Southwest Power Pool,DF,Day-ahead demand forecast,36211,megawatthours
2026-01-09T21,TAL,City of Tallahassee,DF,Day-ahead demand forecast,288,megawatthours
2026-01-09T21,TEC,Tampa Electric Company,DF,Day-ahead demand forecast,2864,megawatthours
2026-01-09T21,TEN,Tennessee,DF,Day-ahead demand forecast,16920,megawatthours
2026-01-09T21,TEPC,Tucson Electric Power,DF,Day-ahead demand forecast,1320,megawatthours
2026-01-09T21,TEX,Texas,DF,Day-ahead demand forecast,52197,megawatthours
2026-01-09T21,TIDC,Turlock Irrigation District,DF,Day-ahead demand forecast,276,megawatthours
2026-01-09T21,TPWR,"City of Tacoma, Department of Public Utilities, Light Division",DF,Day-ahead demand forecast,662,megawatthours
2026-01-09T21,TVA,Tennessee Valley Authority,DF,Day-ahead demand forecast,16920,megawatthours
2026-01-09T21,US48,United States Lower 48,DF,Day-ahead demand forecast,465282,megawatthours
2026-01-09T21,WACM,Western Area Power Administration - Rocky Mountain Region,DF,Day-ahead demand forecast,3636,megawatthours
2026-01-09T21,WAUW,Western Area Power Administration - Upper Great Plains West,DF,Day-ahead demand forecast,118,megawatthours
2026-01-09T20,AECI,"Associated Electric Cooperative, Inc.",D,Demand,1994,megawatthours
2026-01-09T20,AECI,"Associated Electric Cooperative, Inc.",DF,Day-ahead demand forecast,2163,megawatthours
2026-01-09T20,AVA,Avista Corporation,D,Demand,1792,megawatthours
2026-01-09T20,AVA,Avista Corporation,DF,Day-ahead demand forecast,1790,megawatthours
2026-01-09T20,AZPS,Arizona Public Service Company,D,Demand,2984,megawatthours
2026-01-09T20,AZPS,Arizona Public Service Company,DF,Day-ahead demand forecast,3145,megawatthours
2026-01-09T20,BANC,Balancing Authority of Northern California,D,Demand,2058,megawatthours
2026-01-09T20,BANC,Balancing Authority of Northern California,DF,Day-ahead demand forecast,2036,megawatthours
2026-01-09T20,BPAT,Bonneville Power Administration,D,Demand,8433,megawatthours
2026-01-09T20,BPAT,Bonneville Power Administration,DF,Day-ahead demand forecast,8494,megawatthours
2026-01-09T20,CAL,California,D,Demand,31349,megawatthours
2026-01-09T20,CAL,California,DF,Day-ahead demand forecast,24959,megawatthours
2026-01-09T20,CAR,Carolinas,D,Demand,20802,megawatthours
2026-01-09T20,CAR,Carolinas,DF,Day-ahead demand forecast,20553,megawatthours
2026-01-09T20,CENT,Central,D,Demand,31257,megawatthours
2026-01-09T20,CENT,Central,DF,Day-ahead demand forecast,36537,megawatthours
2026-01-09T20,CHPD,Public Utility District No. 1 of Chelan County,D,Demand,306,megawatthours
2026-01-09T20,CHPD,Public Utility District No. 1 of Chelan County,DF,Day-ahead demand forecast,306,megawatthours
2026-01-09T20,CISO,California Independent System Operator,D,Demand,28009,megawatthours
2026-01-09T20,CISO,California Independent System Operator,DF,Day-ahead demand forecast,19849,megawatthours
2026-01-09T20,CPLE,Duke Energy Progress East,D,Demand,6005,megawatthours
2026-01-09T20,CPLE,Duke Energy Progress East,DF,Day-ahead demand forecast,5902,megawatthours
2026-01-09T20,CPLW,Duke Energy Progress West,D,Demand,507,megawatthours
2026-01-09T20,CPLW,Duke Energy Progress West,DF,Day-ahead demand forecast,559,megawatthours
2026-01-09T20,DOPD,PUD No. 1 of Douglas County,D,Demand,361,megawatthours
2026-01-09T20,DOPD,PUD No. 1 of Douglas County,DF,Day-ahead demand forecast,366,megawatthours
2026-01-09T20,DUK,Duke Energy Carolinas,D,Demand,11518,megawatthours
2026-01-09T20,DUK,Duke Energy Carolinas,DF,Day-ahead demand forecast,11320,megawatthours
2026-01-09T20,EPE,El Paso Electric Company,D,Demand,796,megawatthours
2026-01-09T20,EPE,El Paso Electric Company,DF,Day-ahead demand forecast,834,megawatthours
2026-01-09T20,ERCO,"Electric Reliability Council of Texas, Inc.",D,Demand,52104,megawatthours
2026-01-09T20,ERCO,"Electric Reliability Council of Texas, Inc.",DF,Day-ahead demand forecast,52113,megawatthours
2026-01-09T20,FLA,Florida,D,Demand,32365,megawatthours
2026-01-09T20,FLA,Florida,DF,Day-ahead demand forecast,30314,megawatthours
2026-01-09T20,FMPP,Florida Municipal Power Pool,D,Demand,3181,megawatthours
2026-01-09T20,FMPP,Florida Municipal Power Pool,DF,Day-ahead demand forecast,2345,megawatthours
2026-01-09T20,FPC,"Duke Energy Florida, Inc.",D,Demand,6518,megawatthours
2026-01-09T20,FPC,"Duke Energy Florida, Inc.",DF,Day-ahead demand forecast,4985,megawatthours
2026-01-09T20,FPL,Florida Power & Light Co.,D,Demand,17529,megawatthours
2026-01-09T20,FPL,Florida Power & Light Co.,DF,Day-ahead demand forecast,17787,megawatthours
2026-01-09T20,GCPD,"Public Utility District No. 2 of Grant County, Washington",D,Demand,742,megawatthours
2026-01-09T20,GCPD,"Public Utility District No. 2 of Grant County, Washington",DF,Day-ahead demand forecast,751,megawatthours
2026-01-09T20,GVL,Gainesville Regional Utilities,D,Demand,239,megawatthours
2026-01-09T20,GVL,Gainesville Regional Utilities,DF,Day-ahead demand forecast,202,megawatthours
2026-01-09T20,HST,City of Homestead,D,Demand,71,megawatthours
2026-01-09T20,HST,City of Homestead,DF,Day-ahead demand forecast,72,megawatthours
2026-01-09T20,IID,Imperial Irrigation District,D,Demand,328,megawatthours
2026-01-09T20,IID,Imperial Irrigation District,DF,Day-ahead demand forecast,301,megawatthours
2026-01-09T20,IPCO,Idaho Power Company,D,Demand,2207,megawatthours
2026-01-09T20,IPCO,Idaho Power Company,DF,Day-ahead demand forecast,2103,megawatthours
2026-01-09T20,ISNE,ISO New England,D,Demand,14528,megawatthours
2026-01-09T20,ISNE,ISO New England,DF,Day-ahead demand forecast,14760,megawatthours
2026-01-09T20,JEA,JEA,D,Demand,1579,megawatthours
2026-01-09T20,JEA,JEA,DF,Day-ahead demand forecast,1608,megawatthours
2026-01-09T20,LDWP,Los Angeles Department of Water and Power,D,Demand,678,megawatthours
2026-01-09T20,LDWP,Los Angeles Department of Water and Power,DF,Day-ahead demand forecast,2496,megawatthours
2026-01-09T20,LGEE,LG&E and KU Services Company as agent for Louisville Gas and Electric Company and Kentucky Utilities Company,D,Demand,0,megawatthours
2026-01-09T20,MIDA,Mid-Atlantic,D,Demand,94587,megawatthours
2026-01-09T20,MIDA,Mid-Atlantic,DF,Day-ahead demand forecast,91695,megawatthours
2026-01-09T20,MIDW,Midwest,D,Demand,77231,megawatthours
2026-01-09T20,MIDW,Midwest,DF,Day-ahead demand forecast,79117,megawatthours
2026-01-09T20,MISO,"Midcontinent Independent System Operator, Inc.",D,Demand,75237,megawatthours
2026-01-09T20,MISO,"Midcontinent Independent System Operator, Inc.",DF,Day-ahead demand forecast,76954,megawatthours
2026-01-09T20,NE,New England,D,Demand,14528,megawatthours
2026-01-09T20,NE,New England,DF,Day-ahead demand forecast,14760,megawatthours
2026-01-09T20,NEVP,Nevada Power Company,D,Demand,3899,megawatthours
2026-01-09T20,NEVP,Nevada Power Company,DF,Day-ahead demand forecast,3589,megawatthours
2026-01-09T20,NW,Northwest,D,Demand,42820,megawatthours
2026-01-09T20,NW,Northwest,DF,Day-ahead demand forecast,43750,megawatthours
2026-01-09T20,NWMT,NorthWestern Corporation,D,Demand,1493,megawatthours
2026-01-09T20,NWMT,NorthWestern Corporation,DF,Day-ahead demand forecast,1490,megawatthours
2026-01-09T20,NY,New York,D,Demand,18381,megawatthours
2026-01-09T20,NY,New York,DF,Day-ahead demand forecast,17991,megawatthours
2026-01-09T20,NYIS,New York Independent System Operator,D,Demand,18381,megawatthours
2026-01-09T20,NYIS,New York Independent System Operator,DF,Day-ahead demand forecast,17991,megawatthours
2026-01-09T20,PACE,PacifiCorp East,D,Demand,6706,megawatthours
2026-01-09T20,PACE,PacifiCorp East,DF,Day-ahead demand forecast,6695,megawatthours
2026-01-09T20,PACW,PacifiCorp West,D,Demand,2887,megawatthours
2026-01-09T20,PACW,PacifiCorp West,DF,Day-ahead demand forecast,2957,megawatthours
2026-01-09T20,PGE,Portland General Electric Company,D,Demand,3137,megawatthours
2026-01-09T20,PGE,Portland General Electric Company,DF,Day-ahead demand forecast,3053,megawatthours
2026-01-09T20,PJM,"PJM Interconnection, LLC",D,Demand,94587,megawatthours
2026-01-09T20,PJM,"PJM Interconnection, LLC",DF,Day-ahead demand forecast,91695,megawatthours
2026-01-09T20,PNM,Public Service Company of New Mexico,D,Demand,1824,megawatthours
2026-01-09T20,PNM,Public Service Company of New Mexico,DF,Day-ahead demand forecast,1583,megawatthours
2026-01-09T20,PSCO,Public Service Company of Colorado,D,Demand,5390,megawatthours
2026-01-09T20,PSCO,Public Service Company of Colorado,DF,Day-ahead demand forecast,5080,megawatthours
2026-01-09T20,PSEI,"Puget Sound Energy, Inc.",D,Demand,3473,megawatthours
2026-01-09T20,PSEI,"Puget Sound Energy, Inc.",DF,Day-ahead demand forecast,1285,megawatthours
2026-01-09T20,SC,South Carolina Public Service Authority,D,Demand,2772,megawatthours
2026-01-09T20,SC,South Carolina Public Service Authority,DF,Day-ahead demand forecast,2772,megawatthours
2026-01-09T20,SCL,Seattle City Light,D,Demand,1254,megawatthours
2026-01-09T20,SCL,Seattle City Light,DF,Day-ahead demand forecast,1374,megawatthours
2026-01-09T20,SE,Southeast,D,Demand,24944,megawatthours
2026-01-09T20,SE,Southeast,DF,Day-ahead demand forecast,25024,megawatthours
2026-01-09T20,SEC,Seminole Electric Cooperative,D,Demand,267,megawatthours
2026-01-09T20,SEC,Seminole Electric Cooperative,DF,Day-ahead demand forecast,228,megawatthours
2026-01-09T20,SOCO,"Southern Company Services, Inc. - Trans",D,Demand,24944,megawatthours
2026-01-09T20,SOCO,"Southern Company Services, Inc. - Trans",DF,Day-ahead demand forecast,25024,megawatthours
2026-01-09T20,SPA,Southwestern Power Administration,D,Demand,31,megawatthours
2026-01-09T20,SRP,Salt River Project Agricultural Improvement and Power District,D,Demand,3538,megawatthours
2026-01-09T20,SRP,Salt River Project Agricultural Improvement and Power District,DF,Day-ahead demand forecast,3422,megawatthours
2026-01-09T20,SW,Southwest,D,Demand,11285,megawatthours
2026-01-09T20,SW,Southwest,DF,Day-ahead demand forecast,10308,megawatthours
2026-01-09T20,SWPP,Southwest Power Pool,D,Demand,31226,megawatthours
2026-01-09T20,SWPP,Southwest Power Pool,DF,Day-ahead demand forecast,36537,megawatthours
2026-01-09T20,TAL,City of Tallahassee,D,Demand,308,megawatthours
2026-01-09T20,TAL,City of Tallahassee,DF,Day-ahead demand forecast,283,megawatthours
2026-01-09T20,TEC,Tampa Electric Company,D,Demand,2673,megawatthours
2026-01-09T20,TEC,Tampa Electric Company,DF,Day-ahead demand forecast,2804,megawatthours
2026-01-09T20,TEN,Tennessee,D,Demand,17331,megawatthours
2026-01-09T20,TEN,Tennessee,DF,Day-ahead demand forecast,17096,megawatthours
2026-01-09T20,TEPC,Tucson Electric Power,D,Demand,1269,megawatthours
2026-01-09T20,TEPC,Tucson Electric Power,DF,Day-ahead demand forecast,1324,megawatthours
2026-01-09T20,TEX,Texas,D,Demand,52104,megawatthours
2026-01-09T20,TEX,Texas,DF,Day-ahead demand forecast,52113,megawatthours
2026-01-09T20,TIDC,Turlock Irrigation District,D,Demand,276,megawatthours
2026-01-09T20,TIDC,Turlock Irrigation District,DF,Day-ahead demand forecast,277,megawatthours
2026-01-09T20,TPWR,"City of Tacoma, Department of Public Utilities, Light Division",D,Demand,625,megawatthours
2026-01-09T20,TPWR,"City of Tacoma, Department of Public Utilities, Light Division",DF,Day-ahead demand forecast,672,megawatthours
2026-01-09T20,TVA,Tennessee Valley Authority,D,Demand,17331,megawatthours
2026-01-09T20,TVA,Tennessee Valley Authority,DF,Day-ahead demand forecast,17096,megawatthours
2026-01-09T20,US48,United States Lower 48,D,Demand,468984,megawatthours
2026-01-09T20,US48,United States Lower 48,DF,Day-ahead demand forecast,464217,megawatthours
2026-01-09T20,WACM,Western Area Power Administration - Rocky Mountain Region,D,Demand,0,megawatthours
2026-01-09T20,WACM,Western Area Power Administration - Rocky Mountain Region,DF,Day-ahead demand forecast,3630,megawatthours
2026-01-09T20,WALC,Western Area Power Administration - Desert Southwest Region,D,Demand,874,megawatthours
2026-01-09T20,WAUW,Western Area Power Administration - Upper Great Plains West,D,Demand,115,megawatthours
2026-01-09T20,WAUW,Western Area Power Administration - Upper Great Plains West,DF,Day-ahead demand forecast,115,megawatthours
2026-01-09T19,AECI,"Associated Electric Cooperative, Inc.",D,Demand,2100,megawatthours
2026-01-09T19,AECI,"Associated Electric Cooperative, Inc.",DF,Day-ahead demand forecast,2234,megawatthours
2026-01-09T19,AVA,Avista Corporation,D,Demand,1819,megawatthours
2026-01-09T19,AVA,Avista Corporation,DF,Day-ahead demand forecast,1824,megawatthours
2026-01-09T19,AZPS,Arizona Public Service Company,D,Demand,5349,megawatthours
2026-01-09T19,AZPS,Arizona Public Service Company,DF,Day-ahead demand forecast,3214,megawatthours
2026-01-09T19,BANC,Balancing Authority of Northern California,D,Demand,2089,megawatthours
2026-01-09T19,BANC,Balancing Authority of Northern California,DF,Day-ahead demand forecast,2095,megawatthours
2026-01-09T19,BPAT,Bonneville Power Administration,D,Demand,8697,megawatthours
2026-01-09T19,BPAT,Bonneville Power Administration,DF,Day-ahead demand forecast,8694,megawatthours
2026-01-09T19,CAL,California,D,Demand,32923,megawatthours
2026-01-09T19,CAL,California,DF,Day-ahead demand forecast,26617,megawatthours
2026-01-09T19,CAR,Carolinas,D,Demand,20949,megawatthours
2026-01-09T19,CAR,Carolinas,DF,Day-ahead demand forecast,20596,megawatthours
2026-01-09T19,CENT,Central,D,Demand,31253,megawatthours
2026-01-09T19,CENT,Central,DF,Day-ahead demand forecast,37016,megawatthours
2026-01-09T19,CHPD,Public Utility District No. 1 of Chelan County,D,Demand,325,megawatthours
2026-01-09T19,CHPD,Public Utility District No. 1 of Chelan County,DF,Day-ahead demand forecast,325,megawatthours
2026-01-09T19,CISO,California Independent System Operator,D,Demand,27640,megawatthours
2026-01-09T19,CISO,California Independent System Operator,DF,Day-ahead demand forecast,21354,megawatthours
2026-01-09T19,CPLE,Duke Energy Progress East,D,Demand,6006,megawatthours
2026-01-09T19,CPLE,Duke Energy Progress East,DF,Day-ahead demand forecast,5895,megawatthours
2026-01-09T19,CPLW,Duke Energy Progress West,D,Demand,513,megawatthours
2026-01-09T19,CPLW,Duke Energy Progress West,DF,Day-ahead demand forecast,568,megawatthours
2026-01-09T19,DOPD,PUD No. 1 of Douglas County,D,Demand,374,megawatthours
2026-01-09T19,DOPD,PUD No. 1 of Douglas County,DF,Day-ahead demand forecast,379,megawatthours
2026-01-09T19,DUK,Duke Energy Carolinas,D,Demand,11664,megawatthours
2026-01-09T19,DUK,Duke Energy Carolinas,DF,Day-ahead demand forecast,11367,megawatthours
2026-01-09T19,EPE,El Paso Electric Company,D,Demand,812,megawatthours
2026-01-09T19,EPE,El Paso Electric Company,DF,Day-ahead demand forecast,860,megawatthours
2026-01-09T19,ERCO,"Electric Reliability Council of Texas, Inc.",D,Demand,51614,megawatthours
2026-01-09T19,ERCO,"Electric Reliability Council of Texas, Inc.",DF,Day-ahead demand forecast,51746,megawatthours
2026-01-09T19,FLA,Florida,D,Demand,31460,megawatthours
2026-01-09T19,FLA,Florida,DF,Day-ahead demand forecast,29563,megawatthours
2026-01-09T19,FMPP,Florida Municipal Power Pool,D,Demand,2922,megawatthours
2026-01-09T19,FMPP,Florida Municipal Power Pool,DF,Day-ahead demand forecast,2283,megawatthours
2026-01-09T19,FPC,"Duke Energy Florida, Inc.",D,Demand,6259,megawatthours
2026-01-09T19,FPC,"Duke Energy Florida, Inc.",DF,Day-ahead demand forecast,4733,megawatthours
2026-01-09T19,FPL,Florida Power & Light Co.,D,Demand,17304,megawatthours
2026-01-09T19,FPL,Florida Power & Light Co.,DF,Day-ahead demand forecast,17534,megawatthours
2026-01-09T19,GCPD,"Public Utility District No. 2 of Grant County, Washington",D,Demand,775,megawatthours
2026-01-09T19,GCPD,"Public Utility District No. 2 of Grant County, Washington",DF,Day-ahead demand forecast,766,megawatthours
2026-01-09T19,GVL,Gainesville Regional Utilities,D,Demand,232,megawatthours
2026-01-09T19,GVL,Gainesville Regional Utilities,DF,Day-ahead demand forecast,196,megawatthours
2026-01-09T19,HST,City of Homestead,D,Demand,70,megawatthours
2026-01-09T19,HST,City of Homestead,DF,Day-ahead demand forecast,69,megawatthours
2026-01-09T19,IID,Imperial Irrigation District,D,Demand,324,megawatthours
2026-01-09T19,IID,Imperial Irrigation District,DF,Day-ahead demand forecast,298,megawatthours
2026-01-09T19,IPCO,Idaho Power Company,D,Demand,2274,megawatthours
2026-01-09T19,IPCO,Idaho Power Company,DF,Day-ahead demand forecast,2147,megawatthours
2026-01-09T19,ISNE,ISO New England,D,Demand,13896,megawatthours
2026-01-09T19,ISNE,ISO New England,DF,Day-ahead demand forecast,14500,megawatthours
2026-01-09T19,JEA,JEA,D,Demand,1549,megawatthours
2026-01-09T19,JEA,JEA,DF,Day-ahead demand forecast,1553,megawatthours
2026-01-09T19,LDWP,Los Angeles Department of Water and Power,D,Demand,2580,megawatthours
2026-01-09T19,LDWP,Los Angeles Department of Water and Power,DF,Day-ahead demand forecast,2582,megawatthours
2026-01-09T19,LGEE,LG&E and KU Services Company as agent for Louisville Gas and Electric Company and Kentucky Utilities Company,D,Demand,0,megawatthours
2026-01-09T19,MIDA,Mid-Atlantic,D,Demand,96039,megawatthours
2026-01-09T19,MIDA,Mid-Atlantic,DF,Day-ahead demand forecast,91185,megawatthours
2026-01-09T19,MIDW,Midwest,D,Demand,78064,megawatthours
2026-01-09T19,MIDW,Midwest,DF,Day-ahead demand forecast,79505,megawatthours
2026-01-09T19,MISO,"Midcontinent Independent System Operator, Inc.",D,Demand,75964,megawatthours
2026-01-09T19,MISO,"Midcontinent Independent System Operator, Inc.",DF,Day-ahead demand forecast,77271,megawatthours
2026-01-09T19,NE,New England,D,Demand,13896,megawatthours
2026-01-09T19,NE,New England,DF,Day-ahead demand forecast,14500,megawatthours
2026-01-09T19,NEVP,Nevada Power Company,D,Demand,4019,megawatthours
2026-01-09T19,NEVP,Nevada Power Company,DF,Day-ahead demand forecast,3668,megawatthours
2026-01-09T19,NW,Northwest,D,Demand,48281,megawatthours
2026-01-09T19,NW,Northwest,DF,Day-ahead demand forecast,44617,megawatthours
2026-01-09T19,NWMT,NorthWestern Corporation,D,Demand,1507,megawatthours
2026-01-09T19,NWMT,NorthWestern Corporation,DF,Day-ahead demand forecast,1520,megawatthours
2026-01-09T19,NY,New York,D,Demand,18275,megawatthours
2026-01-09T19,NY,New York,DF,Day-ahead demand forecast,17958,megawatthours
2026-01-09T19,NYIS,New York Independent System Operator,D,Demand,18275,megawatthours
2026-01-09T19,NYIS,New York Independent System Operator,DF,Day-ahead demand forecast,17958,megawatthours
2026-01-09T19,PACE,PacifiCorp East,D,Demand,6700,megawatthours
2026-01-09T19,PACE,PacifiCorp East,DF,Day-ahead demand forecast,6778,megawatthours
2026-01-09T19,PACW,PacifiCorp West,D,Demand,3024,megawatthours
2026-01-09T19,PACW,PacifiCorp West,DF,Day-ahead demand forecast,3059,megawatthours
2026-01-09T19,PGE,Portland General Electric Company,D,Demand,3233,megawatthours
2026-01-09T19,PGE,Portland General Electric Company,DF,Day-ahead demand forecast,3112,megawatthours
2026-01-09T19,PJM,"PJM Interconnection, LLC",D,Demand,96039,megawatthours
2026-01-09T19,PJM,"PJM Interconnection, LLC",DF,Day-ahead demand forecast,91185,megawatthours
2026-01-09T19,PNM,Public Service Company of New Mexico,D,Demand,1885,megawatthours
2026-01-09T19,PNM,Public Service Company of New Mexico,DF,Day-ahead demand forecast,1593,megawatthours
2026-01-09T19,PSCO,Public Service Company of Colorado,D,Demand,5489,megawatthours
2026-01-09T19,PSCO,Public Service Company of Colorado,DF,Day-ahead demand forecast,5208,megawatthours
2026-01-09T19,PSEI,"Puget Sound Energy, Inc.",D,Demand,3563,megawatthours
2026-01-09T19,PSEI,"Puget Sound Energy, Inc.",DF,Day-ahead demand forecast,1272,megawatthours
2026-01-09T19,SC,South Carolina Public Service Authority,D,Demand,2766,megawatthours
2026-01-09T19,SC,South Carolina Public Service Authority,DF,Day-ahead demand forecast,2766,megawatthours
2026-01-09T19,SCL,Seattle City Light,D,Demand,1418,megawatthours
2026-01-09T19,SCL,Seattle City Light,DF,Day-ahead demand forecast,1397,megawatthours
2026-01-09T19,SE,Southeast,D,Demand,24954,megawatthours
2026-01-09T19,SE,Southeast,DF,Day-ahead demand forecast,24925,megawatthours
2026-01-09T19,SEC,Seminole Electric Cooperative,D,Demand,255,megawatthours
2026-01-09T19,SEC,Seminole Electric Cooperative,DF,Day-ahead demand forecast,215,megawatthours
2026-01-09T19,SOCO,"Southern Company Services, Inc. - Trans",D,Demand,24954,megawatthours
2026-01-09T19,SOCO,"Southern Company Services, Inc. - Trans",DF,Day-ahead demand forecast,24925,megawatthours
2026-01-09T19,SPA,Southwestern Power Administration,D,Demand,27,megawatthours
2026-01-09T19,SRP,Salt River Project Agricultural Improvement and Power District,D,Demand,3629,megawatthours
2026-01-09T19,SRP,Salt River Project Agricultural Improvement and Power District,DF,Day-ahead demand forecast,3536,megawatthours
2026-01-09T19,SW,Southwest,D,Demand,13917,megawatthours
2026-01-09T19,SW,Southwest,DF,Day-ahead demand forecast,10584,megawatthours
2026-01-09T19,SWPP,Southwest Power Pool,D,Demand,31226,megawatthours
2026-01-09T19,SWPP,Southwest Power Pool,DF,Day-ahead demand forecast,37016,megawatthours
2026-01-09T19,TAL,City of Tallahassee,D,Demand,303,megawatthours
2026-01-09T19,TAL,City of Tallahassee,DF,Day-ahead demand forecast,282,megawatthours
2026-01-09T19,TEC,Tampa Electric Company,D,Demand,2566,megawatthours
2026-01-09T19,TEC,Tampa Electric Company,DF,Day-ahead demand forecast,2698,megawatthours
2026-01-09T19,TEN,Tennessee,D,Demand,17454,megawatthours
2026-01-09T19,TEN,Tennessee,DF,Day-ahead demand forecast,17207,megawatthours
2026-01-09T19,TEPC,Tucson Electric Power,D,Demand,1342,megawatthours
2026-01-09T19,TEPC,Tucson Electric Power,DF,Day-ahead demand forecast,1381,megawatthours
2026-01-09T19,TEX,Texas,D,Demand,51614,megawatthours
2026-01-09T19,TEX,Texas,DF,Day-ahead demand forecast,51746,megawatthours
2026-01-09T19,TIDC,Turlock Irrigation District,D,Demand,290,megawatthours
2026-01-09T19,TIDC,Turlock Irrigation District,DF,Day-ahead demand forecast,288,megawatthours
2026-01-09T19,TPWR,"City of Tacoma, Department of Public Utilities, Light Division",D,Demand,636,megawatthours
2026-01-09T19,TPWR,"City of Tacoma, Department of Public Utilities, Light Division",DF,Day-ahead demand forecast,683,megawatthours
2026-01-09T19,TVA,Tennessee Valley Authority,D,Demand,17454,megawatthours
2026-01-09T19,TVA,Tennessee Valley Authority,DF,Day-ahead demand forecast,17207,megawatthours
2026-01-09T19,US48,United States Lower 48,D,Demand,479079,megawatthours
2026-01-09T19,US48,United States Lower 48,DF,Day-ahead demand forecast,466019,megawatthours
2026-01-09T19,WACM,Western Area Power Administration - Rocky Mountain Region,D,Demand,4318,megawatthours
2026-01-09T19,WACM,Western Area Power Administration - Rocky Mountain Region,DF,Day-ahead demand forecast,3665,megawatthours
2026-01-09T19,WALC,Western Area Power Administration - Desert Southwest Region,D,Demand,900,megawatthours
2026-01-09T19,WAUW,Western Area Power Administration - Upper Great Plains West,D,Demand,110,megawatthours
2026-01-09T19,WAUW,Western Area Power Administration - Upper Great Plains West,DF,Day-ahead demand forecast,120,megawatthours
2026-01-09T18,AECI,"Associated Electric Cooperative, Inc.",D,Demand,2198,megawatthours
2026-01-09T18,AECI,"Associated Electric Cooperative, Inc.",DF,Day-ahead demand forecast,2338,megawatthours
2026-01-09T18,AVA,Avista Corporation,D,Demand,1830,megawatthours
2026-01-09T18,AVA,Avista Corporation,DF,Day-ahead demand forecast,1822,megawatthours
2026-01-09T18,AZPS,Arizona Public Service Company,D,Demand,5004,megawatthours
2026-01-09T18,AZPS,Arizona Public Service Company,DF,Day-ahead demand forecast,3367,megawatthours
2026-01-09T18,BANC,Balancing Authority of Northern California,D,Demand,2230,megawatthours
2026-01-09T18,BANC,Balancing Authority of Northern California,DF,Day-ahead demand forecast,2168,megawatthours
2026-01-09T18,BPAT,Bonneville Power Administration,D,Demand,8994,megawatthours
2026-01-09T18,BPAT,Bonneville Power Administration,DF,Day-ahead demand forecast,8919,megawatthours
2026-01-09T18,CAL,California,D,Demand,34461,megawatthours
2026-01-09T18,CAL,California,DF,Day-ahead demand forecast,28758,megawatthours
2026-01-09T18,CAR,Carolinas,D,Demand,21093,megawatthours
2026-01-09T18,CAR,Carolinas,DF,Day-ahead demand forecast,20722,megawatthours
2026-01-09T18,CENT,Central,D,Demand,31257,megawatthours
2026-01-09T18,CENT,Central,DF,Day-ahead demand forecast,37458,megawatthours
2026-01-09T18,CHPD,Public Utility District No. 1 of Chelan County,D,Demand,342,megawatthours
2026-01-09T18,CHPD,Public Utility District No. 1 of Chelan County,DF,Day-ahead demand forecast,342,megawatthours
2026-01-09T18,CISO,California Independent System Operator,D,Demand,28526,megawatthours
2026-01-09T18,CISO,California Independent System Operator,DF,Day-ahead demand forecast,23310,megawatthours
2026-01-09T18,CPLE,Duke Energy Progress East,D,Demand,6077,megawatthours
2026-01-09T18,CPLE,Duke Energy Progress East,DF,Day-ahead demand forecast,5927,megawatthours
2026-01-09T18,CPLW,Duke Energy Progress West,D,Demand,515,megawatthours
2026-01-09T18,CPLW,Duke Energy Progress West,DF,Day-ahead demand forecast,590,megawatthours
2026-01-09T18,DOPD,PUD No. 1 of Douglas County,D,Demand,383,megawatthours
2026-01-09T18,DOPD,PUD No. 1 of Douglas County,DF,Day-ahead demand forecast,391,megawatthours
2026-01-09T18,DUK,Duke Energy Carolinas,D,Demand,11740,megawatthours
2026-01-09T18,DUK,Duke Energy Carolinas,DF,Day-ahead demand forecast,11444,megawatthours
2026-01-09T18,EPE,El Paso Electric Company,D,Demand,850,megawatthours
2026-01-09T18,EPE,El Paso Electric Company,DF,Day-ahead demand forecast,885,megawatthours
2026-01-09T18,ERCO,"Electric Reliability Council of Texas, Inc.",D,Demand,51198,megawatthours
2026-01-09T18,ERCO,"Electric Reliability Council of Texas, Inc.",DF,Day-ahead demand forecast,51613,megawatthours
2026-01-09T18,FLA,Florida,D,Demand,29590,megawatthours
2026-01-09T18,FLA,Florida,DF,Day-ahead demand forecast,28629,megawatthours
2026-01-09T18,FMPP,Florida Municipal Power Pool,D,Demand,2185,megawatthours
2026-01-09T18,FMPP,Florida Municipal Power Pool,DF,Day-ahead demand forecast,2206,megawatthours
2026-01-09T18,FPC,"Duke Energy Florida, Inc.",D,Demand,5931,megawatthours
2026-01-09T18,FPC,"Duke Energy Florida, Inc.",DF,Day-ahead demand forecast,4462,megawatthours
2026-01-09T18,FPL,Florida Power & Light Co.,D,Demand,16682,megawatthours
2026-01-09T18,FPL,Florida Power & Light Co.,DF,Day-ahead demand forecast,17094,megawatthours
2026-01-09T18,GCPD,"Public Utility District No. 2 of Grant County, Washington",D,Demand,779,megawatthours
2026-01-09T18,GCPD,"Public Utility District No. 2 of Grant County, Washington",DF,Day-ahead demand forecast,782,megawatthours
2026-01-09T18,GVL,Gainesville Regional Utilities,D,Demand,224,megawatthours
2026-01-09T18,GVL,Gainesville Regional Utilities,DF,Day-ahead demand forecast,189,megawatthours
2026-01-09T18,HST,City of Homestead,D,Demand,68,megawatthours
2026-01-09T18,HST,City of Homestead,DF,Day-ahead demand forecast,64,megawatthours
2026-01-09T18,IID,Imperial Irrigation District,D,Demand,324,megawatthours
2026-01-09T18,IID,Imperial Irrigation District,DF,Day-ahead demand forecast,307,megawatthours
2026-01-09T18,IPCO,Idaho Power Company,D,Demand,2330,megawatthours
2026-01-09T18,IPCO,Idaho Power Company,DF,Day-ahead demand forecast,2209,megawatthours
2026-01-09T18,ISNE,ISO New England,D,Demand,13647,megawatthours
2026-01-09T18,ISNE,ISO New England,DF,Day-ahead demand forecast,14290,megawatthours
2026-01-09T18,JEA,JEA,D,Demand,1494,megawatthours
2026-01-09T18,JEA,JEA,DF,Day-ahead demand forecast,1532,megawatthours
2026-01-09T18,LDWP,Los Angeles Department of Water and Power,D,Demand,3072,megawatthours
2026-01-09T18,LDWP,Los Angeles Department of Water and Power,DF,Day-ahead demand forecast,2671,megawatthours
2026-01-09T18,LGEE,LG&E and KU Services Company as agent for Louisville Gas and Electric Company and Kentucky Utilities Company,D,Demand,3853,megawatthours
2026-01-09T18,MIDA,Mid-Atlantic,D,Demand,97452,megawatthours
2026-01-09T18,MIDA,Mid-Atlantic,DF,Day-ahead demand forecast,91497,megawatthours
2026-01-09T18,MIDW,Midwest,D,Demand,82306,megawatthours
2026-01-09T18,MIDW,Midwest,DF,Day-ahead demand forecast,79695,megawatthours
2026-01-09T18,MISO,"Midcontinent Independent System Operator, Inc.",D,Demand,76255,megawatthours
2026-01-09T18,MISO,"Midcontinent Independent System Operator, Inc.",DF,Day-ahead demand forecast,77357,megawatthours
2026-01-09T18,NE,New England,D,Demand,13647,megawatthours
2026-01-09T18,NE,New England,DF,Day-ahead demand forecast,14290,megawatthours
2026-01-09T18,NEVP,Nevada Power Company,D,Demand,4181,megawatthours
2026-01-09T18,NEVP,Nevada Power Company,DF,Day-ahead demand forecast,3789,megawatthours
2026-01-09T18,NW,Northwest,D,Demand,49474,megawatthours
2026-01-09T18,NW,Northwest,DF,Day-ahead demand forecast,45369,megawatthours
2026-01-09T18,NWMT,NorthWestern Corporation,D,Demand,1557,megawatthours
2026-01-09T18,NWMT,NorthWestern Corporation,DF,Day-ahead demand forecast,1549,megawatthours
2026-01-09T18,NY,New York,D,Demand,17979,megawatthours
2026-01-09T18,NY,New York,DF,Day-ahead demand forecast,17970,megawatthours
2026-01-09T18,NYIS,New York Independent System Operator,D,Demand,17979,megawatthours
2026-01-09T18,NYIS,New York Independent System Operator,DF,Day-ahead demand forecast,17970,megawatthours
2026-01-09T18,PACE,PacifiCorp East,D,Demand,6931,megawatthours
2026-01-09T18,PACE,PacifiCorp East,DF,Day-ahead demand forecast,6851,megawatthours
2026-01-09T18,PACW,PacifiCorp West,D,Demand,3148,megawatthours
2026-01-09T18,PACW,PacifiCorp West,DF,Day-ahead demand forecast,3159,megawatthours
2026-01-09T18,PGE,Portland General Electric Company,D,Demand,3285,megawatthours
2026-01-09T18,PGE,Portland General Electric Company,DF,Day-ahead demand forecast,3180,megawatthours
2026-01-09T18,PJM,"PJM Interconnection, LLC",D,Demand,97452,megawatthours
2026-01-09T18,PJM,"PJM Interconnection, LLC",DF,Day-ahead demand forecast,91497,megawatthours
2026-01-09T18,PNM,Public Service Company of New Mexico,D,Demand,1949,megawatthours
2026-01-09T18,PNM,Public Service Company of New Mexico,DF,Day-ahead demand forecast,1632,megawatthours
2026-01-09T18,PSCO,Public Service Company of Colorado,D,Demand,5575,megawatthours
2026-01-09T18,PSCO,Public Service Company of Colorado,DF,Day-ahead demand forecast,5316,megawatthours
2026-01-09T18,PSEI,"Puget Sound Energy, Inc.",D,Demand,3652,megawatthours
2026-01-09T18,PSEI,"Puget Sound Energy, Inc.",DF,Day-ahead demand forecast,1209,megawatthours
2026-01-09T18,SC,South Carolina Public Service Authority,D,Demand,2761,megawatthours
2026-01-09T18,SC,South Carolina Public Service Authority,DF,Day-ahead demand forecast,2761,megawatthours
2026-01-09T18,SCL,Seattle City Light,D,Demand,1431,megawatthours
2026-01-09T18,SCL,Seattle City Light,DF,Day-ahead demand forecast,1407,megawatthours
2026-01-09T18,SE,Southeast,D,Demand,24806,megawatthours
2026-01-09T18,SE,Southeast,DF,Day-ahead demand forecast,24826,megawatthours
2026-01-09T18,SEC,Seminole Electric Cooperative,D,Demand,241,megawatthours
2026-01-09T18,SEC,Seminole Electric Cooperative,DF,Day-ahead demand forecast,202,megawatthours
2026-01-09T18,SOCO,"Southern Company Services, Inc. - Trans",D,Demand,24806,megawatthours
2026-01-09T18,SOCO,"Southern Company Services, Inc. - Trans",DF,Day-ahead demand forecast,24826,megawatthours
2026-01-09T18,SPA,Southwestern Power Administration,D,Demand,31,megawatthours
2026-01-09T18,SRP,Salt River Project Agricultural Improvement and Power District,D,Demand,3816,megawatthours
2026-01-09T18,SRP,Salt River Project Agricultural Improvement and Power District,DF,Day-ahead demand forecast,3682,megawatthours
2026-01-09T18,SW,Southwest,D,Demand,14005,megawatthours
2026-01-09T18,SW,Southwest,DF,Day-ahead demand forecast,11032,megawatthours
2026-01-09T18,SWPP,Southwest Power Pool,D,Demand,31226,megawatthours
2026-01-09T18,SWPP,Southwest Power Pool,DF,Day-ahead demand forecast,37458,megawatthours
2026-01-09T18,TAL,City of Tallahassee,D,Demand,295,megawatthours
2026-01-09T18,TAL,City of Tallahassee,DF,Day-ahead demand forecast,282,megawatthours
2026-01-09T18,TEC,Tampa Electric Company,D,Demand,2470,megawatthours
2026-01-09T18,TEC,Tampa Electric Company,DF,Day-ahead demand forecast,2598,megawatthours
2026-01-09T18,TEN,Tennessee,D,Demand,17514,megawatthours
2026-01-09T18,TEN,Tennessee,DF,Day-ahead demand forecast,17273,megawatthours
2026-01-09T18,TEPC,Tucson Electric Power,D,Demand,1442,megawatthours
2026-01-09T18,TEPC,Tucson Electric Power,DF,Day-ahead demand forecast,1466,megawatthours
2026-01-09T18,TEX,Texas,D,Demand,51198,megawatthours
2026-01-09T18,TEX,Texas,DF,Day-ahead demand forecast,51613,megawatthours
2026-01-09T18,TIDC,Turlock Irrigation District,D,Demand,309,megawatthours
2026-01-09T18,TIDC,Turlock Irrigation District,DF,Day-ahead demand forecast,302,megawatthours
2026-01-09T18,TPWR,"City of Tacoma, Department of Public Utilities, Light Division",D,Demand,668,megawatthours
2026-01-09T18,TPWR,"City of Tacoma, Department of Public Utilities, Light Division",DF,Day-ahead demand forecast,690,megawatthours
2026-01-09T18,TVA,Tennessee Valley Authority,D,Demand,17514,megawatthours
2026-01-09T18,TVA,Tennessee Valley Authority,DF,Day-ahead demand forecast,17273,megawatthours
2026-01-09T18,US48,United States Lower 48,D,Demand,484782,megawatthours
2026-01-09T18,US48,United States Lower 48,DF,Day-ahead demand forecast,469132,megawatthours
2026-01-09T18,WACM,Western Area Power Administration - Rocky Mountain Region,D,Demand,4273,megawatthours
2026-01-09T18,WACM,Western Area Power Administration - Rocky Mountain Region,DF,Day-ahead demand forecast,3637,megawatthours
2026-01-09T18,WALC,Western Area Power Administration - Desert Southwest Region,D,Demand,944,megawatthours
2026-01-09T18,WAUW,Western Area Power Administration - Upper Great Plains West,D,Demand,115,megawatthours
2026-01-09T18,WAUW,Western Area Power Administration - Upper Great Plains West,DF,Day-ahead demand forecast,117,megawatthours
2026-01-09T17,AECI,"Associated Electric Cooperative, Inc.",D,Demand,2338,megawatthours
2026-01-09T17,AECI,"Associated Electric Cooperative, Inc.",DF,Day-ahead demand forecast,2446,megawatthours
2026-01-09T17,AVA,Avista Corporation,D,Demand,1842,megawatthours
2026-01-09T17,AVA,Avista Corporation,DF,Day-ahead demand forecast,1831,megawatthours
2026-01-09T17,AZPS,Arizona Public Service Company,D,Demand,4740,megawatthours
2026-01-09T17,AZPS,Arizona Public Service Company,DF,Day-ahead demand forecast,3625,megawatthours
2026-01-09T17,BANC,Balancing Authority of Northern California,D,Demand,2336,megawatthours
2026-01-09T17,BANC,Balancing Authority of Northern California,DF,Day-ahead demand forecast,2235,megawatthours
2026-01-09T17,BPAT,Bonneville Power Administration,D,Demand,9120,megawatthours
2026-01-09T17,BPAT,Bonneville Power Administration,DF,Day-ahead demand forecast,9052,megawatthours
2026-01-09T17,CAL,California,D,Demand,34377,megawatthours
2026-01-09T17,CAL,California,DF,Day-ahead demand forecast,31055,megawatthours
2026-01-09T17,CAR,Carolinas,D,Demand,21390,megawatthours
2026-01-09T17,CAR,Carolinas,DF,Day-ahead demand forecast,20972,megawatthours
2026-01-09T17,CENT,Central,D,Demand,31247,megawatthours
2026-01-09T17,CENT,Central,DF,Day-ahead demand forecast,37986,megawatthours
2026-01-09T17,CHPD,Public Utility District No. 1 of Chelan County,D,Demand,353,megawatthours
2026-01-09T17,CHPD,Public Utility District No. 1 of Chelan County,DF,Day-ahead demand forecast,353,megawatthours
2026-01-09T17,CISO,California Independent System Operator,D,Demand,28315,megawatthours
2026-01-09T17,CISO,California Independent System Operator,DF,Day-ahead demand forecast,25463,megawatthours
2026-01-09T17,CPLE,Duke Energy Progress East,D,Demand,6255,megawatthours
2026-01-09T17,CPLE,Duke Energy Progress East,DF,Day-ahead demand forecast,6020,megawatthours
2026-01-09T17,CPLW,Duke Energy Progress West,D,Demand,516,megawatthours
2026-01-09T17,CPLW,Duke Energy Progress West,DF,Day-ahead demand forecast,629,megawatthours
2026-01-09T17,DOPD,PUD No. 1 of Douglas County,D,Demand,389,megawatthours
2026-01-09T17,DOPD,PUD No. 1 of Douglas County,DF,Day-ahead demand forecast,401,megawatthours
2026-01-09T17,DUK,Duke Energy Carolinas,D,Demand,11884,megawatthours
2026-01-09T17,DUK,Duke Energy Carolinas,DF,Day-ahead demand forecast,11588,megawatthours
2026-01-09T17,EPE,El Paso Electric Company,D,Demand,881,megawatthours
2026-01-09T17,EPE,El Paso Electric Company,DF,Day-ahead demand forecast,910,megawatthours
2026-01-09T17,ERCO,"Electric Reliability Council of Texas, Inc.",D,Demand,50924,megawatthours
2026-01-09T17,ERCO,"Electric Reliability Council of Texas, Inc.",DF,Day-ahead demand forecast,51631,megawatthours
2026-01-09T17,FLA,Florida,D,Demand,28664,megawatthours
2026-01-09T17,FLA,Florida,DF,Day-ahead demand forecast,27496,megawatthours
2026-01-09T17,FMPP,Florida Municipal Power Pool,D,Demand,2371,megawatthours
2026-01-09T17,FMPP,Florida Municipal Power Pool,DF,Day-ahead demand forecast,2108,megawatthours
2026-01-09T17,FPC,"Duke Energy Florida, Inc.",D,Demand,5614,megawatthours
2026-01-09T17,FPC,"Duke Energy Florida, Inc.",DF,Day-ahead demand forecast,4251,megawatthours
2026-01-09T17,FPL,Florida Power & Light Co.,D,Demand,16058,megawatthours
2026-01-09T17,FPL,Florida Power & Light Co.,DF,Day-ahead demand forecast,16488,megawatthours
2026-01-09T17,GCPD,"Public Utility District No. 2 of Grant County, Washington",D,Demand,785,megawatthours
2026-01-09T17,GCPD,"Public Utility District No. 2 of Grant County, Washington",DF,Day-ahead demand forecast,802,megawatthours
2026-01-09T17,GVL,Gainesville Regional Utilities,D,Demand,213,megawatthours
2026-01-09T17,GVL,Gainesville Regional Utilities,DF,Day-ahead demand forecast,180,megawatthours
2026-01-09T17,HST,City of Homestead,D,Demand,65,megawatthours
2026-01-09T17,HST,City of Homestead,DF,Day-ahead demand forecast,59,megawatthours
2026-01-09T17,IID,Imperial Irrigation District,D,Demand,320,megawatthours
2026-01-09T17,IID,Imperial Irrigation District,DF,Day-ahead demand forecast,318,megawatthours
2026-01-09T17,IPCO,Idaho Power Company,D,Demand,2399,megawatthours
2026-01-09T17,IPCO,Idaho Power Company,DF,Day-ahead demand forecast,2261,megawatthours
2026-01-09T17,ISNE,ISO New England,D,Demand,13815,megawatthours
2026-01-09T17,ISNE,ISO New England,DF,Day-ahead demand forecast,14250,megawatthours
2026-01-09T17,JEA,JEA,D,Demand,1450,megawatthours
2026-01-09T17,JEA,JEA,DF,Day-ahead demand forecast,1473,megawatthours
2026-01-09T17,LDWP,Los Angeles Department of Water and Power,D,Demand,3075,megawatthours
2026-01-09T17,LDWP,Los Angeles Department of Water and Power,DF,Day-ahead demand forecast,2723,megawatthours
2026-01-09T17,LGEE,LG&E and KU Services Company as agent for Louisville Gas and Electric Company and Kentucky Utilities Company,D,Demand,0,megawatthours
2026-01-09T17,MIDA,Mid-Atlantic,D,Demand,97627,megawatthours
2026-01-09T17,MIDA,Mid-Atlantic,DF,Day-ahead demand forecast,92022,megawatthours
2026-01-09T17,MIDW,Midwest,D,Demand,78930,megawatthours
2026-01-09T17,MIDW,Midwest,DF,Day-ahead demand forecast,79860,megawatthours
2026-01-09T17,MISO,"Midcontinent Independent System Operator, Inc.",D,Demand,76592,megawatthours
2026-01-09T17,MISO,"Midcontinent Independent System Operator, Inc.",DF,Day-ahead demand forecast,77414,megawatthours
2026-01-09T17,NE,New England,D,Demand,13815,megawatthours
2026-01-09T17,NE,New England,DF,Day-ahead demand forecast,14250,megawatthours
2026-01-09T17,NEVP,Nevada Power Company,D,Demand,4370,megawatthours
2026-01-09T17,NEVP,Nevada Power Company,DF,Day-ahead demand forecast,3965,megawatthours
2026-01-09T17,NW,Northwest,D,Demand,50160,megawatthours
2026-01-09T17,NW,Northwest,DF,Day-ahead demand forecast,46104,megawatthours
2026-01-09T17,NWMT,NorthWestern Corporation,D,Demand,1556,megawatthours
2026-01-09T17,NWMT,NorthWestern Corporation,DF,Day-ahead demand forecast,1570,megawatthours
2026-01-09T17,NY,New York,D,Demand,17848,megawatthours
2026-01-09T17,NY,New York,DF,Day-ahead demand forecast,18064,megawatthours
2026-01-09T17,NYIS,New York Independent System Operator,D,Demand,17848,megawatthours
2026-01-09T17,NYIS,New York Independent System Operator,DF,Day-ahead demand forecast,18064,megawatthours
2026-01-09T17,PACE,PacifiCorp East,D,Demand,6977,megawatthours
2026-01-09T17,PACE,PacifiCorp East,DF,Day-ahead demand forecast,6944,megawatthours
2026-01-09T17,PACW,PacifiCorp West,D,Demand,3239,megawatthours
2026-01-09T17,PACW,PacifiCorp West,DF,Day-ahead demand forecast,3226,megawatthours
2026-01-09T17,PGE,Portland General Electric Company,D,Demand,3297,megawatthours
2026-01-09T17,PGE,Portland General Electric Company,DF,Day-ahead demand forecast,3204,megawatthours
2026-01-09T17,PJM,"PJM Interconnection, LLC",D,Demand,97627,megawatthours
2026-01-09T17,PJM,"PJM Interconnection, LLC",DF,Day-ahead demand forecast,92022,megawatthours
2026-01-09T17,PNM,Public Service Company of New Mexico,D,Demand,1967,megawatthours
2026-01-09T17,PNM,Public Service Company of New Mexico,DF,Day-ahead demand forecast,1697,megawatthours
2026-01-09T17,PSCO,Public Service Company of Colorado,D,Demand,5616,megawatthours
2026-01-09T17,PSCO,Public Service Company of Colorado,DF,Day-ahead demand forecast,5405,megawatthours
2026-01-09T17,PSEI,"Puget Sound Energy, Inc.",D,Demand,3698,megawatthours
2026-01-09T17,PSEI,"Puget Sound Energy, Inc.",DF,Day-ahead demand forecast,1210,megawatthours
2026-01-09T17,SC,South Carolina Public Service Authority,D,Demand,2735,megawatthours
2026-01-09T17,SC,South Carolina Public Service Authority,DF,Day-ahead demand forecast,2735,megawatthours
2026-01-09T17,SCL,Seattle City Light,D,Demand,1438,megawatthours
2026-01-09T17,SCL,Seattle City Light,DF,Day-ahead demand forecast,1404,megawatthours
2026-01-09T17,SE,Southeast,D,Demand,24710,megawatthours
2026-01-09T17,SE,Southeast,DF,Day-ahead demand forecast,24528,megawatthours
2026-01-09T17,SEC,Seminole Electric Cooperative,D,Demand,229,megawatthours
2026-01-09T17,SEC,Seminole Electric Cooperative,DF,Day-ahead demand forecast,189,megawatthours
2026-01-09T17,SOCO,"Southern Company Services, Inc. - Trans",D,Demand,24710,megawatthours
2026-01-09T17,SOCO,"Southern Company Services, Inc. - Trans",DF,Day-ahead demand forecast,24528,megawatthours
2026-01-09T17,SPA,Southwestern Power Administration,D,Demand,21,megawatthours
2026-01-09T17,SRP,Salt River Project Agricultural Improvement and Power District,D,Demand,3972,megawatthours
2026-01-09T17,SRP,Salt River Project Agricultural Improvement and Power District,DF,Day-ahead demand forecast,3872,megawatthours
2026-01-09T17,SW,Southwest,D,Demand,14145,megawatthours
2026-01-09T17,SW,Southwest,DF,Day-ahead demand forecast,11706,megawatthours
2026-01-09T17,SWPP,Southwest Power Pool,D,Demand,31226,megawatthours
2026-01-09T17,SWPP,Southwest Power Pool,DF,Day-ahead demand forecast,37986,megawatthours
2026-01-09T17,TAL,City of Tallahassee,D,Demand,289,megawatthours
2026-01-09T17,TAL,City of Tallahassee,DF,Day-ahead demand forecast,283,megawatthours
2026-01-09T17,TEC,Tampa Electric Company,D,Demand,2375,megawatthours
2026-01-09T17,TEC,Tampa Electric Company,DF,Day-ahead demand forecast,2465,megawatthours
2026-01-09T17,TEN,Tennessee,D,Demand,17459,megawatthours
2026-01-09T17,TEN,Tennessee,DF,Day-ahead demand forecast,17286,megawatthours
2026-01-09T17,TEPC,Tucson Electric Power,D,Demand,1581,megawatthours
2026-01-09T17,TEPC,Tucson Electric Power,DF,Day-ahead demand forecast,1602,megawatthours
2026-01-09T17,TEX,Texas,D,Demand,50924,megawatthours
2026-01-09T17,TEX,Texas,DF,Day-ahead demand forecast,51631,megawatthours
2026-01-09T17,TIDC,Turlock Irrigation District,D,Demand,331,megawatthours
2026-01-09T17,TIDC,Turlock Irrigation District,DF,Day-ahead demand forecast,316,megawatthours
2026-01-09T17,TPWR,"City of Tacoma, Department of Public Utilities, Light Division",D,Demand,678,megawatthours
2026-01-09T17,TPWR,"City of Tacoma, Department of Public Utilities, Light Division",DF,Day-ahead demand forecast,697,megawatthours
2026-01-09T17,TVA,Tennessee Valley Authority,D,Demand,17459,megawatthours
2026-01-09T17,TVA,Tennessee Valley Authority,DF,Day-ahead demand forecast,17286,megawatthours
2026-01-09T17,US48,United States Lower 48,D,Demand,481296,megawatthours
2026-01-09T17,US48,United States Lower 48,DF,Day-ahead demand forecast,472960,megawatthours
2026-01-09T17,WACM,Western Area Power Administration - Rocky Mountain Region,D,Demand,4291,megawatthours
2026-01-09T17,WACM,Western Area Power Administration - Rocky Mountain Region,DF,Day-ahead demand forecast,3662,megawatthours
2026-01-09T17,WALC,Western Area Power Administration - Desert Southwest Region,D,Demand,1004,megawatthours
2026-01-09T17,WAUW,Western Area Power Administration - Upper Great Plains West,D,Demand,112,megawatthours
2026-01-09T17,WAUW,Western Area Power Administration - Upper Great Plains West,DF,Day-ahead demand forecast,117,megawatthours
2026-01-09T16,AECI,"Associated Electric Cooperative, Inc.",D,Demand,2415,megawatthours
2026-01-09T16,AECI,"Associated Electric Cooperative, Inc.",DF,Day-ahead demand forecast,2544,megawatthours
2026-01-09T16,AVA,Avista Corporation,D,Demand,1820,megawatthours
2026-01-09T16,AVA,Avista Corporation,DF,Day-ahead demand forecast,1821,megawatthours
2026-01-09T16,AZPS,Arizona Public Service Company,D,Demand,4893,megawatthours
2026-01-09T16,AZPS,Arizona Public Service Company,DF,Day-ahead demand forecast,4024,megawatthours
2026-01-09T16,BANC,Balancing Authority of Northern California,D,Demand,2377,megawatthours
2026-01-09T16,BANC,Balancing Authority of Northern California,DF,Day-ahead demand forecast,2280,megawatthours
2026-01-09T16,BPAT,Bonneville Power Administration,D,Demand,9134,megawatthours
2026-01-09T16,BPAT,Bonneville Power Administration,DF,Day-ahead demand forecast,8976,megawatthours
2026-01-09T16,CAL,California,D,Demand,33982,megawatthours
2026-01-09T16,CAL,California,DF,Day-ahead demand forecast,32353,megawatthours
2026-01-09T16,CAR,Carolinas,D,Demand,21796,megawatthours
2026-01-09T16,CAR,Carolinas,DF,Day-ahead demand forecast,21505,megawatthours
2026-01-09T16,CENT,Central,D,Demand,31244,megawatthours
2026-01-09T16,CENT,Central,DF,Day-ahead demand forecast,38552,megawatthours
2026-01-09T16,CHPD,Public Utility District No. 1 of Chelan County,D,Demand,355,megawatthours
2026-01-09T16,CHPD,Public Utility District No. 1 of Chelan County,DF,Day-ahead demand forecast,355,megawatthours
2026-01-09T16,CISO,California Independent System Operator,D,Demand,27889,megawatthours
2026-01-09T16,CISO,California Independent System Operator,DF,Day-ahead demand forecast,26738,megawatthours
2026-01-09T16,CPLE,Duke Energy Progress East,D,Demand,6492,megawatthours
2026-01-09T16,CPLE,Duke Energy Progress East,DF,Day-ahead demand forecast,6234,megawatthours
2026-01-09T16,CPLW,Duke Energy Progress West,D,Demand,531,megawatthours
2026-01-09T16,CPLW,Duke Energy Progress West,DF,Day-ahead demand forecast,655,megawatthours
2026-01-09T16,DOPD,PUD No. 1 of Douglas County,D,Demand,396,megawatthours
2026-01-09T16,DOPD,PUD No. 1 of Douglas County,DF,Day-ahead demand forecast,406,megawatthours
2026-01-09T16,DUK,Duke Energy Carolinas,D,Demand,11984,megawatthours
2026-01-09T16,DUK,Duke Energy Carolinas,DF,Day-ahead demand forecast,11827,megawatthours
2026-01-09T16,EPE,El Paso Electric Company,D,Demand,935,megawatthours
2026-01-09T16,EPE,El Paso Electric Company,DF,Day-ahead demand forecast,948,megawatthours
2026-01-09T16,ERCO,"Electric Reliability Council of Texas, Inc.",D,Demand,50543,megawatthours
2026-01-09T16,ERCO,"Electric Reliability Council of Texas, Inc.",DF,Day-ahead demand forecast,51500,megawatthours
2026-01-09T16,FLA,Florida,D,Demand,26994,megawatthours
2026-01-09T16,FLA,Florida,DF,Day-ahead demand forecast,26509,megawatthours
2026-01-09T16,FMPP,Florida Municipal Power Pool,D,Demand,1985,megawatthours
2026-01-09T16,FMPP,Florida Municipal Power Pool,DF,Day-ahead demand forecast,2001,megawatthours
2026-01-09T16,FPC,"Duke Energy Florida, Inc.",D,Demand,5334,megawatthours
2026-01-09T16,FPC,"Duke Energy Florida, Inc.",DF,Day-ahead demand forecast,4113,megawatthours
2026-01-09T16,FPL,Florida Power & Light Co.,D,Demand,15254,megawatthours
2026-01-09T16,FPL,Florida Power & Light Co.,DF,Day-ahead demand forecast,15947,megawatthours
2026-01-09T16,GCPD,"Public Utility District No. 2 of Grant County, Washington",D,Demand,790,megawatthours
2026-01-09T16,GCPD,"Public Utility District No. 2 of Grant County, Washington",DF,Day-ahead demand forecast,810,megawatthours
2026-01-09T16,GVL,Gainesville Regional Utilities,D,Demand,204,megawatthours
2026-01-09T16,GVL,Gainesville Regional Utilities,DF,Day-ahead demand forecast,175,megawatthours
2026-01-09T16,HST,City of Homestead,D,Demand,61,megawatthours
2026-01-09T16,HST,City of Homestead,DF,Day-ahead demand forecast,56,megawatthours
2026-01-09T16,IID,Imperial Irrigation District,D,Demand,298,megawatthours
2026-01-09T16,IID,Imperial Irrigation District,DF,Day-ahead demand forecast,320,megawatthours
2026-01-09T16,IPCO,Idaho Power Company,D,Demand,2447,megawatthours
2026-01-09T16,IPCO,Idaho Power Company,DF,Day-ahead demand forecast,2294,megawatthours
2026-01-09T16,ISNE,ISO New England,D,Demand,13833,megawatthours
2026-01-09T16,ISNE,ISO New England,DF,Day-ahead demand forecast,14320,megawatthours
2026-01-09T16,JEA,JEA,D,Demand,1390,megawatthours
2026-01-09T16,JEA,JEA,DF,Day-ahead demand forecast,1414,megawatthours
2026-01-09T16,LDWP,Los Angeles Department of Water and Power,D,Demand,3076,megawatthours
2026-01-09T16,LDWP,Los Angeles Department of Water and Power,DF,Day-ahead demand forecast,2693,megawatthours
2026-01-09T16,LGEE,LG&E and KU Services Company as agent for Louisville Gas and Electric Company and Kentucky Utilities Company,D,Demand,3866,megawatthours
2026-01-09T16,MIDA,Mid-Atlantic,D,Demand,97528,megawatthours
2026-01-09T16,MIDA,Mid-Atlantic,DF,Day-ahead demand forecast,93033,megawatthours
2026-01-09T16,MIDW,Midwest,D,Demand,83484,megawatthours
2026-01-09T16,MIDW,Midwest,DF,Day-ahead demand forecast,79858,megawatthours
2026-01-09T16,MISO,"Midcontinent Independent System Operator, Inc.",D,Demand,77203,megawatthours
2026-01-09T16,MISO,"Midcontinent Independent System Operator, Inc.",DF,Day-ahead demand forecast,77314,megawatthours
2026-01-09T16,NE,New England,D,Demand,13833,megawatthours
2026-01-09T16,NE,New England,DF,Day-ahead demand forecast,14320,megawatthours
2026-01-09T16,NEVP,Nevada Power Company,D,Demand,4543,megawatthours
2026-01-09T16,NEVP,Nevada Power Company,DF,Day-ahead demand forecast,4119,megawatthours
2026-01-09T16,NW,Northwest,D,Demand,50085,megawatthours
2026-01-09T16,NW,Northwest,DF,Day-ahead demand forecast,46286,megawatthours
2026-01-09T16,NWMT,NorthWestern Corporation,D,Demand,1565,megawatthours
2026-01-09T16,NWMT,NorthWestern Corporation,DF,Day-ahead demand forecast,1583,megawatthours
2026-01-09T16,NY,New York,D,Demand,17889,megawatthours
2026-01-09T16,NY,New York,DF,Day-ahead demand forecast,18156,megawatthours
2026-01-09T16,NYIS,New York Independent System Operator,D,Demand,17889,megawatthours
2026-01-09T16,NYIS,New York Independent System Operator,DF,Day-ahead demand forecast,18156,megawatthours
2026-01-09T16,PACE,PacifiCorp East,D,Demand,6896,megawatthours
2026-01-09T16,PACE,PacifiCorp East,DF,Day-ahead demand forecast,7007,megawatthours
2026-01-09T16,PACW,PacifiCorp West,D,Demand,3234,megawatthours
2026-01-09T16,PACW,PacifiCorp West,DF,Day-ahead demand forecast,3198,megawatthours
2026-01-09T16,PGE,Portland General Electric Company,D,Demand,3248,megawatthours
2026-01-09T16,PGE,Portland General Electric Company,DF,Day-ahead demand forecast,3158,megawatthours
2026-01-09T16,PJM,"PJM Interconnection, LLC",D,Demand,97528,megawatthours
2026-01-09T16,PJM,"PJM Interconnection, LLC",DF,Day-ahead demand forecast,93033,megawatthours
2026-01-09T16,PNM,Public Service Company of New Mexico,D,Demand,1955,megawatthours
2026-01-09T16,PNM,Public Service Company of New Mexico,DF,Day-ahead demand forecast,1772,megawatthours
2026-01-09T16,PSCO,Public Service Company of Colorado,D,Demand,5630,megawatthours
2026-01-09T16,PSCO,Public Service Company of Colorado,DF,Day-ahead demand forecast,5350,megawatthours
2026-01-09T16,PSEI,"Puget Sound Energy, Inc.",D,Demand,3662,megawatthours
2026-01-09T16,PSEI,"Puget Sound Energy, Inc.",DF,Day-ahead demand forecast,1340,megawatthours
2026-01-09T16,SC,South Carolina Public Service Authority,D,Demand,2789,megawatthours
2026-01-09T16,SC,South Carolina Public Service Authority,DF,Day-ahead demand forecast,2789,megawatthours
2026-01-09T16,SCL,Seattle City Light,D,Demand,1387,megawatthours
2026-01-09T16,SCL,Seattle City Light,DF,Day-ahead demand forecast,1369,megawatthours
2026-01-09T16,SE,Southeast,D,Demand,24482,megawatthours
2026-01-09T16,SE,Southeast,DF,Day-ahead demand forecast,24279,megawatthours
2026-01-09T16,SEC,Seminole Electric Cooperative,D,Demand,216,megawatthours
2026-01-09T16,SEC,Seminole Electric Cooperative,DF,Day-ahead demand forecast,179,megawatthours
2026-01-09T16,SOCO,"Southern Company Services, Inc. - Trans",D,Demand,24482,megawatthours
2026-01-09T16,SOCO,"Southern Company Services, Inc. - Trans",DF,Day-ahead demand forecast,24279,megawatthours
2026-01-09T16,SPA,Southwestern Power Administration,D,Demand,18,megawatthours
2026-01-09T16,SRP,Salt River Project Agricultural Improvement and Power District,D,Demand,4175,megawatthours
2026-01-09T16,SRP,Salt River Project Agricultural Improvement and Power District,DF,Day-ahead demand forecast,4056,megawatthours
2026-01-09T16,SW,Southwest,D,Demand,14702,megawatthours
2026-01-09T16,SW,Southwest,DF,Day-ahead demand forecast,12565,megawatthours
2026-01-09T16,SWPP,Southwest Power Pool,D,Demand,31226,megawatthours
2026-01-09T16,SWPP,Southwest Power Pool,DF,Day-ahead demand forecast,38552,megawatthours
2026-01-09T16,TAL,City of Tallahassee,D,Demand,283,megawatthours
2026-01-09T16,TAL,City of Tallahassee,DF,Day-ahead demand forecast,283,megawatthours
2026-01-09T16,TEC,Tampa Electric Company,D,Demand,2267,megawatthours
2026-01-09T16,TEC,Tampa Electric Company,DF,Day-ahead demand forecast,2341,megawatthours
2026-01-09T16,TEN,Tennessee,D,Demand,17063,megawatthours
2026-01-09T16,TEN,Tennessee,DF,Day-ahead demand forecast,16964,megawatthours
2026-01-09T16,TEPC,Tucson Electric Power,D,Demand,1766,megawatthours
2026-01-09T16,TEPC,Tucson Electric Power,DF,Day-ahead demand forecast,1765,megawatthours
2026-01-09T16,TEX,Texas,D,Demand,50543,megawatthours
2026-01-09T16,TEX,Texas,DF,Day-ahead demand forecast,51500,megawatthours
2026-01-09T16,TIDC,Turlock Irrigation District,D,Demand,342,megawatthours
2026-01-09T16,TIDC,Turlock Irrigation District,DF,Day-ahead demand forecast,322,megawatthours
2026-01-09T16,TPWR,"City of Tacoma, Department of Public Utilities, Light Division",D,Demand,675,megawatthours
2026-01-09T16,TPWR,"City of Tacoma, Department of Public Utilities, Light Division",DF,Day-ahead demand forecast,690,megawatthours
2026-01-09T16,TVA,Tennessee Valley Authority,D,Demand,17063,megawatthours
2026-01-09T16,TVA,Tennessee Valley Authority,DF,Day-ahead demand forecast,16964,megawatthours
2026-01-09T16,US48,United States Lower 48,D,Demand,483625,megawatthours
2026-01-09T16,US48,United States Lower 48,DF,Day-ahead demand forecast,475880,megawatthours
2026-01-09T16,WACM,Western Area Power Administration - Rocky Mountain Region,D,Demand,4189,megawatthours
2026-01-09T16,WACM,Western Area Power Administration - Rocky Mountain Region,DF,Day-ahead demand forecast,3689,megawatthours
2026-01-09T16,WALC,Western Area Power Administration - Desert Southwest Region,D,Demand,978,megawatthours
2026-01-09T16,WAUW,Western Area Power Administration - Upper Great Plains West,D,Demand,114,megawatthours
2026-01-09T16,WAUW,Western Area Power Administration - Upper Great Plains West,DF,Day-ahead demand forecast,121,megawatthours
2026-01-09T15,AECI,"Associated Electric Cooperative, Inc.",D,Demand,2556,megawatthours
2026-01-09T15,AECI,"Associated Electric Cooperative, Inc.",DF,Day-ahead demand forecast,2603,megawatthours
2026-01-09T15,AVA,Avista Corporation,D,Demand,1753,megawatthours
2026-01-09T15,AVA,Avista Corporation,DF,Day-ahead demand forecast,1737,megawatthours
2026-01-09T15,AZPS,Arizona Public Service Company,D,Demand,5115,megawatthours
2026-01-09T15,AZPS,Arizona Public Service Company,DF,Day-ahead demand forecast,4524,megawatthours
2026-01-09T15,BANC,Balancing Authority of Northern California,D,Demand,2219,megawatthours
2026-01-09T15,BANC,Balancing Authority of Northern California,DF,Day-ahead demand forecast,2151,megawatthours
2026-01-09T15,BPAT,Bonneville Power Administration,D,Demand,8728,megawatthours
2026-01-09T15,BPAT,Bonneville Power Administration,DF,Day-ahead demand forecast,8633,megawatthours
2026-01-09T15,CAL,California,D,Demand,31996,megawatthours
2026-01-09T15,CAL,California,DF,Day-ahead demand forecast,30697,megawatthours
2026-01-09T15,CAR,Carolinas,D,Demand,22202,megawatthours
2026-01-09T15,CAR,Carolinas,DF,Day-ahead demand forecast,22021,megawatthours
2026-01-09T15,CENT,Central,D,Demand,31254,megawatthours
2026-01-09T15,CENT,Central,DF,Day-ahead demand forecast,39011,megawatthours
2026-01-09T15,CHPD,Public Utility District No. 1 of Chelan County,D,Demand,344,megawatthours
2026-01-09T15,CHPD,Public Utility District No. 1 of Chelan County,DF,Day-ahead demand forecast,344,megawatthours
2026-01-09T15,CISO,California Independent System Operator,D,Demand,26208,megawatthours
2026-01-09T15,CISO,California Independent System Operator,DF,Day-ahead demand forecast,25385,megawatthours
2026-01-09T15,CPLE,Duke Energy Progress East,D,Demand,6868,megawatthours
2026-01-09T15,CPLE,Duke Energy Progress East,DF,Day-ahead demand forecast,6515,megawatthours
2026-01-09T15,CPLW,Duke Energy Progress West,D,Demand,545,megawatthours
2026-01-09T15,CPLW,Duke Energy Progress West,DF,Day-ahead demand forecast,683,megawatthours
2026-01-09T15,DOPD,PUD No. 1 of Douglas County,D,Demand,387,megawatthours
2026-01-09T15,DOPD,PUD No. 1 of Douglas County,DF,Day-ahead demand forecast,395,megawatthours
2026-01-09T15,DUK,Duke Energy Carolinas,D,Demand,12005,megawatthours
2026-01-09T15,DUK,Duke Energy Carolinas,DF,Day-ahead demand forecast,12039,megawatthours
2026-01-09T15,EPE,El Paso Electric Company,D,Demand,968,megawatthours
2026-01-09T15,EPE,El Paso Electric Company,DF,Day-ahead demand forecast,973,megawatthours
2026-01-09T15,ERCO,"Electric Reliability Council of Texas, Inc.",D,Demand,49389,megawatthours
2026-01-09T15,ERCO,"Electric Reliability Council of Texas, Inc.",DF,Day-ahead demand forecast,51154,megawatthours
2026-01-09T15,FLA,Florida,D,Demand,26060,megawatthours
2026-01-09T15,FLA,Florida,DF,Day-ahead demand forecast,25269,megawatthours
2026-01-09T15,FMPP,Florida Municipal Power Pool,D,Demand,1881,megawatthours
2026-01-09T15,FMPP,Florida Municipal Power Pool,DF,Day-ahead demand forecast,1890,megawatthours
2026-01-09T15,FPC,"Duke Energy Florida, Inc.",D,Demand,5171,megawatthours
2026-01-09T15,FPC,"Duke Energy Florida, Inc.",DF,Day-ahead demand forecast,4033,megawatthours
2026-01-09T15,FPL,Florida Power & Light Co.,D,Demand,14843,megawatthours
2026-01-09T15,FPL,Florida Power & Light Co.,DF,Day-ahead demand forecast,15110,megawatthours
2026-01-09T15,GCPD,"Public Utility District No. 2 of Grant County, Washington",D,Demand,783,megawatthours
2026-01-09T15,GCPD,"Public Utility District No. 2 of Grant County, Washington",DF,Day-ahead demand forecast,803,megawatthours
2026-01-09T15,GVL,Gainesville Regional Utilities,D,Demand,198,megawatthours
2026-01-09T15,GVL,Gainesville Regional Utilities,DF,Day-ahead demand forecast,172,megawatthours
2026-01-09T15,HST,City of Homestead,D,Demand,57,megawatthours
2026-01-09T15,HST,City of Homestead,DF,Day-ahead demand forecast,54,megawatthours
2026-01-09T15,IID,Imperial Irrigation District,D,Demand,298,megawatthours
2026-01-09T15,IID,Imperial Irrigation District,DF,Day-ahead demand forecast,312,megawatthours
2026-01-09T15,IPCO,Idaho Power Company,D,Demand,2407,megawatthours
2026-01-09T15,IPCO,Idaho Power Company,DF,Day-ahead demand forecast,2303,megawatthours
2026-01-09T15,ISNE,ISO New England,D,Demand,14650,megawatthours
2026-01-09T15,ISNE,ISO New England,DF,Day-ahead demand forecast,14650,megawatthours
2026-01-09T15,JEA,JEA,D,Demand,1336,megawatthours
2026-01-09T15,JEA,JEA,DF,Day-ahead demand forecast,1357,megawatthours
2026-01-09T15,LDWP,Los Angeles Department of Water and Power,D,Demand,2947,megawatthours
2026-01-09T15,LDWP,Los Angeles Department of Water and Power,DF,Day-ahead demand forecast,2541,megawatthours
2026-01-09T15,LGEE,LG&E and KU Services Company as agent for Louisville Gas and Electric Company and Kentucky Utilities Company,D,Demand,3821,megawatthours
2026-01-09T15,MIDA,Mid-Atlantic,D,Demand,98254,megawatthours
2026-01-09T15,MIDA,Mid-Atlantic,DF,Day-ahead demand forecast,94313,megawatthours
2026-01-09T15,MIDW,Midwest,D,Demand,83719,megawatthours
2026-01-09T15,MIDW,Midwest,DF,Day-ahead demand forecast,79645,megawatthours
2026-01-09T15,MISO,"Midcontinent Independent System Operator, Inc.",D,Demand,77342,megawatthours
2026-01-09T15,MISO,"Midcontinent Independent System Operator, Inc.",DF,Day-ahead demand forecast,77042,megawatthours
2026-01-09T15,NE,New England,D,Demand,14650,megawatthours
2026-01-09T15,NE,New England,DF,Day-ahead demand forecast,14650,megawatthours
2026-01-09T15,NEVP,Nevada Power Company,D,Demand,4541,megawatthours
2026-01-09T15,NEVP,Nevada Power Company,DF,Day-ahead demand forecast,4176,megawatthours
2026-01-09T15,NW,Northwest,D,Demand,48437,megawatthours
2026-01-09T15,NW,Northwest,DF,Day-ahead demand forecast,45303,megawatthours
2026-01-09T15,NWMT,NorthWestern Corporation,D,Demand,1546,megawatthours
2026-01-09T15,NWMT,NorthWestern Corporation,DF,Day-ahead demand forecast,1570,megawatthours
2026-01-09T15,NY,New York,D,Demand,18162,megawatthours
2026-01-09T15,NY,New York,DF,Day-ahead demand forecast,18232,megawatthours
2026-01-09T15,NYIS,New York Independent System Operator,D,Demand,18162,megawatthours
2026-01-09T15,NYIS,New York Independent System Operator,DF,Day-ahead demand forecast,18232,megawatthours
2026-01-09T15,PACE,PacifiCorp East,D,Demand,6742,megawatthours
2026-01-09T15,PACE,PacifiCorp East,DF,Day-ahead demand forecast,6964,megawatthours
2026-01-09T15,PACW,PacifiCorp West,D,Demand,3051,megawatthours
2026-01-09T15,PACW,PacifiCorp West,DF,Day-ahead demand forecast,3033,megawatthours
2026-01-09T15,PGE,Portland General Electric Company,D,Demand,3034,megawatthours
2026-01-09T15,PGE,Portland General Electric Company,DF,Day-ahead demand forecast,2963,megawatthours
2026-01-09T15,PJM,"PJM Interconnection, LLC",D,Demand,98254,megawatthours
2026-01-09T15,PJM,"PJM Interconnection, LLC",DF,Day-ahead demand forecast,94313,megawatthours
2026-01-09T15,PNM,Public Service Company of New Mexico,D,Demand,1930,megawatthours
2026-01-09T15,PNM,Public Service Company of New Mexico,DF,Day-ahead demand forecast,1825,megawatthours
2026-01-09T15,PSCO,Public Service Company of Colorado,D,Demand,5608,megawatthours
2026-01-09T15,PSCO,Public Service Company of Colorado,DF,Day-ahead demand forecast,5305,megawatthours
2026-01-09T15,PSEI,"Puget Sound Energy, Inc.",D,Demand,3433,megawatthours
2026-01-09T15,PSEI,"Puget Sound Energy, Inc.",DF,Day-ahead demand forecast,1383,megawatthours
2026-01-09T15,SC,South Carolina Public Service Authority,D,Demand,2784,megawatthours
2026-01-09T15,SC,South Carolina Public Service Authority,DF,Day-ahead demand forecast,2784,megawatthours
2026-01-09T15,SCL,Seattle City Light,D,Demand,1282,megawatthours
2026-01-09T15,SCL,Seattle City Light,DF,Day-ahead demand forecast,1261,megawatthours
2026-01-09T15,SE,Southeast,D,Demand,24309,megawatthours
2026-01-09T15,SE,Southeast,DF,Day-ahead demand forecast,23782,megawatthours
2026-01-09T15,SEC,Seminole Electric Cooperative,D,Demand,208,megawatthours
2026-01-09T15,SEC,Seminole Electric Cooperative,DF,Day-ahead demand forecast,171,megawatthours
2026-01-09T15,SOCO,"Southern Company Services, Inc. - Trans",D,Demand,24309,megawatthours
2026-01-09T15,SOCO,"Southern Company Services, Inc. - Trans",DF,Day-ahead demand forecast,23782,megawatthours
2026-01-09T15,SPA,Southwestern Power Administration,D,Demand,28,megawatthours
2026-01-09T15,SRP,Salt River Project Agricultural Improvement and Power District,D,Demand,4317,megawatthours
2026-01-09T15,SRP,Salt River Project Agricultural Improvement and Power District,DF,Day-ahead demand forecast,4113,megawatthours
2026-01-09T15,SW,Southwest,D,Demand,15180,megawatthours
2026-01-09T15,SW,Southwest,DF,Day-ahead demand forecast,13253,megawatthours
2026-01-09T15,SWPP,Southwest Power Pool,D,Demand,31226,megawatthours
2026-01-09T15,SWPP,Southwest Power Pool,DF,Day-ahead demand forecast,39011,megawatthours
2026-01-09T15,TAL,City of Tallahassee,D,Demand,278,megawatthours
2026-01-09T15,TAL,City of Tallahassee,DF,Day-ahead demand forecast,278,megawatthours
2026-01-09T15,TEC,Tampa Electric Company,D,Demand,2088,megawatthours
2026-01-09T15,TEC,Tampa Electric Company,DF,Day-ahead demand forecast,2204,megawatthours
2026-01-09T15,TEN,Tennessee,D,Demand,16806,megawatthours
2026-01-09T15,TEN,Tennessee,DF,Day-ahead demand forecast,16781,megawatthours
2026-01-09T15,TEPC,Tucson Electric Power,D,Demand,1855,megawatthours
2026-01-09T15,TEPC,Tucson Electric Power,DF,Day-ahead demand forecast,1818,megawatthours
2026-01-09T15,TEX,Texas,D,Demand,49389,megawatthours
2026-01-09T15,TEX,Texas,DF,Day-ahead demand forecast,51154,megawatthours
2026-01-09T15,TIDC,Turlock Irrigation District,D,Demand,324,megawatthours
2026-01-09T15,TIDC,Turlock Irrigation District,DF,Day-ahead demand forecast,308,megawatthours
2026-01-09T15,TPWR,"City of Tacoma, Department of Public Utilities, Light Division",D,Demand,639,megawatthours
2026-01-09T15,TPWR,"City of Tacoma, Department of Public Utilities, Light Division",DF,Day-ahead demand forecast,656,megawatthours
2026-01-09T15,TVA,Tennessee Valley Authority,D,Demand,16806,megawatthours
2026-01-09T15,TVA,Tennessee Valley Authority,DF,Day-ahead demand forecast,16781,megawatthours
2026-01-09T15,US48,United States Lower 48,D,Demand,480418,megawatthours
2026-01-09T15,US48,United States Lower 48,DF,Day-ahead demand forecast,474111,megawatthours
2026-01-09T15,WACM,Western Area Power Administration - Rocky Mountain Region,D,Demand,4052,megawatthours
2026-01-09T15,WACM,Western Area Power Administration - Rocky Mountain Region,DF,Day-ahead demand forecast,3657,megawatthours
2026-01-09T15,WALC,Western Area Power Administration - Desert Southwest Region,D,Demand,995,megawatthours
2026-01-09T15,WAUW,Western Area Power Administration - Upper Great Plains West,D,Demand,107,megawatthours
2026-01-09T15,WAUW,Western Area Power Administration - Upper Great Plains West,DF,Day-ahead demand forecast,120,megawatthours
2026-01-09T14,AECI,"Associated Electric Cooperative, Inc.",D,Demand,2579,megawatthours
2026-01-09T14,AECI,"Associated Electric Cooperative, Inc.",DF,Day-ahead demand forecast,2604,megawatthours
2026-01-09T14,AVA,Avista Corporation,D,Demand,1624,megawatthours
2026-01-09T14,AVA,Avista Corporation,DF,Day-ahead demand forecast,1609,megawatthours
2026-01-09T14,AZPS,Arizona Public Service Company,D,Demand,5015,megawatthours
2026-01-09T14,AZPS,Arizona Public Service Company,DF,Day-ahead demand forecast,4724,megawatthours
2026-01-09T14,BANC,Balancing Authority of Northern California,D,Demand,1994,megawatthours
2026-01-09T14,BANC,Balancing Authority of Northern California,DF,Day-ahead demand forecast,1971,megawatthours
2026-01-09T14,BPAT,Bonneville Power Administration,D,Demand,8195,megawatthours
2026-01-09T14,BPAT,Bonneville Power Administration,DF,Day-ahead demand forecast,8135,megawatthours
2026-01-09T14,CAL,California,D,Demand,29607,megawatthours
2026-01-09T14,CAL,California,DF,Day-ahead demand forecast,27990,megawatthours
2026-01-09T14,CAR,Carolinas,D,Demand,22488,megawatthours
2026-01-09T14,CAR,Carolinas,DF,Day-ahead demand forecast,22426,megawatthours
2026-01-09T14,CENT,Central,D,Demand,31246,megawatthours
2026-01-09T14,CENT,Central,DF,Day-ahead demand forecast,39069,megawatthours
2026-01-09T14,CHPD,Public Utility District No. 1 of Chelan County,D,Demand,315,megawatthours
2026-01-09T14,CHPD,Public Utility District No. 1 of Chelan County,DF,Day-ahead demand forecast,315,megawatthours
2026-01-09T14,CISO,California Independent System Operator,D,Demand,24039,megawatthours
2026-01-09T14,CISO,California Independent System Operator,DF,Day-ahead demand forecast,23134,megawatthours
2026-01-09T14,CPLE,Duke Energy Progress East,D,Demand,7287,megawatthours
2026-01-09T14,CPLE,Duke Energy Progress East,DF,Day-ahead demand forecast,6784,megawatthours
2026-01-09T14,CPLW,Duke Energy Progress West,D,Demand,545,megawatthours
2026-01-09T14,CPLW,Duke Energy Progress West,DF,Day-ahead demand forecast,694,megawatthours
2026-01-09T14,DOPD,PUD No. 1 of Douglas County,D,Demand,366,megawatthours
2026-01-09T14,DOPD,PUD No. 1 of Douglas County,DF,Day-ahead demand forecast,373,megawatthours
2026-01-09T14,DUK,Duke Energy Carolinas,D,Demand,11869,megawatthours
2026-01-09T14,DUK,Duke Energy Carolinas,DF,Day-ahead demand forecast,12161,megawatthours
2026-01-09T14,EPE,El Paso Electric Company,D,Demand,947,megawatthours
2026-01-09T14,EPE,El Paso Electric Company,DF,Day-ahead demand forecast,950,megawatthours
2026-01-09T14,ERCO,"Electric Reliability Council of Texas, Inc.",D,Demand,49129,megawatthours
2026-01-09T14,ERCO,"Electric Reliability Council of Texas, Inc.",DF,Day-ahead demand forecast,51046,megawatthours
2026-01-09T14,FLA,Florida,D,Demand,24558,megawatthours
2026-01-09T14,FLA,Florida,DF,Day-ahead demand forecast,23830,megawatthours
2026-01-09T14,FMPP,Florida Municipal Power Pool,D,Demand,1804,megawatthours
2026-01-09T14,FMPP,Florida Municipal Power Pool,DF,Day-ahead demand forecast,1801,megawatthours
2026-01-09T14,FPC,"Duke Energy Florida, Inc.",D,Demand,5102,megawatthours
2026-01-09T14,FPC,"Duke Energy Florida, Inc.",DF,Day-ahead demand forecast,3961,megawatthours
2026-01-09T14,FPL,Florida Power & Light Co.,D,Demand,13612,megawatthours
2026-01-09T14,FPL,Florida Power & Light Co.,DF,Day-ahead demand forecast,13982,megawatthours
2026-01-09T14,GCPD,"Public Utility District No. 2 of Grant County, Washington",D,Demand,761,megawatthours
2026-01-09T14,GCPD,"Public Utility District No. 2 of Grant County, Washington",DF,Day-ahead demand forecast,784,megawatthours
2026-01-09T14,GVL,Gainesville Regional Utilities,D,Demand,191,megawatthours
2026-01-09T14,GVL,Gainesville Regional Utilities,DF,Day-ahead demand forecast,168,megawatthours
2026-01-09T14,HST,City of Homestead,D,Demand,51,megawatthours
2026-01-09T14,HST,City of Homestead,DF,Day-ahead demand forecast,50,megawatthours
2026-01-09T14,IID,Imperial Irrigation District,D,Demand,262,megawatthours
2026-01-09T14,IID,Imperial Irrigation District,DF,Day-ahead demand forecast,282,megawatthours
2026-01-09T14,IPCO,Idaho Power Company,D,Demand,2286,megawatthours
2026-01-09T14,IPCO,Idaho Power Company,DF,Day-ahead demand forecast,2216,megawatthours
2026-01-09T14,ISNE,ISO New England,D,Demand,15736,megawatthours
2026-01-09T14,ISNE,ISO New England,DF,Day-ahead demand forecast,15090,megawatthours
2026-01-09T14,JEA,JEA,D,Demand,1309,megawatthours
2026-01-09T14,JEA,JEA,DF,Day-ahead demand forecast,1324,megawatthours
2026-01-09T14,LDWP,Los Angeles Department of Water and Power,D,Demand,3016,megawatthours
2026-01-09T14,LDWP,Los Angeles Department of Water and Power,DF,Day-ahead demand forecast,2323,megawatthours
2026-01-09T14,LGEE,LG&E and KU Services Company as agent for Louisville Gas and Electric Company and Kentucky Utilities Company,D,Demand,3765,megawatthours
2026-01-09T14,MIDA,Mid-Atlantic,D,Demand,99807,megawatthours
2026-01-09T14,MIDA,Mid-Atlantic,DF,Day-ahead demand forecast,95932,megawatthours
2026-01-09T14,MIDW,Midwest,D,Demand,83349,megawatthours
2026-01-09T14,MIDW,Midwest,DF,Day-ahead demand forecast,78850,megawatthours
2026-01-09T14,MISO,"Midcontinent Independent System Operator, Inc.",D,Demand,77005,megawatthours
2026-01-09T14,MISO,"Midcontinent Independent System Operator, Inc.",DF,Day-ahead demand forecast,76246,megawatthours
2026-01-09T14,NE,New England,D,Demand,15736,megawatthours
2026-01-09T14,NE,New England,DF,Day-ahead demand forecast,15090,megawatthours
2026-01-09T14,NEVP,Nevada Power Company,D,Demand,4305,megawatthours
2026-01-09T14,NEVP,Nevada Power Company,DF,Day-ahead demand forecast,3931,megawatthours
2026-01-09T14,NW,Northwest,D,Demand,45415,megawatthours
2026-01-09T14,NW,Northwest,DF,Day-ahead demand forecast,42919,megawatthours
2026-01-09T14,NWMT,NorthWestern Corporation,D,Demand,1466,megawatthours
2026-01-09T14,NWMT,NorthWestern Corporation,DF,Day-ahead demand forecast,1488,megawatthours
2026-01-09T14,NY,New York,D,Demand,18483,megawatthours
2026-01-09T14,NY,New York,DF,Day-ahead demand forecast,18177,megawatthours
2026-01-09T14,NYIS,New York Independent System Operator,D,Demand,18483,megawatthours
2026-01-09T14,NYIS,New York Independent System Operator,DF,Day-ahead demand forecast,18177,megawatthours
2026-01-09T14,PACE,PacifiCorp East,D,Demand,6469,megawatthours
2026-01-09T14,PACE,PacifiCorp East,DF,Day-ahead demand forecast,6646,megawatthours
2026-01-09T14,PACW,PacifiCorp West,D,Demand,2764,megawatthours
2026-01-09T14,PACW,PacifiCorp West,DF,Day-ahead demand forecast,2789,megawatthours
2026-01-09T14,PGE,Portland General Electric Company,D,Demand,2738,megawatthours
2026-01-09T14,PGE,Portland General Electric Company,DF,Day-ahead demand forecast,2705,megawatthours
2026-01-09T14,PJM,"PJM Interconnection, LLC",D,Demand,99807,megawatthours
2026-01-09T14,PJM,"PJM Interconnection, LLC",DF,Day-ahead demand forecast,95932,megawatthours
2026-01-09T14,PNM,Public Service Company of New Mexico,D,Demand,1860,megawatthours
2026-01-09T14,PNM,Public Service Company of New Mexico,DF,Day-ahead demand forecast,1772,megawatthours
2026-01-09T14,PSCO,Public Service Company of Colorado,D,Demand,5259,megawatthours
2026-01-09T14,PSCO,Public Service Company of Colorado,DF,Day-ahead demand forecast,5025,megawatthours
2026-01-09T14,PSEI,"Puget Sound Energy, Inc.",D,Demand,3089,megawatthours
2026-01-09T14,PSEI,"Puget Sound Energy, Inc.",DF,Day-ahead demand forecast,1455,megawatthours
2026-01-09T14,SC,South Carolina Public Service Authority,D,Demand,2787,megawatthours
2026-01-09T14,SC,South Carolina Public Service Authority,DF,Day-ahead demand forecast,2787,megawatthours
2026-01-09T14,SCL,Seattle City Light,D,Demand,1133,megawatthours
2026-01-09T14,SCL,Seattle City Light,DF,Day-ahead demand forecast,1131,megawatthours
2026-01-09T14,SE,Southeast,D,Demand,23834,megawatthours
2026-01-09T14,SE,Southeast,DF,Day-ahead demand forecast,23137,megawatthours
2026-01-09T14,SEC,Seminole Electric Cooperative,D,Demand,206,megawatthours
2026-01-09T14,SEC,Seminole Electric Cooperative,DF,Day-ahead demand forecast,164,megawatthours
2026-01-09T14,SOCO,"Southern Company Services, Inc. - Trans",D,Demand,23834,megawatthours
2026-01-09T14,SOCO,"Southern Company Services, Inc. - Trans",DF,Day-ahead demand forecast,23137,megawatthours
2026-01-09T14,SPA,Southwestern Power Administration,D,Demand,20,megawatthours
2026-01-09T14,SRP,Salt River Project Agricultural Improvement and Power District,D,Demand,4128,megawatthours
2026-01-09T14,SRP,Salt River Project Agricultural Improvement and Power District,DF,Day-ahead demand forecast,3932,megawatthours
2026-01-09T14,SW,Southwest,D,Demand,14665,megawatthours
2026-01-09T14,SW,Southwest,DF,Day-ahead demand forecast,13116,megawatthours
2026-01-09T14,SWPP,Southwest Power Pool,D,Demand,31226,megawatthours
2026-01-09T14,SWPP,Southwest Power Pool,DF,Day-ahead demand forecast,39069,megawatthours
2026-01-09T14,TAL,City of Tallahassee,D,Demand,272,megawatthours
2026-01-09T14,TAL,City of Tallahassee,DF,Day-ahead demand forecast,273,megawatthours
2026-01-09T14,TEC,Tampa Electric Company,D,Demand,2011,megawatthours
2026-01-09T14,TEC,Tampa Electric Company,DF,Day-ahead demand forecast,2107,megawatthours
2026-01-09T14,TEN,Tennessee,D,Demand,16635,megawatthours
2026-01-09T14,TEN,Tennessee,DF,Day-ahead demand forecast,16526,megawatthours
2026-01-09T14,TEPC,Tucson Electric Power,D,Demand,1767,megawatthours
2026-01-09T14,TEPC,Tucson Electric Power,DF,Day-ahead demand forecast,1738,megawatthours
2026-01-09T14,TEX,Texas,D,Demand,49129,megawatthours
2026-01-09T14,TEX,Texas,DF,Day-ahead demand forecast,51046,megawatthours
2026-01-09T14,TIDC,Turlock Irrigation District,D,Demand,296,megawatthours
2026-01-09T14,TIDC,Turlock Irrigation District,DF,Day-ahead demand forecast,280,megawatthours
2026-01-09T14,TPWR,"City of Tacoma, Department of Public Utilities, Light Division",D,Demand,579,megawatthours
2026-01-09T14,TPWR,"City of Tacoma, Department of Public Utilities, Light Division",DF,Day-ahead demand forecast,603,megawatthours
2026-01-09T14,TVA,Tennessee Valley Authority,D,Demand,16635,megawatthours
2026-01-09T14,TVA,Tennessee Valley Authority,DF,Day-ahead demand forecast,16526,megawatthours
2026-01-09T14,US48,United States Lower 48,D,Demand,474951,megawatthours
2026-01-09T14,US48,United States Lower 48,DF,Day-ahead demand forecast,468108,megawatthours
2026-01-09T14,WACM,Western Area Power Administration - Rocky Mountain Region,D,Demand,3961,megawatthours
2026-01-09T14,WACM,Western Area Power Administration - Rocky Mountain Region,DF,Day-ahead demand forecast,3604,megawatthours
2026-01-09T14,WALC,Western Area Power Administration - Desert Southwest Region,D,Demand,948,megawatthours
2026-01-09T14,WAUW,Western Area Power Administration - Upper Great Plains West,D,Demand,105,megawatthours
2026-01-09T14,WAUW,Western Area Power Administration - Upper Great Plains West,DF,Day-ahead demand forecast,110,megawatthours
2026-01-09T13,AECI,"Associated Electric Cooperative, Inc.",D,Demand,2483,megawatthours
2026-01-09T13,AECI,"Associated Electric Cooperative, Inc.",DF,Day-ahead demand forecast,2475,megawatthours
2026-01-09T13,AVA,Avista Corporation,D,Demand,1499,megawatthours
2026-01-09T13,AVA,Avista Corporation,DF,Day-ahead demand forecast,1509,megawatthours
2026-01-09T13,AZPS,Arizona Public Service Company,D,Demand,4730,megawatthours
2026-01-09T13,AZPS,Arizona Public Service Company,DF,Day-ahead demand forecast,4518,megawatthours
2026-01-09T13,BANC,Balancing Authority of Northern California,D,Demand,1856,megawatthours
2026-01-09T13,BANC,Balancing Authority of Northern California,DF,Day-ahead demand forecast,1860,megawatthours
2026-01-09T13,BPAT,Bonneville Power Administration,D,Demand,7752,megawatthours
2026-01-09T13,BPAT,Bonneville Power Administration,DF,Day-ahead demand forecast,7703,megawatthours
2026-01-09T13,CAL,California,D,Demand,28447,megawatthours
2026-01-09T13,CAL,California,DF,Day-ahead demand forecast,26267,megawatthours
2026-01-09T13,CAR,Carolinas,D,Demand,22567,megawatthours
2026-01-09T13,CAR,Carolinas,DF,Day-ahead demand forecast,22288,megawatthours
2026-01-09T13,CENT,Central,D,Demand,31242,megawatthours
2026-01-09T13,CENT,Central,DF,Day-ahead demand forecast,37583,megawatthours
2026-01-09T13,CHPD,Public Utility District No. 1 of Chelan County,D,Demand,297,megawatthours
2026-01-09T13,CHPD,Public Utility District No. 1 of Chelan County,DF,Day-ahead demand forecast,297,megawatthours
2026-01-09T13,CISO,California Independent System Operator,D,Demand,23175,megawatthours
2026-01-09T13,CISO,California Independent System Operator,DF,Day-ahead demand forecast,21675,megawatthours
2026-01-09T13,CPLE,Duke Energy Progress East,D,Demand,7457,megawatthours
2026-01-09T13,CPLE,Duke Energy Progress East,DF,Day-ahead demand forecast,6833,megawatthours
2026-01-09T13,CPLW,Duke Energy Progress West,D,Demand,538,megawatthours
2026-01-09T13,CPLW,Duke Energy Progress West,DF,Day-ahead demand forecast,684,megawatthours
2026-01-09T13,DOPD,PUD No. 1 of Douglas County,D,Demand,349,megawatthours
2026-01-09T13,DOPD,PUD No. 1 of Douglas County,DF,Day-ahead demand forecast,357,megawatthours
2026-01-09T13,DUK,Duke Energy Carolinas,D,Demand,11789,megawatthours
2026-01-09T13,DUK,Duke Energy Carolinas,DF,Day-ahead demand forecast,11988,megawatthours
2026-01-09T13,EPE,El Paso Electric Company,D,Demand,858,megawatthours
2026-01-09T13,EPE,El Paso Electric Company,DF,Day-ahead demand forecast,869,megawatthours
2026-01-09T13,ERCO,"Electric Reliability Council of Texas, Inc.",D,Demand,47363,megawatthours
2026-01-09T13,ERCO,"Electric Reliability Council of Texas, Inc.",DF,Day-ahead demand forecast,49068,megawatthours
2026-01-09T13,FLA,Florida,D,Demand,23270,megawatthours
2026-01-09T13,FLA,Florida,DF,Day-ahead demand forecast,22488,megawatthours
2026-01-09T13,FMPP,Florida Municipal Power Pool,D,Demand,1710,megawatthours
2026-01-09T13,FMPP,Florida Municipal Power Pool,DF,Day-ahead demand forecast,1725,megawatthours
2026-01-09T13,FPC,"Duke Energy Florida, Inc.",D,Demand,4987,megawatthours
2026-01-09T13,FPC,"Duke Energy Florida, Inc.",DF,Day-ahead demand forecast,3833,megawatthours
2026-01-09T13,FPL,Florida Power & Light Co.,D,Demand,12598,megawatthours
2026-01-09T13,FPL,Florida Power & Light Co.,DF,Day-ahead demand forecast,12989,megawatthours
2026-01-09T13,GCPD,"Public Utility District No. 2 of Grant County, Washington",D,Demand,743,megawatthours
2026-01-09T13,GCPD,"Public Utility District No. 2 of Grant County, Washington",DF,Day-ahead demand forecast,760,megawatthours
2026-01-09T13,GVL,Gainesville Regional Utilities,D,Demand,187,megawatthours
2026-01-09T13,GVL,Gainesville Regional Utilities,DF,Day-ahead demand forecast,161,megawatthours
2026-01-09T13,HST,City of Homestead,D,Demand,49,megawatthours
2026-01-09T13,HST,City of Homestead,DF,Day-ahead demand forecast,48,megawatthours
2026-01-09T13,IID,Imperial Irrigation District,D,Demand,245,megawatthours
2026-01-09T13,IID,Imperial Irrigation District,DF,Day-ahead demand forecast,261,megawatthours
2026-01-09T13,IPCO,Idaho Power Company,D,Demand,2138,megawatthours
2026-01-09T13,IPCO,Idaho Power Company,DF,Day-ahead demand forecast,2109,megawatthours
2026-01-09T13,ISNE,ISO New England,D,Demand,16019,megawatthours
2026-01-09T13,ISNE,ISO New England,DF,Day-ahead demand forecast,15590,megawatthours
2026-01-09T13,JEA,JEA,D,Demand,1290,megawatthours
2026-01-09T13,JEA,JEA,DF,Day-ahead demand forecast,1305,megawatthours
2026-01-09T13,LDWP,Los Angeles Department of Water and Power,D,Demand,2891,megawatthours
2026-01-09T13,LDWP,Los Angeles Department of Water and Power,DF,Day-ahead demand forecast,2205,megawatthours
2026-01-09T13,LGEE,LG&E and KU Services Company as agent for Louisville Gas and Electric Company and Kentucky Utilities Company,D,Demand,3679,megawatthours
2026-01-09T13,MIDA,Mid-Atlantic,D,Demand,99697,megawatthours
2026-01-09T13,MIDA,Mid-Atlantic,DF,Day-ahead demand forecast,97057,megawatthours
2026-01-09T13,MIDW,Midwest,D,Demand,80629,megawatthours
2026-01-09T13,MIDW,Midwest,DF,Day-ahead demand forecast,76173,megawatthours
2026-01-09T13,MISO,"Midcontinent Independent System Operator, Inc.",D,Demand,74467,megawatthours
2026-01-09T13,MISO,"Midcontinent Independent System Operator, Inc.",DF,Day-ahead demand forecast,73698,megawatthours
2026-01-09T13,NE,New England,D,Demand,16019,megawatthours
2026-01-09T13,NE,New England,DF,Day-ahead demand forecast,15590,megawatthours
2026-01-09T13,NEVP,Nevada Power Company,D,Demand,4150,megawatthours
2026-01-09T13,NEVP,Nevada Power Company,DF,Day-ahead demand forecast,3740,megawatthours
2026-01-09T13,NW,Northwest,D,Demand,42795,megawatthours
2026-01-09T13,NW,Northwest,DF,Day-ahead demand forecast,40663,megawatthours
2026-01-09T13,NWMT,NorthWestern Corporation,D,Demand,1310,megawatthours
2026-01-09T13,NWMT,NorthWestern Corporation,DF,Day-ahead demand forecast,1397,megawatthours
2026-01-09T13,NY,New York,D,Demand,18495,megawatthours
2026-01-09T13,NY,New York,DF,Day-ahead demand forecast,17817,megawatthours
2026-01-09T13,NYIS,New York Independent System Operator,D,Demand,18495,megawatthours
2026-01-09T13,NYIS,New York Independent System Operator,DF,Day-ahead demand forecast,17817,megawatthours
2026-01-09T13,PACE,PacifiCorp East,D,Demand,6158,megawatthours
2026-01-09T13,PACE,PacifiCorp East,DF,Day-ahead demand forecast,6317,megawatthours
2026-01-09T13,PACW,PacifiCorp West,D,Demand,2563,megawatthours
2026-01-09T13,PACW,PacifiCorp West,DF,Day-ahead demand forecast,2587,megawatthours
2026-01-09T13,PGE,Portland General Electric Company,D,Demand,2556,megawatthours
2026-01-09T13,PGE,Portland General Electric Company,DF,Day-ahead demand forecast,2541,megawatthours
2026-01-09T13,PJM,"PJM Interconnection, LLC",D,Demand,99697,megawatthours
2026-01-09T13,PJM,"PJM Interconnection, LLC",DF,Day-ahead demand forecast,97057,megawatthours
2026-01-09T13,PNM,Public Service Company of New Mexico,D,Demand,1746,megawatthours
2026-01-09T13,PNM,Public Service Company of New Mexico,DF,Day-ahead demand forecast,1669,megawatthours
2026-01-09T13,PSCO,Public Service Company of Colorado,D,Demand,4920,megawatthours
2026-01-09T13,PSCO,Public Service Company of Colorado,DF,Day-ahead demand forecast,4719,megawatthours
2026-01-09T13,PSEI,"Puget Sound Energy, Inc.",D,Demand,2852,megawatthours
2026-01-09T13,PSEI,"Puget Sound Energy, Inc.",DF,Day-ahead demand forecast,1474,megawatthours
2026-01-09T13,SC,South Carolina Public Service Authority,D,Demand,2783,megawatthours
2026-01-09T13,SC,South Carolina Public Service Authority,DF,Day-ahead demand forecast,2783,megawatthours
2026-01-09T13,SCL,Seattle City Light,D,Demand,1043,megawatthours
2026-01-09T13,SCL,Seattle City Light,DF,Day-ahead demand forecast,1042,megawatthours
2026-01-09T13,SE,Southeast,D,Demand,23566,megawatthours
2026-01-09T13,SE,Southeast,DF,Day-ahead demand forecast,22540,megawatthours
2026-01-09T13,SEC,Seminole Electric Cooperative,D,Demand,202,megawatthours
2026-01-09T13,SEC,Seminole Electric Cooperative,DF,Day-ahead demand forecast,159,megawatthours
2026-01-09T13,SOCO,"Southern Company Services, Inc. - Trans",D,Demand,23566,megawatthours
2026-01-09T13,SOCO,"Southern Company Services, Inc. - Trans",DF,Day-ahead demand forecast,22540,megawatthours
2026-01-09T13,SPA,Southwestern Power Administration,D,Demand,16,megawatthours
2026-01-09T13,SRP,Salt River Project Agricultural Improvement and Power District,D,Demand,3778,megawatthours
2026-01-09T13,SRP,Salt River Project Agricultural Improvement and Power District,DF,Day-ahead demand forecast,3619,megawatthours
2026-01-09T13,SW,Southwest,D,Demand,13543,megawatthours
2026-01-09T13,SW,Southwest,DF,Day-ahead demand forecast,12283,megawatthours
2026-01-09T13,SWPP,Southwest Power Pool,D,Demand,31226,megawatthours
2026-01-09T13,SWPP,Southwest Power Pool,DF,Day-ahead demand forecast,37583,megawatthours
2026-01-09T13,TAL,City of Tallahassee,D,Demand,266,megawatthours
2026-01-09T13,TAL,City of Tallahassee,DF,Day-ahead demand forecast,253,megawatthours
2026-01-09T13,TEC,Tampa Electric Company,D,Demand,1981,megawatthours
2026-01-09T13,TEC,Tampa Electric Company,DF,Day-ahead demand forecast,2015,megawatthours
2026-01-09T13,TEN,Tennessee,D,Demand,16405,megawatthours
2026-01-09T13,TEN,Tennessee,DF,Day-ahead demand forecast,16048,megawatthours
2026-01-09T13,TEPC,Tucson Electric Power,D,Demand,1651,megawatthours
2026-01-09T13,TEPC,Tucson Electric Power,DF,Day-ahead demand forecast,1608,megawatthours
2026-01-09T13,TEX,Texas,D,Demand,47363,megawatthours
2026-01-09T13,TEX,Texas,DF,Day-ahead demand forecast,49068,megawatthours
2026-01-09T13,TIDC,Turlock Irrigation District,D,Demand,280,megawatthours
2026-01-09T13,TIDC,Turlock Irrigation District,DF,Day-ahead demand forecast,266,megawatthours
2026-01-09T13,TPWR,"City of Tacoma, Department of Public Utilities, Light Division",D,Demand,539,megawatthours
2026-01-09T13,TPWR,"City of Tacoma, Department of Public Utilities, Light Division",DF,Day-ahead demand forecast,563,megawatthours
2026-01-09T13,TVA,Tennessee Valley Authority,D,Demand,16405,megawatthours
2026-01-09T13,TVA,Tennessee Valley Authority,DF,Day-ahead demand forecast,16048,megawatthours
2026-01-09T13,US48,United States Lower 48,D,Demand,464038,megawatthours
2026-01-09T13,US48,United States Lower 48,DF,Day-ahead demand forecast,455865,megawatthours
2026-01-09T13,WACM,Western Area Power Administration - Rocky Mountain Region,D,Demand,3824,megawatthours
2026-01-09T13,WACM,Western Area Power Administration - Rocky Mountain Region,DF,Day-ahead demand forecast,3451,megawatthours
2026-01-09T13,WALC,Western Area Power Administration - Desert Southwest Region,D,Demand,780,megawatthours
2026-01-09T13,WAUW,Western Area Power Administration - Upper Great Plains West,D,Demand,102,megawatthours
2026-01-09T13,WAUW,Western Area Power Administration - Upper Great Plains West,DF,Day-ahead demand forecast,97,megawatthours
2026-01-09T12,AECI,"Associated Electric Cooperative, Inc.",D,Demand,2235,megawatthours
2026-01-09T12,AECI,"Associated Electric Cooperative, Inc.",DF,Day-ahead demand forecast,2232,megawatthours
2026-01-09T12,AVA,Avista Corporation,D,Demand,1469,megawatthours
2026-01-09T12,AVA,Avista Corporation,DF,Day-ahead demand forecast,1459,megawatthours
2026-01-09T12,AZPS,Arizona Public Service Company,D,Demand,4571,megawatthours
2026-01-09T12,AZPS,Arizona Public Service Company,DF,Day-ahead demand forecast,4133,megawatthours
2026-01-09T12,BANC,Balancing Authority of Northern California,D,Demand,1793,megawatthours
2026-01-09T12,BANC,Balancing Authority of Northern California,DF,Day-ahead demand forecast,1816,megawatthours
2026-01-09T12,BPAT,Bonneville Power Administration,D,Demand,7503,megawatthours
2026-01-09T12,BPAT,Bonneville Power Administration,DF,Day-ahead demand forecast,7488,megawatthours
2026-01-09T12,CAL,California,D,Demand,28080,megawatthours
2026-01-09T12,CAL,California,DF,Day-ahead demand forecast,25613,megawatthours
2026-01-09T12,CAR,Carolinas,D,Demand,21598,megawatthours
2026-01-09T12,CAR,Carolinas,DF,Day-ahead demand forecast,21133,megawatthours
2026-01-09T12,CENT,Central,D,Demand,31243,megawatthours
2026-01-09T12,CENT,Central,DF,Day-ahead demand forecast,35378,megawatthours
2026-01-09T12,CHPD,Public Utility District No. 1 of Chelan County,D,Demand,285,megawatthours
2026-01-09T12,CHPD,Public Utility District No. 1 of Chelan County,DF,Day-ahead demand forecast,285,megawatthours
2026-01-09T12,CISO,California Independent System Operator,D,Demand,22991,megawatthours
2026-01-09T12,CISO,California Independent System Operator,DF,Day-ahead demand forecast,21112,megawatthours
2026-01-09T12,CPLE,Duke Energy Progress East,D,Demand,7195,megawatthours
2026-01-09T12,CPLE,Duke Energy Progress East,DF,Day-ahead demand forecast,6487,megawatthours
2026-01-09T12,CPLW,Duke Energy Progress West,D,Demand,511,megawatthours
2026-01-09T12,CPLW,Duke Energy Progress West,DF,Day-ahead demand forecast,648,megawatthours
2026-01-09T12,DOPD,PUD No. 1 of Douglas County,D,Demand,341,megawatthours
2026-01-09T12,DOPD,PUD No. 1 of Douglas County,DF,Day-ahead demand forecast,342,megawatthours
2026-01-09T12,DUK,Duke Energy Carolinas,D,Demand,11254,megawatthours
2026-01-09T12,DUK,Duke Energy Carolinas,DF,Day-ahead demand forecast,11360,megawatthours
2026-01-09T12,EPE,El Paso Electric Company,D,Demand,811,megawatthours
2026-01-09T12,EPE,El Paso Electric Company,DF,Day-ahead demand forecast,816,megawatthours
2026-01-09T12,ERCO,"Electric Reliability Council of Texas, Inc.",D,Demand,44172,megawatthours
2026-01-09T12,ERCO,"Electric Reliability Council of Texas, Inc.",DF,Day-ahead demand forecast,45552,megawatthours
2026-01-09T12,FLA,Florida,D,Demand,21750,megawatthours
2026-01-09T12,FLA,Florida,DF,Day-ahead demand forecast,21399,megawatthours
2026-01-09T12,FMPP,Florida Municipal Power Pool,D,Demand,1595,megawatthours
2026-01-09T12,FMPP,Florida Municipal Power Pool,DF,Day-ahead demand forecast,1647,megawatthours
2026-01-09T12,FPC,"Duke Energy Florida, Inc.",D,Demand,4647,megawatthours
2026-01-09T12,FPC,"Duke Energy Florida, Inc.",DF,Day-ahead demand forecast,3559,megawatthours
2026-01-09T12,FPL,Florida Power & Light Co.,D,Demand,11743,megawatthours
2026-01-09T12,FPL,Florida Power & Light Co.,DF,Day-ahead demand forecast,12409,megawatthours
2026-01-09T12,GCPD,"Public Utility District No. 2 of Grant County, Washington",D,Demand,733,megawatthours
2026-01-09T12,GCPD,"Public Utility District No. 2 of Grant County, Washington",DF,Day-ahead demand forecast,749,megawatthours
2026-01-09T12,GVL,Gainesville Regional Utilities,D,Demand,175,megawatthours
2026-01-09T12,GVL,Gainesville Regional Utilities,DF,Day-ahead demand forecast,149,megawatthours
2026-01-09T12,HST,City of Homestead,D,Demand,50,megawatthours
2026-01-09T12,HST,City of Homestead,DF,Day-ahead demand forecast,52,megawatthours
2026-01-09T12,IID,Imperial Irrigation District,D,Demand,244,megawatthours
2026-01-09T12,IID,Imperial Irrigation District,DF,Day-ahead demand forecast,253,megawatthours
2026-01-09T12,IPCO,Idaho Power Company,D,Demand,2037,megawatthours
2026-01-09T12,IPCO,Idaho Power Company,DF,Day-ahead demand forecast,2059,megawatthours
2026-01-09T12,ISNE,ISO New England,D,Demand,15029,megawatthours
2026-01-09T12,ISNE,ISO New England,DF,Day-ahead demand forecast,14800,megawatthours
2026-01-09T12,JEA,JEA,D,Demand,1212,megawatthours
2026-01-09T12,JEA,JEA,DF,Day-ahead demand forecast,1254,megawatthours
2026-01-09T12,LDWP,Los Angeles Department of Water and Power,D,Demand,2780,megawatthours
2026-01-09T12,LDWP,Los Angeles Department of Water and Power,DF,Day-ahead demand forecast,2174,megawatthours
2026-01-09T12,LGEE,LG&E and KU Services Company as agent for Louisville Gas and Electric Company and Kentucky Utilities Company,D,Demand,3536,megawatthours
2026-01-09T12,MIDA,Mid-Atlantic,D,Demand,95262,megawatthours
2026-01-09T12,MIDA,Mid-Atlantic,DF,Day-ahead demand forecast,96431,megawatthours
2026-01-09T12,MIDW,Midwest,D,Demand,75907,megawatthours
2026-01-09T12,MIDW,Midwest,DF,Day-ahead demand forecast,71668,megawatthours
2026-01-09T12,MISO,"Midcontinent Independent System Operator, Inc.",D,Demand,70136,megawatthours
2026-01-09T12,MISO,"Midcontinent Independent System Operator, Inc.",DF,Day-ahead demand forecast,69436,megawatthours
2026-01-09T12,NE,New England,D,Demand,15029,megawatthours
2026-01-09T12,NE,New England,DF,Day-ahead demand forecast,14800,megawatthours
2026-01-09T12,NEVP,Nevada Power Company,D,Demand,4077,megawatthours
2026-01-09T12,NEVP,Nevada Power Company,DF,Day-ahead demand forecast,3639,megawatthours
2026-01-09T12,NW,Northwest,D,Demand,41405,megawatthours
2026-01-09T12,NW,Northwest,DF,Day-ahead demand forecast,39443,megawatthours
2026-01-09T12,NWMT,NorthWestern Corporation,D,Demand,1259,megawatthours
2026-01-09T12,NWMT,NorthWestern Corporation,DF,Day-ahead demand forecast,1347,megawatthours
2026-01-09T12,NY,New York,D,Demand,17479,megawatthours
2026-01-09T12,NY,New York,DF,Day-ahead demand forecast,16812,megawatthours
2026-01-09T12,NYIS,New York Independent System Operator,D,Demand,17479,megawatthours
2026-01-09T12,NYIS,New York Independent System Operator,DF,Day-ahead demand forecast,16812,megawatthours
2026-01-09T12,PACE,PacifiCorp East,D,Demand,6065,megawatthours
2026-01-09T12,PACE,PacifiCorp East,DF,Day-ahead demand forecast,6109,megawatthours
2026-01-09T12,PACW,PacifiCorp West,D,Demand,2462,megawatthours
2026-01-09T12,PACW,PacifiCorp West,DF,Day-ahead demand forecast,2484,megawatthours
2026-01-09T12,PGE,Portland General Electric Company,D,Demand,2469,megawatthours
2026-01-09T12,PGE,Portland General Electric Company,DF,Day-ahead demand forecast,2467,megawatthours
2026-01-09T12,PJM,"PJM Interconnection, LLC",D,Demand,95262,megawatthours
2026-01-09T12,PJM,"PJM Interconnection, LLC",DF,Day-ahead demand forecast,96431,megawatthours
2026-01-09T12,PNM,Public Service Company of New Mexico,D,Demand,1670,megawatthours
2026-01-09T12,PNM,Public Service Company of New Mexico,DF,Day-ahead demand forecast,1600,megawatthours
2026-01-09T12,PSCO,Public Service Company of Colorado,D,Demand,4650,megawatthours
2026-01-09T12,PSCO,Public Service Company of Colorado,DF,Day-ahead demand forecast,4518,megawatthours
2026-01-09T12,PSEI,"Puget Sound Energy, Inc.",D,Demand,2739,megawatthours
2026-01-09T12,PSEI,"Puget Sound Energy, Inc.",DF,Day-ahead demand forecast,1462,megawatthours
2026-01-09T12,SC,South Carolina Public Service Authority,D,Demand,2638,megawatthours
2026-01-09T12,SC,South Carolina Public Service Authority,DF,Day-ahead demand forecast,2638,megawatthours
2026-01-09T12,SCL,Seattle City Light,D,Demand,1004,megawatthours
2026-01-09T12,SCL,Seattle City Light,DF,Day-ahead demand forecast,1008,megawatthours
2026-01-09T12,SE,Southeast,D,Demand,22326,megawatthours
2026-01-09T12,SE,Southeast,DF,Day-ahead demand forecast,21448,megawatthours
2026-01-09T12,SEC,Seminole Electric Cooperative,D,Demand,191,megawatthours
2026-01-09T12,SEC,Seminole Electric Cooperative,DF,Day-ahead demand forecast,149,megawatthours
2026-01-09T12,SOCO,"Southern Company Services, Inc. - Trans",D,Demand,22326,megawatthours
2026-01-09T12,SOCO,"Southern Company Services, Inc. - Trans",DF,Day-ahead demand forecast,21448,megawatthours
2026-01-09T12,SPA,Southwestern Power Administration,D,Demand,17,megawatthours
2026-01-09T12,SRP,Salt River Project Agricultural Improvement and Power District,D,Demand,3517,megawatthours
2026-01-09T12,SRP,Salt River Project Agricultural Improvement and Power District,DF,Day-ahead demand forecast,3400,megawatthours
2026-01-09T12,SW,Southwest,D,Demand,12837,megawatthours
2026-01-09T12,SW,Southwest,DF,Day-ahead demand forecast,11453,megawatthours
2026-01-09T12,SWPP,Southwest Power Pool,D,Demand,31226,megawatthours
2026-01-09T12,SWPP,Southwest Power Pool,DF,Day-ahead demand forecast,35378,megawatthours
2026-01-09T12,TAL,City of Tallahassee,D,Demand,245,megawatthours
2026-01-09T12,TAL,City of Tallahassee,DF,Day-ahead demand forecast,226,megawatthours
2026-01-09T12,TEC,Tampa Electric Company,D,Demand,1892,megawatthours
2026-01-09T12,TEC,Tampa Electric Company,DF,Day-ahead demand forecast,1954,megawatthours
2026-01-09T12,TEN,Tennessee,D,Demand,15234,megawatthours
2026-01-09T12,TEN,Tennessee,DF,Day-ahead demand forecast,14993,megawatthours
2026-01-09T12,TEPC,Tucson Electric Power,D,Demand,1521,megawatthours
2026-01-09T12,TEPC,Tucson Electric Power,DF,Day-ahead demand forecast,1504,megawatthours
2026-01-09T12,TEX,Texas,D,Demand,44172,megawatthours
2026-01-09T12,TEX,Texas,DF,Day-ahead demand forecast,45552,megawatthours
2026-01-09T12,TIDC,Turlock Irrigation District,D,Demand,272,megawatthours
2026-01-09T12,TIDC,Turlock Irrigation District,DF,Day-ahead demand forecast,258,megawatthours
2026-01-09T12,TPWR,"City of Tacoma, Department of Public Utilities, Light Division",D,Demand,514,megawatthours
2026-01-09T12,TPWR,"City of Tacoma, Department of Public Utilities, Light Division",DF,Day-ahead demand forecast,540,megawatthours
2026-01-09T12,TVA,Tennessee Valley Authority,D,Demand,15234,megawatthours
2026-01-09T12,TVA,Tennessee Valley Authority,DF,Day-ahead demand forecast,14993,megawatthours
2026-01-09T12,US48,United States Lower 48,D,Demand,442322,megawatthours
2026-01-09T12,US48,United States Lower 48,DF,Day-ahead demand forecast,436123,megawatthours
2026-01-09T12,WACM,Western Area Power Administration - Rocky Mountain Region,D,Demand,3701,megawatthours
2026-01-09T12,WACM,Western Area Power Administration - Rocky Mountain Region,DF,Day-ahead demand forecast,3387,megawatthours
2026-01-09T12,WALC,Western Area Power Administration - Desert Southwest Region,D,Demand,747,megawatthours
2026-01-09T12,WAUW,Western Area Power Administration - Upper Great Plains West,D,Demand,97,megawatthours
2026-01-09T12,WAUW,Western Area Power Administration - Upper Great Plains West,DF,Day-ahead demand forecast,100,megawatthours
2026-01-09T11,AECI,"Associated Electric Cooperative, Inc.",D,Demand,2073,megawatthours
2026-01-09T11,AECI,"Associated Electric Cooperative, Inc.",DF,Day-ahead demand forecast,1995,megawatthours
2026-01-09T11,AVA,Avista Corporation,D,Demand,1462,megawatthours
2026-01-09T11,AVA,Avista Corporation,DF,Day-ahead demand forecast,1452,megawatthours
2026-01-09T11,AZPS,Arizona Public Service Company,D,Demand,4459,megawatthours
2026-01-09T11,AZPS,Arizona Public Service Company,DF,Day-ahead demand forecast,3854,megawatthours
2026-01-09T11,BANC,Balancing Authority of Northern California,D,Demand,1803,megawatthours
2026-01-09T11,BANC,Balancing Authority of Northern California,DF,Day-ahead demand forecast,1822,megawatthours
2026-01-09T11,BPAT,Bonneville Power Administration,D,Demand,7457,megawatthours
2026-01-09T11,BPAT,Bonneville Power Administration,DF,Day-ahead demand forecast,7437,megawatthours
2026-01-09T11,CAL,California,D,Demand,28201,megawatthours
2026-01-09T11,CAL,California,DF,Day-ahead demand forecast,25844,megawatthours
2026-01-09T11,CAR,Carolinas,D,Demand,19816,megawatthours
2026-01-09T11,CAR,Carolinas,DF,Day-ahead demand forecast,19562,megawatthours
2026-01-09T11,CENT,Central,D,Demand,31239,megawatthours
2026-01-09T11,CENT,Central,DF,Day-ahead demand forecast,33947,megawatthours
2026-01-09T11,CHPD,Public Utility District No. 1 of Chelan County,D,Demand,279,megawatthours
2026-01-09T11,CHPD,Public Utility District No. 1 of Chelan County,DF,Day-ahead demand forecast,279,megawatthours
2026-01-09T11,CISO,California Independent System Operator,D,Demand,23060,megawatthours
2026-01-09T11,CISO,California Independent System Operator,DF,Day-ahead demand forecast,21305,megawatthours
2026-01-09T11,CPLE,Duke Energy Progress East,D,Demand,6519,megawatthours
2026-01-09T11,CPLE,Duke Energy Progress East,DF,Day-ahead demand forecast,5945,megawatthours
2026-01-09T11,CPLW,Duke Energy Progress West,D,Demand,462,megawatthours
2026-01-09T11,CPLW,Duke Energy Progress West,DF,Day-ahead demand forecast,590,megawatthours
2026-01-09T11,DOPD,PUD No. 1 of Douglas County,D,Demand,340,megawatthours
2026-01-09T11,DOPD,PUD No. 1 of Douglas County,DF,Day-ahead demand forecast,332,megawatthours
2026-01-09T11,DUK,Duke Energy Carolinas,D,Demand,10305,megawatthours
2026-01-09T11,DUK,Duke Energy Carolinas,DF,Day-ahead demand forecast,10497,megawatthours
2026-01-09T11,EPE,El Paso Electric Company,D,Demand,792,megawatthours
2026-01-09T11,EPE,El Paso Electric Company,DF,Day-ahead demand forecast,792,megawatthours
2026-01-09T11,ERCO,"Electric Reliability Council of Texas, Inc.",D,Demand,42412,megawatthours
2026-01-09T11,ERCO,"Electric Reliability Council of Texas, Inc.",DF,Day-ahead demand forecast,42634,megawatthours
2026-01-09T11,FLA,Florida,D,Demand,19577,megawatthours
2026-01-09T11,FLA,Florida,DF,Day-ahead demand forecast,19492,megawatthours
2026-01-09T11,FMPP,Florida Municipal Power Pool,D,Demand,1440,megawatthours
2026-01-09T11,FMPP,Florida Municipal Power Pool,DF,Day-ahead demand forecast,1485,megawatthours
2026-01-09T11,FPC,"Duke Energy Florida, Inc.",D,Demand,4120,megawatthours
2026-01-09T11,FPC,"Duke Energy Florida, Inc.",DF,Day-ahead demand forecast,3228,megawatthours
2026-01-09T11,FPL,Florida Power & Light Co.,D,Demand,10685,megawatthours
2026-01-09T11,FPL,Florida Power & Light Co.,DF,Day-ahead demand forecast,11333,megawatthours
2026-01-09T11,GCPD,"Public Utility District No. 2 of Grant County, Washington",D,Demand,728,megawatthours
2026-01-09T11,GCPD,"Public Utility District No. 2 of Grant County, Washington",DF,Day-ahead demand forecast,747,megawatthours
2026-01-09T11,GVL,Gainesville Regional Utilities,D,Demand,157,megawatthours
2026-01-09T11,GVL,Gainesville Regional Utilities,DF,Day-ahead demand forecast,131,megawatthours
2026-01-09T11,HST,City of Homestead,D,Demand,46,megawatthours
2026-01-09T11,HST,City of Homestead,DF,Day-ahead demand forecast,48,megawatthours
2026-01-09T11,IID,Imperial Irrigation District,D,Demand,243,megawatthours
2026-01-09T11,IID,Imperial Irrigation District,DF,Day-ahead demand forecast,252,megawatthours
2026-01-09T11,IPCO,Idaho Power Company,D,Demand,2003,megawatthours
2026-01-09T11,IPCO,Idaho Power Company,DF,Day-ahead demand forecast,2026,megawatthours
2026-01-09T11,ISNE,ISO New England,D,Demand,13689,megawatthours
2026-01-09T11,ISNE,ISO New England,DF,Day-ahead demand forecast,13370,megawatthours
2026-01-09T11,JEA,JEA,D,Demand,1079,megawatthours
2026-01-09T11,JEA,JEA,DF,Day-ahead demand forecast,1143,megawatthours
2026-01-09T11,LDWP,Los Angeles Department of Water and Power,D,Demand,2824,megawatthours
2026-01-09T11,LDWP,Los Angeles Department of Water and Power,DF,Day-ahead demand forecast,2208,megawatthours
2026-01-09T11,LGEE,LG&E and KU Services Company as agent for Louisville Gas and Electric Company and Kentucky Utilities Company,D,Demand,3353,megawatthours
2026-01-09T11,MIDA,Mid-Atlantic,D,Demand,89915,megawatthours
2026-01-09T11,MIDA,Mid-Atlantic,DF,Day-ahead demand forecast,92023,megawatthours
2026-01-09T11,MIDW,Midwest,D,Demand,72147,megawatthours
2026-01-09T11,MIDW,Midwest,DF,Day-ahead demand forecast,68265,megawatthours
2026-01-09T11,MISO,"Midcontinent Independent System Operator, Inc.",D,Demand,66721,megawatthours
2026-01-09T11,MISO,"Midcontinent Independent System Operator, Inc.",DF,Day-ahead demand forecast,66270,megawatthours
2026-01-09T11,NE,New England,D,Demand,13689,megawatthours
2026-01-09T11,NE,New England,DF,Day-ahead demand forecast,13370,megawatthours
2026-01-09T11,NEVP,Nevada Power Company,D,Demand,4101,megawatthours
2026-01-09T11,NEVP,Nevada Power Company,DF,Day-ahead demand forecast,3606,megawatthours
2026-01-09T11,NW,Northwest,D,Demand,40898,megawatthours
2026-01-09T11,NW,Northwest,DF,Day-ahead demand forecast,39071,megawatthours
2026-01-09T11,NWMT,NorthWestern Corporation,D,Demand,1168,megawatthours
2026-01-09T11,NWMT,NorthWestern Corporation,DF,Day-ahead demand forecast,1326,megawatthours
2026-01-09T11,NY,New York,D,Demand,16072,megawatthours
2026-01-09T11,NY,New York,DF,Day-ahead demand forecast,15557,megawatthours
2026-01-09T11,NYIS,New York Independent System Operator,D,Demand,16072,megawatthours
2026-01-09T11,NYIS,New York Independent System Operator,DF,Day-ahead demand forecast,15557,megawatthours
2026-01-09T11,PACE,PacifiCorp East,D,Demand,5947,megawatthours
2026-01-09T11,PACE,PacifiCorp East,DF,Day-ahead demand forecast,6023,megawatthours
2026-01-09T11,PACW,PacifiCorp West,D,Demand,2444,megawatthours
2026-01-09T11,PACW,PacifiCorp West,DF,Day-ahead demand forecast,2452,megawatthours
2026-01-09T11,PGE,Portland General Electric Company,D,Demand,2474,megawatthours
2026-01-09T11,PGE,Portland General Electric Company,DF,Day-ahead demand forecast,2463,megawatthours
2026-01-09T11,PJM,"PJM Interconnection, LLC",D,Demand,89915,megawatthours
2026-01-09T11,PJM,"PJM Interconnection, LLC",DF,Day-ahead demand forecast,92023,megawatthours
2026-01-09T11,PNM,Public Service Company of New Mexico,D,Demand,1641,megawatthours
2026-01-09T11,PNM,Public Service Company of New Mexico,DF,Day-ahead demand forecast,1575,megawatthours
2026-01-09T11,PSCO,Public Service Company of Colorado,D,Demand,4570,megawatthours
2026-01-09T11,PSCO,Public Service Company of Colorado,DF,Day-ahead demand forecast,4445,megawatthours
2026-01-09T11,PSEI,"Puget Sound Energy, Inc.",D,Demand,2732,megawatthours
2026-01-09T11,PSEI,"Puget Sound Energy, Inc.",DF,Day-ahead demand forecast,1483,megawatthours
2026-01-09T11,SC,South Carolina Public Service Authority,D,Demand,2530,megawatthours
2026-01-09T11,SC,South Carolina Public Service Authority,DF,Day-ahead demand forecast,2530,megawatthours
2026-01-09T11,SCL,Seattle City Light,D,Demand,998,megawatthours
2026-01-09T11,SCL,Seattle City Light,DF,Day-ahead demand forecast,1009,megawatthours
2026-01-09T11,SE,Southeast,D,Demand,20851,megawatthours
2026-01-09T11,SE,Southeast,DF,Day-ahead demand forecast,20255,megawatthours
2026-01-09T11,SEC,Seminole Electric Cooperative,D,Demand,170,megawatthours
2026-01-09T11,SEC,Seminole Electric Cooperative,DF,Day-ahead demand forecast,133,megawatthours
2026-01-09T11,SOCO,"Southern Company Services, Inc. - Trans",D,Demand,20851,megawatthours
2026-01-09T11,SOCO,"Southern Company Services, Inc. - Trans",DF,Day-ahead demand forecast,20255,megawatthours
2026-01-09T11,SPA,Southwestern Power Administration,D,Demand,13,megawatthours
2026-01-09T11,SRP,Salt River Project Agricultural Improvement and Power District,D,Demand,3453,megawatthours
2026-01-09T11,SRP,Salt River Project Agricultural Improvement and Power District,DF,Day-ahead demand forecast,3310,megawatthours
2026-01-09T11,SW,Southwest,D,Demand,12517,megawatthours
2026-01-09T11,SW,Southwest,DF,Day-ahead demand forecast,10984,megawatthours
2026-01-09T11,SWPP,Southwest Power Pool,D,Demand,31226,megawatthours
2026-01-09T11,SWPP,Southwest Power Pool,DF,Day-ahead demand forecast,33947,megawatthours
2026-01-09T11,TAL,City of Tallahassee,D,Demand,218,megawatthours
2026-01-09T11,TAL,City of Tallahassee,DF,Day-ahead demand forecast,212,megawatthours
2026-01-09T11,TEC,Tampa Electric Company,D,Demand,1662,megawatthours
2026-01-09T11,TEC,Tampa Electric Company,DF,Day-ahead demand forecast,1779,megawatthours
2026-01-09T11,TEN,Tennessee,D,Demand,14326,megawatthours
2026-01-09T11,TEN,Tennessee,DF,Day-ahead demand forecast,14138,megawatthours
2026-01-09T11,TEPC,Tucson Electric Power,D,Demand,1452,megawatthours
2026-01-09T11,TEPC,Tucson Electric Power,DF,Day-ahead demand forecast,1453,megawatthours
2026-01-09T11,TEX,Texas,D,Demand,42412,megawatthours
2026-01-09T11,TEX,Texas,DF,Day-ahead demand forecast,42634,megawatthours
2026-01-09T11,TIDC,Turlock Irrigation District,D,Demand,271,megawatthours
2026-01-09T11,TIDC,Turlock Irrigation District,DF,Day-ahead demand forecast,257,megawatthours
2026-01-09T11,TPWR,"City of Tacoma, Department of Public Utilities, Light Division",D,Demand,520,megawatthours
2026-01-09T11,TPWR,"City of Tacoma, Department of Public Utilities, Light Division",DF,Day-ahead demand forecast,530,megawatthours
2026-01-09T11,TVA,Tennessee Valley Authority,D,Demand,14326,megawatthours
2026-01-09T11,TVA,Tennessee Valley Authority,DF,Day-ahead demand forecast,14138,megawatthours
2026-01-09T11,US48,United States Lower 48,D,Demand,421659,megawatthours
2026-01-09T11,US48,United States Lower 48,DF,Day-ahead demand forecast,415142,megawatthours
2026-01-09T11,WACM,Western Area Power Administration - Rocky Mountain Region,D,Demand,3578,megawatthours
2026-01-09T11,WACM,Western Area Power Administration - Rocky Mountain Region,DF,Day-ahead demand forecast,3364,megawatthours
2026-01-09T11,WALC,Western Area Power Administration - Desert Southwest Region,D,Demand,720,megawatthours
2026-01-09T11,WAUW,Western Area Power Administration - Upper Great Plains West,D,Demand,97,megawatthours
2026-01-09T11,WAUW,Western Area Power Administration - Upper Great Plains West,DF,Day-ahead demand forecast,97,megawatthours
2026-01-09T10,AECI,"Associated Electric Cooperative, Inc.",D,Demand,1996,megawatthours
2026-01-09T10,AECI,"Associated Electric Cooperative, Inc.",DF,Day-ahead demand forecast,1904,megawatthours
2026-01-09T10,AVA,Avista Corporation,D,Demand,1469,megawatthours
2026-01-09T10,AVA,Avista Corporation,DF,Day-ahead demand forecast,1462,megawatthours
2026-01-09T10,AZPS,Arizona Public Service Company,D,Demand,4375,megawatthours
2026-01-09T10,AZPS,Arizona Public Service Company,DF,Day-ahead demand forecast,3718,megawatthours
2026-01-09T10,BANC,Balancing Authority of Northern California,D,Demand,1850,megawatthours
2026-01-09T10,BANC,Balancing Authority of Northern California,DF,Day-ahead demand forecast,1861,megawatthours
2026-01-09T10,BPAT,Bonneville Power Administration,D,Demand,7492,megawatthours
2026-01-09T10,BPAT,Bonneville Power Administration,DF,Day-ahead demand forecast,7415,megawatthours
2026-01-09T10,CAL,California,D,Demand,28252,megawatthours
2026-01-09T10,CAL,California,DF,Day-ahead demand forecast,26664,megawatthours
2026-01-09T10,CAR,Carolinas,D,Demand,18751,megawatthours
2026-01-09T10,CAR,Carolinas,DF,Day-ahead demand forecast,18388,megawatthours
2026-01-09T10,CENT,Central,D,Demand,31255,megawatthours
2026-01-09T10,CENT,Central,DF,Day-ahead demand forecast,33438,megawatthours
2026-01-09T10,CHPD,Public Utility District No. 1 of Chelan County,D,Demand,275,megawatthours
2026-01-09T10,CHPD,Public Utility District No. 1 of Chelan County,DF,Day-ahead demand forecast,275,megawatthours
2026-01-09T10,CISO,California Independent System Operator,D,Demand,23018,megawatthours
2026-01-09T10,CISO,California Independent System Operator,DF,Day-ahead demand forecast,22007,megawatthours
2026-01-09T10,CPLE,Duke Energy Progress East,D,Demand,6105,megawatthours
2026-01-09T10,CPLE,Duke Energy Progress East,DF,Day-ahead demand forecast,5501,megawatthours
2026-01-09T10,CPLW,Duke Energy Progress West,D,Demand,435,megawatthours
2026-01-09T10,CPLW,Duke Energy Progress West,DF,Day-ahead demand forecast,552,megawatthours
2026-01-09T10,DOPD,PUD No. 1 of Douglas County,D,Demand,333,megawatthours
2026-01-09T10,DOPD,PUD No. 1 of Douglas County,DF,Day-ahead demand forecast,329,megawatthours
2026-01-09T10,DUK,Duke Energy Carolinas,D,Demand,9734,megawatthours
2026-01-09T10,DUK,Duke Energy Carolinas,DF,Day-ahead demand forecast,9858,megawatthours
2026-01-09T10,EPE,El Paso Electric Company,D,Demand,795,megawatthours
2026-01-09T10,EPE,El Paso Electric Company,DF,Day-ahead demand forecast,788,megawatthours
2026-01-09T10,ERCO,"Electric Reliability Council of Texas, Inc.",D,Demand,41932,megawatthours
2026-01-09T10,ERCO,"Electric Reliability Council of Texas, Inc.",DF,Day-ahead demand forecast,41821,megawatthours
2026-01-09T10,FLA,Florida,D,Demand,18608,megawatthours
2026-01-09T10,FLA,Florida,DF,Day-ahead demand forecast,17959,megawatthours
2026-01-09T10,FMPP,Florida Municipal Power Pool,D,Demand,1350,megawatthours
2026-01-09T10,FMPP,Florida Municipal Power Pool,DF,Day-ahead demand forecast,1363,megawatthours
2026-01-09T10,FPC,"Duke Energy Florida, Inc.",D,Demand,3835,megawatthours
2026-01-09T10,FPC,"Duke Energy Florida, Inc.",DF,Day-ahead demand forecast,3000,megawatthours
2026-01-09T10,FPL,Florida Power & Light Co.,D,Demand,10314,megawatthours
2026-01-09T10,FPL,Florida Power & Light Co.,DF,Day-ahead demand forecast,10401,megawatthours
2026-01-09T10,GCPD,"Public Utility District No. 2 of Grant County, Washington",D,Demand,733,megawatthours
2026-01-09T10,GCPD,"Public Utility District No. 2 of Grant County, Washington",DF,Day-ahead demand forecast,744,megawatthours
2026-01-09T10,GVL,Gainesville Regional Utilities,D,Demand,149,megawatthours
2026-01-09T10,GVL,Gainesville Regional Utilities,DF,Day-ahead demand forecast,125,megawatthours
2026-01-09T10,HST,City of Homestead,D,Demand,43,megawatthours
2026-01-09T10,HST,City of Homestead,DF,Day-ahead demand forecast,48,megawatthours
2026-01-09T10,IID,Imperial Irrigation District,D,Demand,252,megawatthours
2026-01-09T10,IID,Imperial Irrigation District,DF,Day-ahead demand forecast,254,megawatthours
2026-01-09T10,IPCO,Idaho Power Company,D,Demand,1993,megawatthours
2026-01-09T10,IPCO,Idaho Power Company,DF,Day-ahead demand forecast,1619,megawatthours
2026-01-09T10,ISNE,ISO New England,D,Demand,13340,megawatthours
2026-01-09T10,ISNE,ISO New England,DF,Day-ahead demand forecast,12340,megawatthours
2026-01-09T10,JEA,JEA,D,Demand,997,megawatthours
2026-01-09T10,JEA,JEA,DF,Day-ahead demand forecast,1051,megawatthours
2026-01-09T10,LDWP,Los Angeles Department of Water and Power,D,Demand,2856,megawatthours
2026-01-09T10,LDWP,Los Angeles Department of Water and Power,DF,Day-ahead demand forecast,2280,megawatthours
2026-01-09T10,LGEE,LG&E and KU Services Company as agent for Louisville Gas and Electric Company and Kentucky Utilities Company,D,Demand,3145,megawatthours
2026-01-09T10,MIDA,Mid-Atlantic,D,Demand,86751,megawatthours
2026-01-09T10,MIDA,Mid-Atlantic,DF,Day-ahead demand forecast,86118,megawatthours
2026-01-09T10,MIDW,Midwest,D,Demand,70327,megawatthours
2026-01-09T10,MIDW,Midwest,DF,Day-ahead demand forecast,67446,megawatthours
2026-01-09T10,MISO,"Midcontinent Independent System Operator, Inc.",D,Demand,65186,megawatthours
2026-01-09T10,MISO,"Midcontinent Independent System Operator, Inc.",DF,Day-ahead demand forecast,65542,megawatthours
2026-01-09T10,NE,New England,D,Demand,13340,megawatthours
2026-01-09T10,NE,New England,DF,Day-ahead demand forecast,12340,megawatthours
2026-01-09T10,NEVP,Nevada Power Company,D,Demand,4112,megawatthours
2026-01-09T10,NEVP,Nevada Power Company,DF,Day-ahead demand forecast,3630,megawatthours
2026-01-09T10,NW,Northwest,D,Demand,41060,megawatthours
2026-01-09T10,NW,Northwest,DF,Day-ahead demand forecast,38676,megawatthours
2026-01-09T10,NWMT,NorthWestern Corporation,D,Demand,1207,megawatthours
2026-01-09T10,NWMT,NorthWestern Corporation,DF,Day-ahead demand forecast,1321,megawatthours
2026-01-09T10,NY,New York,D,Demand,15313,megawatthours
2026-01-09T10,NY,New York,DF,Day-ahead demand forecast,14861,megawatthours
2026-01-09T10,NYIS,New York Independent System Operator,D,Demand,15313,megawatthours
2026-01-09T10,NYIS,New York Independent System Operator,DF,Day-ahead demand forecast,14861,megawatthours
2026-01-09T10,PACE,PacifiCorp East,D,Demand,5988,megawatthours
2026-01-09T10,PACE,PacifiCorp East,DF,Day-ahead demand forecast,6000,megawatthours
2026-01-09T10,PACW,PacifiCorp West,D,Demand,2437,megawatthours
2026-01-09T10,PACW,PacifiCorp West,DF,Day-ahead demand forecast,2466,megawatthours
2026-01-09T10,PGE,Portland General Electric Company,D,Demand,2519,megawatthours
2026-01-09T10,PGE,Portland General Electric Company,DF,Day-ahead demand forecast,2508,megawatthours
2026-01-09T10,PJM,"PJM Interconnection, LLC",D,Demand,86751,megawatthours
2026-01-09T10,PJM,"PJM Interconnection, LLC",DF,Day-ahead demand forecast,86118,megawatthours
2026-01-09T10,PNM,Public Service Company of New Mexico,D,Demand,1639,megawatthours
2026-01-09T10,PNM,Public Service Company of New Mexico,DF,Day-ahead demand forecast,1569,megawatthours
2026-01-09T10,PSCO,Public Service Company of Colorado,D,Demand,4483,megawatthours
2026-01-09T10,PSCO,Public Service Company of Colorado,DF,Day-ahead demand forecast,4420,megawatthours
2026-01-09T10,PSEI,"Puget Sound Energy, Inc.",D,Demand,2780,megawatthours
2026-01-09T10,PSEI,"Puget Sound Energy, Inc.",DF,Day-ahead demand forecast,1482,megawatthours
2026-01-09T10,SC,South Carolina Public Service Authority,D,Demand,2477,megawatthours
2026-01-09T10,SC,South Carolina Public Service Authority,DF,Day-ahead demand forecast,2477,megawatthours
2026-01-09T10,SCL,Seattle City Light,D,Demand,1022,megawatthours
2026-01-09T10,SCL,Seattle City Light,DF,Day-ahead demand forecast,1031,megawatthours
2026-01-09T10,SE,Southeast,D,Demand,19961,megawatthours
2026-01-09T10,SE,Southeast,DF,Day-ahead demand forecast,19808,megawatthours
2026-01-09T10,SEC,Seminole Electric Cooperative,D,Demand,154,megawatthours
2026-01-09T10,SEC,Seminole Electric Cooperative,DF,Day-ahead demand forecast,122,megawatthours
2026-01-09T10,SOCO,"Southern Company Services, Inc. - Trans",D,Demand,19961,megawatthours
2026-01-09T10,SOCO,"Southern Company Services, Inc. - Trans",DF,Day-ahead demand forecast,19808,megawatthours
2026-01-09T10,SPA,Southwestern Power Administration,D,Demand,29,megawatthours
2026-01-09T10,SRP,Salt River Project Agricultural Improvement and Power District,D,Demand,3434,megawatthours
2026-01-09T10,SRP,Salt River Project Agricultural Improvement and Power District,DF,Day-ahead demand forecast,3268,megawatthours
2026-01-09T10,SW,Southwest,D,Demand,12383,megawatthours
2026-01-09T10,SW,Southwest,DF,Day-ahead demand forecast,10774,megawatthours
2026-01-09T10,SWPP,Southwest Power Pool,D,Demand,31226,megawatthours
2026-01-09T10,SWPP,Southwest Power Pool,DF,Day-ahead demand forecast,33438,megawatthours
2026-01-09T10,TAL,City of Tallahassee,D,Demand,207,megawatthours
2026-01-09T10,TAL,City of Tallahassee,DF,Day-ahead demand forecast,204,megawatthours
2026-01-09T10,TEC,Tampa Electric Company,D,Demand,1559,megawatthours
2026-01-09T10,TEC,Tampa Electric Company,DF,Day-ahead demand forecast,1645,megawatthours
2026-01-09T10,TEN,Tennessee,D,Demand,14103,megawatthours
2026-01-09T10,TEN,Tennessee,DF,Day-ahead demand forecast,13947,megawatthours
2026-01-09T10,TEPC,Tucson Electric Power,D,Demand,1427,megawatthours
2026-01-09T10,TEPC,Tucson Electric Power,DF,Day-ahead demand forecast,1431,megawatthours
2026-01-09T10,TEX,Texas,D,Demand,41932,megawatthours
2026-01-09T10,TEX,Texas,DF,Day-ahead demand forecast,41821,megawatthours
2026-01-09T10,TIDC,Turlock Irrigation District,D,Demand,276,megawatthours
2026-01-09T10,TIDC,Turlock Irrigation District,DF,Day-ahead demand forecast,262,megawatthours
2026-01-09T10,TPWR,"City of Tacoma, Department of Public Utilities, Light Division",D,Demand,525,megawatthours
2026-01-09T10,TPWR,"City of Tacoma, Department of Public Utilities, Light Division",DF,Day-ahead demand forecast,542,megawatthours
2026-01-09T10,TVA,Tennessee Valley Authority,D,Demand,14103,megawatthours
2026-01-09T10,TVA,Tennessee Valley Authority,DF,Day-ahead demand forecast,13947,megawatthours
2026-01-09T10,US48,United States Lower 48,D,Demand,412036,megawatthours
2026-01-09T10,US48,United States Lower 48,DF,Day-ahead demand forecast,402240,megawatthours
2026-01-09T10,WACM,Western Area Power Administration - Rocky Mountain Region,D,Demand,3596,megawatthours
2026-01-09T10,WACM,Western Area Power Administration - Rocky Mountain Region,DF,Day-ahead demand forecast,3340,megawatthours
2026-01-09T10,WALC,Western Area Power Administration - Desert Southwest Region,D,Demand,713,megawatthours
2026-01-09T10,WAUW,Western Area Power Administration - Upper Great Plains West,D,Demand,96,megawatthours
2026-01-09T10,WAUW,Western Area Power Administration - Upper Great Plains West,DF,Day-ahead demand forecast,92,megawatthours
2026-01-09T09,AECI,"Associated Electric Cooperative, Inc.",D,Demand,1951,megawatthours
2026-01-09T09,AECI,"Associated Electric Cooperative, Inc.",DF,Day-ahead demand forecast,1858,megawatthours
2026-01-09T09,AVA,Avista Corporation,D,Demand,1494,megawatthours
2026-01-09T09,AVA,Avista Corporation,DF,Day-ahead demand forecast,1489,megawatthours
2026-01-09T09,AZPS,Arizona Public Service Company,D,Demand,4314,megawatthours
2026-01-09T09,AZPS,Arizona Public Service Company,DF,Day-ahead demand forecast,3671,megawatthours
2026-01-09T09,BANC,Balancing Authority of Northern California,D,Demand,1906,megawatthours
2026-01-09T09,BANC,Balancing Authority of Northern California,DF,Day-ahead demand forecast,1903,megawatthours
2026-01-09T09,BPAT,Bonneville Power Administration,D,Demand,7557,megawatthours
2026-01-09T09,BPAT,Bonneville Power Administration,DF,Day-ahead demand forecast,7348,megawatthours
2026-01-09T09,CAL,California,D,Demand,29020,megawatthours
2026-01-09T09,CAL,California,DF,Day-ahead demand forecast,27617,megawatthours
2026-01-09T09,CAR,Carolinas,D,Demand,18405,megawatthours
2026-01-09T09,CAR,Carolinas,DF,Day-ahead demand forecast,17912,megawatthours
2026-01-09T09,CENT,Central,D,Demand,31240,megawatthours
2026-01-09T09,CENT,Central,DF,Day-ahead demand forecast,33179,megawatthours
2026-01-09T09,CHPD,Public Utility District No. 1 of Chelan County,D,Demand,276,megawatthours
2026-01-09T09,CHPD,Public Utility District No. 1 of Chelan County,DF,Day-ahead demand forecast,276,megawatthours
2026-01-09T09,CISO,California Independent System Operator,D,Demand,23617,megawatthours
2026-01-09T09,CISO,California Independent System Operator,DF,Day-ahead demand forecast,22796,megawatthours
2026-01-09T09,CPLE,Duke Energy Progress East,D,Demand,5967,megawatthours
2026-01-09T09,CPLE,Duke Energy Progress East,DF,Day-ahead demand forecast,5331,megawatthours
2026-01-09T09,CPLW,Duke Energy Progress West,D,Demand,428,megawatthours
2026-01-09T09,CPLW,Duke Energy Progress West,DF,Day-ahead demand forecast,535,megawatthours
2026-01-09T09,DOPD,PUD No. 1 of Douglas County,D,Demand,329,megawatthours
2026-01-09T09,DOPD,PUD No. 1 of Douglas County,DF,Day-ahead demand forecast,331,megawatthours
2026-01-09T09,DUK,Duke Energy Carolinas,D,Demand,9572,megawatthours
2026-01-09T09,DUK,Duke Energy Carolinas,DF,Day-ahead demand forecast,9608,megawatthours
2026-01-09T09,EPE,El Paso Electric Company,D,Demand,794,megawatthours
2026-01-09T09,EPE,El Paso Electric Company,DF,Day-ahead demand forecast,798,megawatthours
2026-01-09T09,ERCO,"Electric Reliability Council of Texas, Inc.",D,Demand,42081,megawatthours
2026-01-09T09,ERCO,"Electric Reliability Council of Texas, Inc.",DF,Day-ahead demand forecast,42008,megawatthours
2026-01-09T09,FLA,Florida,D,Demand,18291,megawatthours
2026-01-09T09,FLA,Florida,DF,Day-ahead demand forecast,17566,megawatthours
2026-01-09T09,FMPP,Florida Municipal Power Pool,D,Demand,1326,megawatthours
2026-01-09T09,FMPP,Florida Municipal Power Pool,DF,Day-ahead demand forecast,1311,megawatthours
2026-01-09T09,FPC,"Duke Energy Florida, Inc.",D,Demand,3740,megawatthours
2026-01-09T09,FPC,"Duke Energy Florida, Inc.",DF,Day-ahead demand forecast,2953,megawatthours
2026-01-09T09,FPL,Florida Power & Light Co.,D,Demand,10146,megawatthours
2026-01-09T09,FPL,Florida Power & Light Co.,DF,Day-ahead demand forecast,10187,megawatthours
2026-01-09T09,GCPD,"Public Utility District No. 2 of Grant County, Washington",D,Demand,736,megawatthours
2026-01-09T09,GCPD,"Public Utility District No. 2 of Grant County, Washington",DF,Day-ahead demand forecast,749,megawatthours
2026-01-09T09,GVL,Gainesville Regional Utilities,D,Demand,149,megawatthours
2026-01-09T09,GVL,Gainesville Regional Utilities,DF,Day-ahead demand forecast,124,megawatthours
2026-01-09T09,HST,City of Homestead,D,Demand,43,megawatthours
2026-01-09T09,HST,City of Homestead,DF,Day-ahead demand forecast,46,megawatthours
2026-01-09T09,IID,Imperial Irrigation District,D,Demand,260,megawatthours
2026-01-09T09,IID,Imperial Irrigation District,DF,Day-ahead demand forecast,265,megawatthours
2026-01-09T09,IPCO,Idaho Power Company,D,Demand,2017,megawatthours
2026-01-09T09,IPCO,Idaho Power Company,DF,Day-ahead demand forecast,1920,megawatthours
2026-01-09T09,ISNE,ISO New England,D,Demand,12975,megawatthours
2026-01-09T09,ISNE,ISO New England,DF,Day-ahead demand forecast,11920,megawatthours
2026-01-09T09,JEA,JEA,D,Demand,986,megawatthours
2026-01-09T09,JEA,JEA,DF,Day-ahead demand forecast,1022,megawatthours
2026-01-09T09,LDWP,Los Angeles Department of Water and Power,D,Demand,2953,megawatthours
2026-01-09T09,LDWP,Los Angeles Department of Water and Power,DF,Day-ahead demand forecast,2384,megawatthours
2026-01-09T09,LGEE,LG&E and KU Services Company as agent for Louisville Gas and Electric Company and Kentucky Utilities Company,D,Demand,3239,megawatthours
2026-01-09T09,MIDA,Mid-Atlantic,D,Demand,86577,megawatthours
2026-01-09T09,MIDA,Mid-Atlantic,DF,Day-ahead demand forecast,82070,megawatthours
2026-01-09T09,MIDW,Midwest,D,Demand,70139,megawatthours
2026-01-09T09,MIDW,Midwest,DF,Day-ahead demand forecast,67283,megawatthours
2026-01-09T09,MISO,"Midcontinent Independent System Operator, Inc.",D,Demand,64949,megawatthours
2026-01-09T09,MISO,"Midcontinent Independent System Operator, Inc.",DF,Day-ahead demand forecast,65425,megawatthours
2026-01-09T09,NE,New England,D,Demand,12975,megawatthours
2026-01-09T09,NE,New England,DF,Day-ahead demand forecast,11920,megawatthours
2026-01-09T09,NEVP,Nevada Power Company,D,Demand,4186,megawatthours
2026-01-09T09,NEVP,Nevada Power Company,DF,Day-ahead demand forecast,3723,megawatthours
2026-01-09T09,NW,Northwest,D,Demand,41756,megawatthours
2026-01-09T09,NW,Northwest,DF,Day-ahead demand forecast,39254,megawatthours
2026-01-09T09,NWMT,NorthWestern Corporation,D,Demand,1306,megawatthours
2026-01-09T09,NWMT,NorthWestern Corporation,DF,Day-ahead demand forecast,1340,megawatthours
2026-01-09T09,NY,New York,D,Demand,15124,megawatthours
2026-01-09T09,NY,New York,DF,Day-ahead demand forecast,14696,megawatthours
2026-01-09T09,NYIS,New York Independent System Operator,D,Demand,15124,megawatthours
2026-01-09T09,NYIS,New York Independent System Operator,DF,Day-ahead demand forecast,14696,megawatthours
2026-01-09T09,PACE,PacifiCorp East,D,Demand,6065,megawatthours
2026-01-09T09,PACE,PacifiCorp East,DF,Day-ahead demand forecast,6031,megawatthours
2026-01-09T09,PACW,PacifiCorp West,D,Demand,2475,megawatthours
2026-01-09T09,PACW,PacifiCorp West,DF,Day-ahead demand forecast,2518,megawatthours
2026-01-09T09,PGE,Portland General Electric Company,D,Demand,2592,megawatthours
2026-01-09T09,PGE,Portland General Electric Company,DF,Day-ahead demand forecast,2586,megawatthours
2026-01-09T09,PJM,"PJM Interconnection, LLC",D,Demand,86577,megawatthours
2026-01-09T09,PJM,"PJM Interconnection, LLC",DF,Day-ahead demand forecast,82070,megawatthours
2026-01-09T09,PNM,Public Service Company of New Mexico,D,Demand,1647,megawatthours
2026-01-09T09,PNM,Public Service Company of New Mexico,DF,Day-ahead demand forecast,1574,megawatthours
2026-01-09T09,PSCO,Public Service Company of Colorado,D,Demand,4550,megawatthours
2026-01-09T09,PSCO,Public Service Company of Colorado,DF,Day-ahead demand forecast,4445,megawatthours
2026-01-09T09,PSEI,"Puget Sound Energy, Inc.",D,Demand,2895,megawatthours
2026-01-09T09,PSEI,"Puget Sound Energy, Inc.",DF,Day-ahead demand forecast,1517,megawatthours
2026-01-09T09,SC,South Carolina Public Service Authority,D,Demand,2438,megawatthours
2026-01-09T09,SC,South Carolina Public Service Authority,DF,Day-ahead demand forecast,2438,megawatthours
2026-01-09T09,SCL,Seattle City Light,D,Demand,1065,megawatthours
2026-01-09T09,SCL,Seattle City Light,DF,Day-ahead demand forecast,1068,megawatthours
2026-01-09T09,SE,Southeast,D,Demand,19847,megawatthours
2026-01-09T09,SE,Southeast,DF,Day-ahead demand forecast,19759,megawatthours
2026-01-09T09,SEC,Seminole Electric Cooperative,D,Demand,148,megawatthours
2026-01-09T09,SEC,Seminole Electric Cooperative,DF,Day-ahead demand forecast,118,megawatthours
2026-01-09T09,SOCO,"Southern Company Services, Inc. - Trans",D,Demand,19847,megawatthours
2026-01-09T09,SOCO,"Southern Company Services, Inc. - Trans",DF,Day-ahead demand forecast,19759,megawatthours
2026-01-09T09,SPA,Southwestern Power Administration,D,Demand,14,megawatthours
2026-01-09T09,SRP,Salt River Project Agricultural Improvement and Power District,D,Demand,3438,megawatthours
2026-01-09T09,SRP,Salt River Project Agricultural Improvement and Power District,DF,Day-ahead demand forecast,3293,megawatthours
2026-01-09T09,SW,Southwest,D,Demand,12324,megawatthours
2026-01-09T09,SW,Southwest,DF,Day-ahead demand forecast,10777,megawatthours
2026-01-09T09,SWPP,Southwest Power Pool,D,Demand,31226,megawatthours
2026-01-09T09,SWPP,Southwest Power Pool,DF,Day-ahead demand forecast,33179,megawatthours
2026-01-09T09,TAL,City of Tallahassee,D,Demand,205,megawatthours
2026-01-09T09,TAL,City of Tallahassee,DF,Day-ahead demand forecast,202,megawatthours
2026-01-09T09,TEC,Tampa Electric Company,D,Demand,1548,megawatthours
2026-01-09T09,TEC,Tampa Electric Company,DF,Day-ahead demand forecast,1603,megawatthours
2026-01-09T09,TEN,Tennessee,D,Demand,14209,megawatthours
2026-01-09T09,TEN,Tennessee,DF,Day-ahead demand forecast,14073,megawatthours
2026-01-09T09,TEPC,Tucson Electric Power,D,Demand,1429,megawatthours
2026-01-09T09,TEPC,Tucson Electric Power,DF,Day-ahead demand forecast,1441,megawatthours
2026-01-09T09,TEX,Texas,D,Demand,42081,megawatthours
2026-01-09T09,TEX,Texas,DF,Day-ahead demand forecast,42008,megawatthours
2026-01-09T09,TIDC,Turlock Irrigation District,D,Demand,284,megawatthours
2026-01-09T09,TIDC,Turlock Irrigation District,DF,Day-ahead demand forecast,269,megawatthours
2026-01-09T09,TPWR,"City of Tacoma, Department of Public Utilities, Light Division",D,Demand,540,megawatthours
2026-01-09T09,TPWR,"City of Tacoma, Department of Public Utilities, Light Division",DF,Day-ahead demand forecast,554,megawatthours
2026-01-09T09,TVA,Tennessee Valley Authority,D,Demand,14209,megawatthours
2026-01-09T09,TVA,Tennessee Valley Authority,DF,Day-ahead demand forecast,14073,megawatthours
2026-01-09T09,US48,United States Lower 48,D,Demand,411988,megawatthours
2026-01-09T09,US48,United States Lower 48,DF,Day-ahead demand forecast,398114,megawatthours
2026-01-09T09,WACM,Western Area Power Administration - Rocky Mountain Region,D,Demand,3575,megawatthours
2026-01-09T09,WACM,Western Area Power Administration - Rocky Mountain Region,DF,Day-ahead demand forecast,3263,megawatthours
2026-01-09T09,WALC,Western Area Power Administration - Desert Southwest Region,D,Demand,702,megawatthours
2026-01-09T09,WAUW,Western Area Power Administration - Upper Great Plains West,D,Demand,98,megawatthours
2026-01-09T09,WAUW,Western Area Power Administration - Upper Great Plains West,DF,Day-ahead demand forecast,96,megawatthours
2026-01-09T08,AECI,"Associated Electric Cooperative, Inc.",D,Demand,1921,megawatthours
2026-01-09T08,AECI,"Associated Electric Cooperative, Inc.",DF,Day-ahead demand forecast,1841,megawatthours
2026-01-09T08,AVA,Avista Corporation,D,Demand,1544,megawatthours
2026-01-09T08,AVA,Avista Corporation,DF,Day-ahead demand forecast,1530,megawatthours
2026-01-09T08,AZPS,Arizona Public Service Company,D,Demand,4324,megawatthours
2026-01-09T08,AZPS,Arizona Public Service Company,DF,Day-ahead demand forecast,3745,megawatthours
2026-01-09T08,BANC,Balancing Authority of Northern California,D,Demand,1946,megawatthours
2026-01-09T08,BANC,Balancing Authority of Northern California,DF,Day-ahead demand forecast,1892,megawatthours
2026-01-09T08,BPAT,Bonneville Power Administration,D,Demand,7782,megawatthours
2026-01-09T08,BPAT,Bonneville Power Administration,DF,Day-ahead demand forecast,7672,megawatthours
2026-01-09T08,CAL,California,D,Demand,29377,megawatthours
2026-01-09T08,CAL,California,DF,Day-ahead demand forecast,28110,megawatthours
2026-01-09T08,CAR,Carolinas,D,Demand,18435,megawatthours
2026-01-09T08,CAR,Carolinas,DF,Day-ahead demand forecast,17927,megawatthours
2026-01-09T08,CENT,Central,D,Demand,31247,megawatthours
2026-01-09T08,CENT,Central,DF,Day-ahead demand forecast,33108,megawatthours
2026-01-09T08,CHPD,Public Utility District No. 1 of Chelan County,D,Demand,291,megawatthours
2026-01-09T08,CHPD,Public Utility District No. 1 of Chelan County,DF,Day-ahead demand forecast,284,megawatthours
2026-01-09T08,CISO,California Independent System Operator,D,Demand,23890,megawatthours
2026-01-09T08,CISO,California Independent System Operator,DF,Day-ahead demand forecast,23142,megawatthours
2026-01-09T08,CPLE,Duke Energy Progress East,D,Demand,5915,megawatthours
2026-01-09T08,CPLE,Duke Energy Progress East,DF,Day-ahead demand forecast,5317,megawatthours
2026-01-09T08,CPLW,Duke Energy Progress West,D,Demand,432,megawatthours
2026-01-09T08,CPLW,Duke Energy Progress West,DF,Day-ahead demand forecast,533,megawatthours
2026-01-09T08,DOPD,PUD No. 1 of Douglas County,D,Demand,330,megawatthours
2026-01-09T08,DOPD,PUD No. 1 of Douglas County,DF,Day-ahead demand forecast,333,megawatthours
2026-01-09T08,DUK,Duke Energy Carolinas,D,Demand,9612,megawatthours
2026-01-09T08,DUK,Duke Energy Carolinas,DF,Day-ahead demand forecast,9601,megawatthours
2026-01-09T08,EPE,El Paso Electric Company,D,Demand,822,megawatthours
2026-01-09T08,EPE,El Paso Electric Company,DF,Day-ahead demand forecast,811,megawatthours
2026-01-09T08,ERCO,"Electric Reliability Council of Texas, Inc.",D,Demand,42584,megawatthours
2026-01-09T08,ERCO,"Electric Reliability Council of Texas, Inc.",DF,Day-ahead demand forecast,42741,megawatthours
2026-01-09T08,FLA,Florida,D,Demand,18703,megawatthours
2026-01-09T08,FLA,Florida,DF,Day-ahead demand forecast,17907,megawatthours
2026-01-09T08,FMPP,Florida Municipal Power Pool,D,Demand,1359,megawatthours
2026-01-09T08,FMPP,Florida Municipal Power Pool,DF,Day-ahead demand forecast,1314,megawatthours
2026-01-09T08,FPC,"Duke Energy Florida, Inc.",D,Demand,3821,megawatthours
2026-01-09T08,FPC,"Duke Energy Florida, Inc.",DF,Day-ahead demand forecast,3021,megawatthours
2026-01-09T08,FPL,Florida Power & Light Co.,D,Demand,10388,megawatthours
2026-01-09T08,FPL,Florida Power & Light Co.,DF,Day-ahead demand forecast,10401,megawatthours
2026-01-09T08,GCPD,"Public Utility District No. 2 of Grant County, Washington",D,Demand,742,megawatthours
2026-01-09T08,GCPD,"Public Utility District No. 2 of Grant County, Washington",DF,Day-ahead demand forecast,747,megawatthours
2026-01-09T08,GVL,Gainesville Regional Utilities,D,Demand,152,megawatthours
2026-01-09T08,GVL,Gainesville Regional Utilities,DF,Day-ahead demand forecast,127,megawatthours
2026-01-09T08,HST,City of Homestead,D,Demand,45,megawatthours
2026-01-09T08,HST,City of Homestead,DF,Day-ahead demand forecast,49,megawatthours
2026-01-09T08,IID,Imperial Irrigation District,D,Demand,276,megawatthours
2026-01-09T08,IID,Imperial Irrigation District,DF,Day-ahead demand forecast,277,megawatthours
2026-01-09T08,IPCO,Idaho Power Company,D,Demand,2032,megawatthours
2026-01-09T08,IPCO,Idaho Power Company,DF,Day-ahead demand forecast,1920,megawatthours
2026-01-09T08,ISNE,ISO New England,D,Demand,12942,megawatthours
2026-01-09T08,ISNE,ISO New England,DF,Day-ahead demand forecast,11930,megawatthours
2026-01-09T08,JEA,JEA,D,Demand,985,megawatthours
2026-01-09T08,JEA,JEA,DF,Day-ahead demand forecast,1040,megawatthours
2026-01-09T08,LDWP,Los Angeles Department of Water and Power,D,Demand,2970,megawatthours
2026-01-09T08,LDWP,Los Angeles Department of Water and Power,DF,Day-ahead demand forecast,2513,megawatthours
2026-01-09T08,LGEE,LG&E and KU Services Company as agent for Louisville Gas and Electric Company and Kentucky Utilities Company,D,Demand,3301,megawatthours
2026-01-09T08,MIDA,Mid-Atlantic,D,Demand,87339,megawatthours
2026-01-09T08,MIDA,Mid-Atlantic,DF,Day-ahead demand forecast,80604,megawatthours
2026-01-09T08,MIDW,Midwest,D,Demand,70789,megawatthours
2026-01-09T08,MIDW,Midwest,DF,Day-ahead demand forecast,67920,megawatthours
2026-01-09T08,MISO,"Midcontinent Independent System Operator, Inc.",D,Demand,65567,megawatthours
2026-01-09T08,MISO,"Midcontinent Independent System Operator, Inc.",DF,Day-ahead demand forecast,66079,megawatthours
2026-01-09T08,NE,New England,D,Demand,12942,megawatthours
2026-01-09T08,NE,New England,DF,Day-ahead demand forecast,11930,megawatthours
2026-01-09T08,NEVP,Nevada Power Company,D,Demand,4274,megawatthours
2026-01-09T08,NEVP,Nevada Power Company,DF,Day-ahead demand forecast,3978,megawatthours
2026-01-09T08,NW,Northwest,D,Demand,42825,megawatthours
2026-01-09T08,NW,Northwest,DF,Day-ahead demand forecast,37804,megawatthours
2026-01-09T08,NWMT,NorthWestern Corporation,D,Demand,1348,megawatthours
2026-01-09T08,NWMT,NorthWestern Corporation,DF,Day-ahead demand forecast,1364,megawatthours
2026-01-09T08,NY,New York,D,Demand,15235,megawatthours
2026-01-09T08,NY,New York,DF,Day-ahead demand forecast,14810,megawatthours
2026-01-09T08,NYIS,New York Independent System Operator,D,Demand,15235,megawatthours
2026-01-09T08,NYIS,New York Independent System Operator,DF,Day-ahead demand forecast,14810,megawatthours
2026-01-09T08,PACE,PacifiCorp East,D,Demand,6145,megawatthours
2026-01-09T08,PACE,PacifiCorp East,DF,Day-ahead demand forecast,6179,megawatthours
2026-01-09T08,PACW,PacifiCorp West,D,Demand,2556,megawatthours
2026-01-09T08,PGE,Portland General Electric Company,D,Demand,2725,megawatthours
2026-01-09T08,PGE,Portland General Electric Company,DF,Day-ahead demand forecast,2712,megawatthours
2026-01-09T08,PJM,"PJM Interconnection, LLC",D,Demand,87339,megawatthours
2026-01-09T08,PJM,"PJM Interconnection, LLC",DF,Day-ahead demand forecast,80604,megawatthours
2026-01-09T08,PNM,Public Service Company of New Mexico,D,Demand,1668,megawatthours
2026-01-09T08,PNM,Public Service Company of New Mexico,DF,Day-ahead demand forecast,1591,megawatthours
2026-01-09T08,PSCO,Public Service Company of Colorado,D,Demand,4668,megawatthours
2026-01-09T08,PSCO,Public Service Company of Colorado,DF,Day-ahead demand forecast,4503,megawatthours
2026-01-09T08,PSEI,"Puget Sound Energy, Inc.",D,Demand,3057,megawatthours
2026-01-09T08,PSEI,"Puget Sound Energy, Inc.",DF,Day-ahead demand forecast,1468,megawatthours
2026-01-09T08,SC,South Carolina Public Service Authority,D,Demand,2476,megawatthours
2026-01-09T08,SC,South Carolina Public Service Authority,DF,Day-ahead demand forecast,2476,megawatthours
2026-01-09T08,SCL,Seattle City Light,D,Demand,1125,megawatthours
2026-01-09T08,SCL,Seattle City Light,DF,Day-ahead demand forecast,1130,megawatthours
2026-01-09T08,SE,Southeast,D,Demand,20068,megawatthours
2026-01-09T08,SE,Southeast,DF,Day-ahead demand forecast,20068,megawatthours
2026-01-09T08,SEC,Seminole Electric Cooperative,D,Demand,151,megawatthours
2026-01-09T08,SEC,Seminole Electric Cooperative,DF,Day-ahead demand forecast,120,megawatthours
2026-01-09T08,SOCO,"Southern Company Services, Inc. - Trans",D,Demand,20068,megawatthours
2026-01-09T08,SOCO,"Southern Company Services, Inc. - Trans",DF,Day-ahead demand forecast,20068,megawatthours
2026-01-09T08,SPA,Southwestern Power Administration,D,Demand,21,megawatthours
2026-01-09T08,SRP,Salt River Project Agricultural Improvement and Power District,D,Demand,3547,megawatthours
2026-01-09T08,SRP,Salt River Project Agricultural Improvement and Power District,DF,Day-ahead demand forecast,3308,megawatthours
2026-01-09T08,SW,Southwest,D,Demand,12513,megawatthours
2026-01-09T08,SW,Southwest,DF,Day-ahead demand forecast,10928,megawatthours
2026-01-09T08,SWPP,Southwest Power Pool,D,Demand,31226,megawatthours
2026-01-09T08,SWPP,Southwest Power Pool,DF,Day-ahead demand forecast,33108,megawatthours
2026-01-09T08,TAL,City of Tallahassee,D,Demand,209,megawatthours
2026-01-09T08,TAL,City of Tallahassee,DF,Day-ahead demand forecast,206,megawatthours
2026-01-09T08,TEC,Tampa Electric Company,D,Demand,1593,megawatthours
2026-01-09T08,TEC,Tampa Electric Company,DF,Day-ahead demand forecast,1629,megawatthours
2026-01-09T08,TEN,Tennessee,D,Demand,14375,megawatthours
2026-01-09T08,TEN,Tennessee,DF,Day-ahead demand forecast,14297,megawatthours
2026-01-09T08,TEPC,Tucson Electric Power,D,Demand,1448,megawatthours
2026-01-09T08,TEPC,Tucson Electric Power,DF,Day-ahead demand forecast,1473,megawatthours
2026-01-09T08,TEX,Texas,D,Demand,42584,megawatthours
2026-01-09T08,TEX,Texas,DF,Day-ahead demand forecast,42741,megawatthours
2026-01-09T08,TIDC,Turlock Irrigation District,D,Demand,295,megawatthours
2026-01-09T08,TIDC,Turlock Irrigation District,DF,Day-ahead demand forecast,286,megawatthours
2026-01-09T08,TPWR,"City of Tacoma, Department of Public Utilities, Light Division",D,Demand,566,megawatthours
2026-01-09T08,TPWR,"City of Tacoma, Department of Public Utilities, Light Division",DF,Day-ahead demand forecast,593,megawatthours
2026-01-09T08,TVA,Tennessee Valley Authority,D,Demand,14375,megawatthours
2026-01-09T08,TVA,Tennessee Valley Authority,DF,Day-ahead demand forecast,14297,megawatthours
2026-01-09T08,US48,United States Lower 48,D,Demand,416432,megawatthours
2026-01-09T08,US48,United States Lower 48,DF,Day-ahead demand forecast,398154,megawatthours
2026-01-09T08,WACM,Western Area Power Administration - Rocky Mountain Region,D,Demand,3545,megawatthours
2026-01-09T08,WACM,Western Area Power Administration - Rocky Mountain Region,DF,Day-ahead demand forecast,3294,megawatthours
2026-01-09T08,WALC,Western Area Power Administration - Desert Southwest Region,D,Demand,704,megawatthours
2026-01-09T08,WAUW,Western Area Power Administration - Upper Great Plains West,D,Demand,95,megawatthours
2026-01-09T08,WAUW,Western Area Power Administration - Upper Great Plains West,DF,Day-ahead demand forecast,97,megawatthours
2026-01-09T07,AECI,"Associated Electric Cooperative, Inc.",D,Demand,1922,megawatthours
2026-01-09T07,AECI,"Associated Electric Cooperative, Inc.",DF,Day-ahead demand forecast,1860,megawatthours
2026-01-09T07,AVA,Avista Corporation,D,Demand,1618,megawatthours
2026-01-09T07,AVA,Avista Corporation,DF,Day-ahead demand forecast,1608,megawatthours
2026-01-09T07,AVA,Avista Corporation,NG,Net generation,1121,megawatthours
2026-01-09T07,AVA,Avista Corporation,TI,Total interchange,-497,megawatthours
2026-01-09T07,AVRN,"Avangrid Renewables, LLC",NG,Net generation,1411,megawatthours
2026-01-09T07,AVRN,"Avangrid Renewables, LLC",TI,Total interchange,1411,megawatthours
2026-01-09T07,AZPS,Arizona Public Service Company,D,Demand,4302,megawatthours
2026-01-09T07,AZPS,Arizona Public Service Company,DF,Day-ahead demand forecast,3785,megawatthours
2026-01-09T07,BANC,Balancing Authority of Northern California,D,Demand,2074,megawatthours
2026-01-09T07,BANC,Balancing Authority of Northern California,DF,Day-ahead demand forecast,2010,megawatthours
2026-01-09T07,BANC,Balancing Authority of Northern California,NG,Net generation,1707,megawatthours
2026-01-09T07,BANC,Balancing Authority of Northern California,TI,Total interchange,-367,megawatthours
2026-01-09T07,BPAT,Bonneville Power Administration,D,Demand,8182,megawatthours
2026-01-09T07,BPAT,Bonneville Power Administration,DF,Day-ahead demand forecast,7949,megawatthours
2026-01-09T07,BPAT,Bonneville Power Administration,NG,Net generation,15807,megawatthours
2026-01-09T07,BPAT,Bonneville Power Administration,TI,Total interchange,7625,megawatthours
2026-01-09T07,CAL,California,D,Demand,31030,megawatthours
2026-01-09T07,CAL,California,DF,Day-ahead demand forecast,29899,megawatthours
2026-01-09T07,CAL,California,NG,Net generation,18782,megawatthours
2026-01-09T07,CAL,California,TI,Total interchange,-11082,megawatthours
2026-01-09T07,CAR,Carolinas,D,Demand,18608,megawatthours
2026-01-09T07,CAR,Carolinas,DF,Day-ahead demand forecast,18217,megawatthours
2026-01-09T07,CAR,Carolinas,NG,Net generation,18419,megawatthours
2026-01-09T07,CENT,Central,D,Demand,31253,megawatthours
2026-01-09T07,CENT,Central,DF,Day-ahead demand forecast,33179,megawatthours
2026-01-09T07,CHPD,Public Utility District No. 1 of Chelan County,D,Demand,296,megawatthours
2026-01-09T07,CHPD,Public Utility District No. 1 of Chelan County,DF,Day-ahead demand forecast,294,megawatthours
2026-01-09T07,CHPD,Public Utility District No. 1 of Chelan County,NG,Net generation,1539,megawatthours
2026-01-09T07,CHPD,Public Utility District No. 1 of Chelan County,TI,Total interchange,1243,megawatthours
2026-01-09T07,CISO,California Independent System Operator,D,Demand,25265,megawatthours
2026-01-09T07,CISO,California Independent System Operator,DF,Day-ahead demand forecast,24617,megawatthours
2026-01-09T07,CISO,California Independent System Operator,NG,Net generation,14024,megawatthours
2026-01-09T07,CISO,California Independent System Operator,TI,Total interchange,-10078,megawatthours
2026-01-09T07,CPLE,Duke Energy Progress East,D,Demand,5874,megawatthours
2026-01-09T07,CPLE,Duke Energy Progress East,DF,Day-ahead demand forecast,5402,megawatthours
2026-01-09T07,CPLW,Duke Energy Progress West,D,Demand,442,megawatthours
2026-01-09T07,CPLW,Duke Energy Progress West,DF,Day-ahead demand forecast,539,megawatthours
2026-01-09T07,DOPD,PUD No. 1 of Douglas County,D,Demand,337,megawatthours
2026-01-09T07,DOPD,PUD No. 1 of Douglas County,DF,Day-ahead demand forecast,338,megawatthours
2026-01-09T07,DOPD,PUD No. 1 of Douglas County,NG,Net generation,635,megawatthours
2026-01-09T07,DOPD,PUD No. 1 of Douglas County,TI,Total interchange,298,megawatthours
2026-01-09T07,DUK,Duke Energy Carolinas,D,Demand,9766,megawatthours
2026-01-09T07,DUK,Duke Energy Carolinas,DF,Day-ahead demand forecast,9750,megawatthours
2026-01-09T07,EPE,El Paso Electric Company,D,Demand,852,megawatthours
2026-01-09T07,EPE,El Paso Electric Company,DF,Day-ahead demand forecast,832,megawatthours
2026-01-09T07,ERCO,"Electric Reliability Council of Texas, Inc.",D,Demand,43751,megawatthours
2026-01-09T07,ERCO,"Electric Reliability Council of Texas, Inc.",DF,Day-ahead demand forecast,43989,megawatthours
2026-01-09T07,FLA,Florida,D,Demand,19606,megawatthours
2026-01-09T07,FLA,Florida,DF,Day-ahead demand forecast,18489,megawatthours
2026-01-09T07,FMPP,Florida Municipal Power Pool,D,Demand,1421,megawatthours
2026-01-09T07,FMPP,Florida Municipal Power Pool,DF,Day-ahead demand forecast,1354,megawatthours
2026-01-09T07,FPC,"Duke Energy Florida, Inc.",D,Demand,3990,megawatthours
2026-01-09T07,FPC,"Duke Energy Florida, Inc.",DF,Day-ahead demand forecast,3187,megawatthours
2026-01-09T07,FPL,Florida Power & Light Co.,D,Demand,10926,megawatthours
2026-01-09T07,FPL,Florida Power & Light Co.,DF,Day-ahead demand forecast,10663,megawatthours
2026-01-09T07,GCPD,"Public Utility District No. 2 of Grant County, Washington",D,Demand,751,megawatthours
2026-01-09T07,GCPD,"Public Utility District No. 2 of Grant County, Washington",DF,Day-ahead demand forecast,756,megawatthours
2026-01-09T07,GCPD,"Public Utility District No. 2 of Grant County, Washington",NG,Net generation,1705,megawatthours
2026-01-09T07,GCPD,"Public Utility District No. 2 of Grant County, Washington",TI,Total interchange,959,megawatthours
2026-01-09T07,GRID,"Gridforce Energy Management, LLC",NG,Net generation,2040,megawatthours
2026-01-09T07,GRID,"Gridforce Energy Management, LLC",TI,Total interchange,2040,megawatthours
2026-01-09T07,GVL,Gainesville Regional Utilities,D,Demand,158,megawatthours
2026-01-09T07,GVL,Gainesville Regional Utilities,DF,Day-ahead demand forecast,133,megawatthours
2026-01-09T07,HST,City of Homestead,D,Demand,47,megawatthours
2026-01-09T07,HST,City of Homestead,DF,Day-ahead demand forecast,52,megawatthours
2026-01-09T07,IID,Imperial Irrigation District,D,Demand,293,megawatthours
2026-01-09T07,IID,Imperial Irrigation District,DF,Day-ahead demand forecast,298,megawatthours
2026-01-09T07,IID,Imperial Irrigation District,NG,Net generation,561,megawatthours
2026-01-09T07,IID,Imperial Irrigation District,TI,Total interchange,268,megawatthours
2026-01-09T07,IPCO,Idaho Power Company,D,Demand,2101,megawatthours
2026-01-09T07,IPCO,Idaho Power Company,DF,Day-ahead demand forecast,1940,megawatthours
2026-01-09T07,IPCO,Idaho Power Company,NG,Net generation,1591,megawatthours
2026-01-09T07,IPCO,Idaho Power Company,TI,Total interchange,-506,megawatthours
2026-01-09T07,ISNE,ISO New England,D,Demand,13067,megawatthours
2026-01-09T07,ISNE,ISO New England,DF,Day-ahead demand forecast,12130,megawatthours
2026-01-09T07,JEA,JEA,D,Demand,1022,megawatthours
2026-01-09T07,JEA,JEA,DF,Day-ahead demand forecast,1082,megawatthours
2026-01-09T07,LDWP,Los Angeles Department of Water and Power,D,Demand,3088,megawatthours
2026-01-09T07,LDWP,Los Angeles Department of Water and Power,DF,Day-ahead demand forecast,2675,megawatthours
2026-01-09T07,LDWP,Los Angeles Department of Water and Power,NG,Net generation,2251,megawatthours
2026-01-09T07,LDWP,Los Angeles Department of Water and Power,TI,Total interchange,-837,megawatthours
2026-01-09T07,LGEE,LG&E and KU Services Company as agent for Louisville Gas and Electric Company and Kentucky Utilities Company,D,Demand,3378,megawatthours
2026-01-09T07,MIDA,Mid-Atlantic,D,Demand,88158,megawatthours
2026-01-09T07,MIDA,Mid-Atlantic,DF,Day-ahead demand forecast,80683,megawatthours
2026-01-09T07,MIDW,Midwest,D,Demand,71903,megawatthours
2026-01-09T07,MIDW,Midwest,DF,Day-ahead demand forecast,69255,megawatthours
2026-01-09T07,MISO,"Midcontinent Independent System Operator, Inc.",D,Demand,66603,megawatthours
2026-01-09T07,MISO,"Midcontinent Independent System Operator, Inc.",DF,Day-ahead demand forecast,67395,megawatthours
2026-01-09T07,NE,New England,D,Demand,13067,megawatthours
2026-01-09T07,NE,New England,DF,Day-ahead demand forecast,12130,megawatthours
2026-01-09T07,NEVP,Nevada Power Company,D,Demand,4435,megawatthours
2026-01-09T07,NEVP,Nevada Power Company,DF,Day-ahead demand forecast,4151,megawatthours
2026-01-09T07,NEVP,Nevada Power Company,NG,Net generation,3208,megawatthours
2026-01-09T07,NEVP,Nevada Power Company,TI,Total interchange,-686,megawatthours
2026-01-09T07,NW,Northwest,D,Demand,44839,megawatthours
2026-01-09T07,NW,Northwest,DF,Day-ahead demand forecast,32643,megawatthours
2026-01-09T07,NWMT,NorthWestern Corporation,D,Demand,1416,megawatthours
2026-01-09T07,NWMT,NorthWestern Corporation,DF,Day-ahead demand forecast,1375,megawatthours
2026-01-09T07,NY,New York,D,Demand,15524,megawatthours
2026-01-09T07,NY,New York,DF,Day-ahead demand forecast,15112,megawatthours
2026-01-09T07,NYIS,New York Independent System Operator,D,Demand,15524,megawatthours
2026-01-09T07,NYIS,New York Independent System Operator,DF,Day-ahead demand forecast,15112,megawatthours
2026-01-09T07,PACE,PacifiCorp East,D,Demand,6346,megawatthours
2026-01-09T07,PACW,PacifiCorp West,D,Demand,2691,megawatthours
2026-01-09T07,PACW,PacifiCorp West,NG,Net generation,1021,megawatthours
2026-01-09T07,PACW,PacifiCorp West,TI,Total interchange,-1670,megawatthours
2026-01-09T07,PGE,Portland General Electric Company,D,Demand,2904,megawatthours
2026-01-09T07,PGE,Portland General Electric Company,DF,Day-ahead demand forecast,2885,megawatthours
2026-01-09T07,PGE,Portland General Electric Company,NG,Net generation,725,megawatthours
2026-01-09T07,PGE,Portland General Electric Company,TI,Total interchange,-2179,megawatthours
2026-01-09T07,PJM,"PJM Interconnection, LLC",D,Demand,88158,megawatthours
2026-01-09T07,PJM,"PJM Interconnection, LLC",DF,Day-ahead demand forecast,80683,megawatthours
2026-01-09T07,PNM,Public Service Company of New Mexico,D,Demand,1724,megawatthours
2026-01-09T07,PNM,Public Service Company of New Mexico,DF,Day-ahead demand forecast,1640,megawatthours
2026-01-09T07,PSCO,Public Service Company of Colorado,D,Demand,4956,megawatthours
2026-01-09T07,PSCO,Public Service Company of Colorado,DF,Day-ahead demand forecast,4613,megawatthours
2026-01-09T07,PSEI,"Puget Sound Energy, Inc.",D,Demand,3295,megawatthours
2026-01-09T07,PSEI,"Puget Sound Energy, Inc.",DF,Day-ahead demand forecast,1453,megawatthours
2026-01-09T07,PSEI,"Puget Sound Energy, Inc.",NG,Net generation,479,megawatthours
2026-01-09T07,PSEI,"Puget Sound Energy, Inc.",TI,Total interchange,-2816,megawatthours
2026-01-09T07,SC,South Carolina Public Service Authority,D,Demand,2526,megawatthours
2026-01-09T07,SC,South Carolina Public Service Authority,DF,Day-ahead demand forecast,2526,megawatthours
2026-01-09T07,SCL,Seattle City Light,D,Demand,1211,megawatthours
2026-01-09T07,SCL,Seattle City Light,DF,Day-ahead demand forecast,1216,megawatthours
2026-01-09T07,SCL,Seattle City Light,NG,Net generation,1070,megawatthours
2026-01-09T07,SCL,Seattle City Light,TI,Total interchange,-141,megawatthours
2026-01-09T07,SE,Southeast,D,Demand,20522,megawatthours
2026-01-09T07,SE,Southeast,DF,Day-ahead demand forecast,20522,megawatthours
2026-01-09T07,SEC,Seminole Electric Cooperative,D,Demand,156,megawatthours
2026-01-09T07,SEC,Seminole Electric Cooperative,DF,Day-ahead demand forecast,125,megawatthours
2026-01-09T07,SOCO,"Southern Company Services, Inc. - Trans",D,Demand,20522,megawatthours
2026-01-09T07,SOCO,"Southern Company Services, Inc. - Trans",DF,Day-ahead demand forecast,20522,megawatthours
2026-01-09T07,SPA,Southwestern Power Administration,D,Demand,27,megawatthours
2026-01-09T07,SRP,Salt River Project Agricultural Improvement and Power District,D,Demand,3617,megawatthours
2026-01-09T07,SRP,Salt River Project Agricultural Improvement and Power District,DF,Day-ahead demand forecast,3472,megawatthours
2026-01-09T07,SW,Southwest,D,Demand,12742,megawatthours
2026-01-09T07,SW,Southwest,DF,Day-ahead demand forecast,11857,megawatthours
2026-01-09T07,SWPP,Southwest Power Pool,D,Demand,31226,megawatthours
2026-01-09T07,SWPP,Southwest Power Pool,DF,Day-ahead demand forecast,33179,megawatthours
2026-01-09T07,TAL,City of Tallahassee,D,Demand,217,megawatthours
2026-01-09T07,TAL,City of Tallahassee,DF,Day-ahead demand forecast,214,megawatthours
2026-01-09T07,TEC,Tampa Electric Company,D,Demand,1669,megawatthours
2026-01-09T07,TEC,Tampa Electric Company,DF,Day-ahead demand forecast,1679,megawatthours
2026-01-09T07,TEN,Tennessee,D,Demand,14835,megawatthours
2026-01-09T07,TEN,Tennessee,DF,Day-ahead demand forecast,14741,megawatthours
2026-01-09T07,TEPC,Tucson Electric Power,D,Demand,1487,megawatthours
2026-01-09T07,TEPC,Tucson Electric Power,DF,Day-ahead demand forecast,1555,megawatthours
2026-01-09T07,TEX,Texas,D,Demand,43751,megawatthours
2026-01-09T07,TEX,Texas,DF,Day-ahead demand forecast,43989,megawatthours
2026-01-09T07,TIDC,Turlock Irrigation District,D,Demand,310,megawatthours
2026-01-09T07,TIDC,Turlock Irrigation District,DF,Day-ahead demand forecast,299,megawatthours
2026-01-09T07,TIDC,Turlock Irrigation District,NG,Net generation,239,megawatthours
2026-01-09T07,TIDC,Turlock Irrigation District,TI,Total interchange,-68,megawatthours
2026-01-09T07,TPWR,"City of Tacoma, Department of Public Utilities, Light Division",D,Demand,611,megawatthours
2026-01-09T07,TPWR,"City of Tacoma, Department of Public Utilities, Light Division",DF,Day-ahead demand forecast,629,megawatthours
2026-01-09T07,TPWR,"City of Tacoma, Department of Public Utilities, Light Division",NG,Net generation,480,megawatthours
2026-01-09T07,TPWR,"City of Tacoma, Department of Public Utilities, Light Division",TI,Total interchange,-131,megawatthours
2026-01-09T07,TVA,Tennessee Valley Authority,D,Demand,14835,megawatthours
2026-01-09T07,TVA,Tennessee Valley Authority,DF,Day-ahead demand forecast,14741,megawatthours
2026-01-09T07,US48,United States Lower 48,D,Demand,425838,megawatthours
2026-01-09T07,US48,United States Lower 48,DF,Day-ahead demand forecast,400716,megawatthours
2026-01-09T07,WACM,Western Area Power Administration - Rocky Mountain Region,D,Demand,3592,megawatthours
2026-01-09T07,WACM,Western Area Power Administration - Rocky Mountain Region,DF,Day-ahead demand forecast,3338,megawatthours
2026-01-09T07,WALC,Western Area Power Administration - Desert Southwest Region,D,Demand,760,megawatthours
2026-01-09T07,WALC,Western Area Power Administration - Desert Southwest Region,DF,Day-ahead demand forecast,573,megawatthours
2026-01-09T07,WAUW,Western Area Power Administration - Upper Great Plains West,D,Demand,97,megawatthours
2026-01-09T07,WAUW,Western Area Power Administration - Upper Great Plains West,DF,Day-ahead demand forecast,98,megawatthours
2026-01-09T06,AECI,"Associated Electric Cooperative, Inc.",D,Demand,1942,megawatthours
2026-01-09T06,AECI,"Associated Electric Cooperative, Inc.",DF,Day-ahead demand forecast,1946,megawatthours
2026-01-09T06,AVA,Avista Corporation,D,Demand,1712,megawatthours
2026-01-09T06,AVA,Avista Corporation,DF,Day-ahead demand forecast,1693,megawatthours
2026-01-09T06,AVA,Avista Corporation,NG,Net generation,1178,megawatthours
2026-01-09T06,AVA,Avista Corporation,TI,Total interchange,-534,megawatthours
2026-01-09T06,AVRN,"Avangrid Renewables, LLC",NG,Net generation,1429,megawatthours
2026-01-09T06,AVRN,"Avangrid Renewables, LLC",TI,Total interchange,1429,megawatthours
2026-01-09T06,AZPS,Arizona Public Service Company,D,Demand,4367,megawatthours
2026-01-09T06,AZPS,Arizona Public Service Company,DF,Day-ahead demand forecast,3851,megawatthours
2026-01-09T06,AZPS,Arizona Public Service Company,NG,Net generation,3132,megawatthours
2026-01-09T06,AZPS,Arizona Public Service Company,TI,Total interchange,-1235,megawatthours
2026-01-09T06,BANC,Balancing Authority of Northern California,D,Demand,2208,megawatthours
2026-01-09T06,BANC,Balancing Authority of Northern California,DF,Day-ahead demand forecast,2150,megawatthours
2026-01-09T06,BANC,Balancing Authority of Northern California,NG,Net generation,1750,megawatthours
2026-01-09T06,BANC,Balancing Authority of Northern California,TI,Total interchange,-457,megawatthours
2026-01-09T06,BPAT,Bonneville Power Administration,D,Demand,8554,megawatthours
2026-01-09T06,BPAT,Bonneville Power Administration,DF,Day-ahead demand forecast,8283,megawatthours
2026-01-09T06,BPAT,Bonneville Power Administration,NG,Net generation,15784,megawatthours
2026-01-09T06,BPAT,Bonneville Power Administration,TI,Total interchange,7230,megawatthours
2026-01-09T06,CAL,California,D,Demand,32463,megawatthours
2026-01-09T06,CAL,California,DF,Day-ahead demand forecast,31569,megawatthours
2026-01-09T06,CAL,California,NG,Net generation,21651,megawatthours
2026-01-09T06,CAL,California,TI,Total interchange,-9842,megawatthours
2026-01-09T06,CAR,Carolinas,D,Demand,19109,megawatthours
2026-01-09T06,CAR,Carolinas,DF,Day-ahead demand forecast,18801,megawatthours
2026-01-09T06,CAR,Carolinas,NG,Net generation,19473,megawatthours
2026-01-09T06,CENT,Central,D,Demand,31226,megawatthours
2026-01-09T06,CENT,Central,DF,Day-ahead demand forecast,34132,megawatthours
2026-01-09T06,CHPD,Public Utility District No. 1 of Chelan County,D,Demand,311,megawatthours
2026-01-09T06,CHPD,Public Utility District No. 1 of Chelan County,DF,Day-ahead demand forecast,305,megawatthours
2026-01-09T06,CHPD,Public Utility District No. 1 of Chelan County,NG,Net generation,1558,megawatthours
2026-01-09T06,CHPD,Public Utility District No. 1 of Chelan County,TI,Total interchange,1247,megawatthours
2026-01-09T06,CISO,California Independent System Operator,D,Demand,26494,megawatthours
2026-01-09T06,CISO,California Independent System Operator,DF,Day-ahead demand forecast,25956,megawatthours
2026-01-09T06,CISO,California Independent System Operator,NG,Net generation,16612,megawatthours
2026-01-09T06,CISO,California Independent System Operator,TI,Total interchange,-8929,megawatthours
2026-01-09T06,CPLE,Duke Energy Progress East,D,Demand,5960,megawatthours
2026-01-09T06,CPLE,Duke Energy Progress East,DF,Day-ahead demand forecast,5574,megawatthours
2026-01-09T06,CPLW,Duke Energy Progress West,D,Demand,456,megawatthours
2026-01-09T06,CPLW,Duke Energy Progress West,DF,Day-ahead demand forecast,542,megawatthours
2026-01-09T06,DEAA,"Arlington Valley, LLC",NG,Net generation,501,megawatthours
2026-01-09T06,DEAA,"Arlington Valley, LLC",TI,Total interchange,501,megawatthours
2026-01-09T06,DOPD,PUD No. 1 of Douglas County,D,Demand,344,megawatthours
2026-01-09T06,DOPD,PUD No. 1 of Douglas County,DF,Day-ahead demand forecast,344,megawatthours
2026-01-09T06,DOPD,PUD No. 1 of Douglas County,NG,Net generation,656,megawatthours
2026-01-09T06,DOPD,PUD No. 1 of Douglas County,TI,Total interchange,312,megawatthours
2026-01-09T06,DUK,Duke Energy Carolinas,D,Demand,10088,megawatthours
2026-01-09T06,DUK,Duke Energy Carolinas,DF,Day-ahead demand forecast,10080,megawatthours
2026-01-09T06,EPE,El Paso Electric Company,D,Demand,911,megawatthours
2026-01-09T06,EPE,El Paso Electric Company,DF,Day-ahead demand forecast,885,megawatthours
2026-01-09T06,EPE,El Paso Electric Company,NG,Net generation,554,megawatthours
2026-01-09T06,EPE,El Paso Electric Company,TI,Total interchange,-357,megawatthours
2026-01-09T06,ERCO,"Electric Reliability Council of Texas, Inc.",D,Demand,46061,megawatthours
2026-01-09T06,ERCO,"Electric Reliability Council of Texas, Inc.",DF,Day-ahead demand forecast,46380,megawatthours
2026-01-09T06,FLA,Florida,D,Demand,21099,megawatthours
2026-01-09T06,FLA,Florida,DF,Day-ahead demand forecast,19588,megawatthours
2026-01-09T06,FMPP,Florida Municipal Power Pool,D,Demand,1522,megawatthours
2026-01-09T06,FMPP,Florida Municipal Power Pool,DF,Day-ahead demand forecast,1438,megawatthours
2026-01-09T06,FPC,"Duke Energy Florida, Inc.",D,Demand,4292,megawatthours
2026-01-09T06,FPC,"Duke Energy Florida, Inc.",DF,Day-ahead demand forecast,3432,megawatthours
2026-01-09T06,FPL,Florida Power & Light Co.,D,Demand,11768,megawatthours
2026-01-09T06,FPL,Florida Power & Light Co.,DF,Day-ahead demand forecast,11231,megawatthours
2026-01-09T06,GCPD,"Public Utility District No. 2 of Grant County, Washington",D,Demand,762,megawatthours
2026-01-09T06,GCPD,"Public Utility District No. 2 of Grant County, Washington",DF,Day-ahead demand forecast,772,megawatthours
2026-01-09T06,GCPD,"Public Utility District No. 2 of Grant County, Washington",NG,Net generation,1700,megawatthours
2026-01-09T06,GCPD,"Public Utility District No. 2 of Grant County, Washington",TI,Total interchange,936,megawatthours
2026-01-09T06,GRID,"Gridforce Energy Management, LLC",NG,Net generation,2093,megawatthours
2026-01-09T06,GRID,"Gridforce Energy Management, LLC",TI,Total interchange,2093,megawatthours
2026-01-09T06,GVL,Gainesville Regional Utilities,D,Demand,169,megawatthours
2026-01-09T06,GVL,Gainesville Regional Utilities,DF,Day-ahead demand forecast,143,megawatthours
2026-01-09T06,GWA,"NaturEner Power Watch, LLC",NG,Net generation,211,megawatthours
2026-01-09T06,GWA,"NaturEner Power Watch, LLC",TI,Total interchange,218,megawatthours
2026-01-09T06,HST,City of Homestead,D,Demand,52,megawatthours
2026-01-09T06,HST,City of Homestead,DF,Day-ahead demand forecast,56,megawatthours
2026-01-09T06,IID,Imperial Irrigation District,D,Demand,320,megawatthours
2026-01-09T06,IID,Imperial Irrigation District,DF,Day-ahead demand forecast,319,megawatthours
2026-01-09T06,IID,Imperial Irrigation District,NG,Net generation,543,megawatthours
2026-01-09T06,IID,Imperial Irrigation District,TI,Total interchange,234,megawatthours
2026-01-09T06,IPCO,Idaho Power Company,D,Demand,2203,megawatthours
2026-01-09T06,IPCO,Idaho Power Company,DF,Day-ahead demand forecast,1997,megawatthours
2026-01-09T06,IPCO,Idaho Power Company,NG,Net generation,1733,megawatthours
2026-01-09T06,IPCO,Idaho Power Company,TI,Total interchange,-466,megawatthours
2026-01-09T06,ISNE,ISO New England,D,Demand,13398,megawatthours
2026-01-09T06,ISNE,ISO New England,DF,Day-ahead demand forecast,12410,megawatthours
2026-01-09T06,JEA,JEA,D,Demand,1086,megawatthours
2026-01-09T06,JEA,JEA,DF,Day-ahead demand forecast,1147,megawatthours
2026-01-09T06,LDWP,Los Angeles Department of Water and Power,D,Demand,3114,megawatthours
2026-01-09T06,LDWP,Los Angeles Department of Water and Power,DF,Day-ahead demand forecast,2829,megawatthours
2026-01-09T06,LDWP,Los Angeles Department of Water and Power,NG,Net generation,2501,megawatthours
2026-01-09T06,LDWP,Los Angeles Department of Water and Power,TI,Total interchange,-613,megawatthours
2026-01-09T06,LGEE,LG&E and KU Services Company as agent for Louisville Gas and Electric Company and Kentucky Utilities Company,D,Demand,3506,megawatthours
2026-01-09T06,MIDA,Mid-Atlantic,D,Demand,89572,megawatthours
2026-01-09T06,MIDA,Mid-Atlantic,DF,Day-ahead demand forecast,81864,megawatthours
2026-01-09T06,MIDW,Midwest,D,Demand,74239,megawatthours
2026-01-09T06,MIDW,Midwest,DF,Day-ahead demand forecast,71375,megawatthours
2026-01-09T06,MISO,"Midcontinent Independent System Operator, Inc.",D,Demand,68791,megawatthours
2026-01-09T06,MISO,"Midcontinent Independent System Operator, Inc.",DF,Day-ahead demand forecast,69429,megawatthours
2026-01-09T06,NE,New England,D,Demand,13398,megawatthours
2026-01-09T06,NE,New England,DF,Day-ahead demand forecast,12410,megawatthours
2026-01-09T06,NEVP,Nevada Power Company,D,Demand,4727,megawatthours
2026-01-09T06,NEVP,Nevada Power Company,DF,Day-ahead demand forecast,4336,megawatthours
2026-01-09T06,NEVP,Nevada Power Company,NG,Net generation,3240,megawatthours
2026-01-09T06,NEVP,Nevada Power Company,TI,Total interchange,-685,megawatthours
2026-01-09T06,NW,Northwest,D,Demand,47210,megawatthours
2026-01-09T06,NW,Northwest,DF,Day-ahead demand forecast,33953,megawatthours
2026-01-09T06,NW,Northwest,NG,Net generation,52383,megawatthours
2026-01-09T06,NW,Northwest,TI,Total interchange,5984,megawatthours
2026-01-09T06,NWMT,NorthWestern Corporation,D,Demand,1450,megawatthours
2026-01-09T06,NWMT,NorthWestern Corporation,DF,Day-ahead demand forecast,1435,megawatthours
2026-01-09T06,NWMT,NorthWestern Corporation,NG,Net generation,2738,megawatthours
2026-01-09T06,NWMT,NorthWestern Corporation,TI,Total interchange,1288,megawatthours
2026-01-09T06,NY,New York,D,Demand,15936,megawatthours
2026-01-09T06,NY,New York,DF,Day-ahead demand forecast,15572,megawatthours
2026-01-09T06,NYIS,New York Independent System Operator,D,Demand,15936,megawatthours
2026-01-09T06,NYIS,New York Independent System Operator,DF,Day-ahead demand forecast,15572,megawatthours
2026-01-09T06,PACE,PacifiCorp East,D,Demand,6570,megawatthours
2026-01-09T06,PACE,PacifiCorp East,NG,Net generation,7672,megawatthours
2026-01-09T06,PACE,PacifiCorp East,TI,Total interchange,1102,megawatthours
2026-01-09T06,PACW,PacifiCorp West,D,Demand,2857,megawatthours
2026-01-09T06,PACW,PacifiCorp West,NG,Net generation,1005,megawatthours
2026-01-09T06,PACW,PacifiCorp West,TI,Total interchange,-1852,megawatthours
2026-01-09T06,PGE,Portland General Electric Company,D,Demand,3117,megawatthours
2026-01-09T06,PGE,Portland General Electric Company,DF,Day-ahead demand forecast,3077,megawatthours
2026-01-09T06,PGE,Portland General Electric Company,NG,Net generation,708,megawatthours
2026-01-09T06,PGE,Portland General Electric Company,TI,Total interchange,-2409,megawatthours
2026-01-09T06,PJM,"PJM Interconnection, LLC",D,Demand,89572,megawatthours
2026-01-09T06,PJM,"PJM Interconnection, LLC",DF,Day-ahead demand forecast,81864,megawatthours
2026-01-09T06,PNM,Public Service Company of New Mexico,D,Demand,1793,megawatthours
2026-01-09T06,PNM,Public Service Company of New Mexico,DF,Day-ahead demand forecast,1698,megawatthours
2026-01-09T06,PNM,Public Service Company of New Mexico,NG,Net generation,1456,megawatthours
2026-01-09T06,PNM,Public Service Company of New Mexico,TI,Total interchange,-329,megawatthours
2026-01-09T06,PSCO,Public Service Company of Colorado,D,Demand,5235,megawatthours
2026-01-09T06,PSCO,Public Service Company of Colorado,DF,Day-ahead demand forecast,4778,megawatthours
2026-01-09T06,PSCO,Public Service Company of Colorado,NG,Net generation,5073,megawatthours
2026-01-09T06,PSCO,Public Service Company of Colorado,TI,Total interchange,-162,megawatthours
2026-01-09T06,PSEI,"Puget Sound Energy, Inc.",D,Demand,3573,megawatthours
2026-01-09T06,PSEI,"Puget Sound Energy, Inc.",DF,Day-ahead demand forecast,1393,megawatthours
2026-01-09T06,PSEI,"Puget Sound Energy, Inc.",NG,Net generation,517,megawatthours
2026-01-09T06,PSEI,"Puget Sound Energy, Inc.",TI,Total interchange,-3056,megawatthours
2026-01-09T06,SC,South Carolina Public Service Authority,D,Demand,2605,megawatthours
2026-01-09T06,SC,South Carolina Public Service Authority,DF,Day-ahead demand forecast,2605,megawatthours
2026-01-09T06,SCL,Seattle City Light,D,Demand,1310,megawatthours
2026-01-09T06,SCL,Seattle City Light,DF,Day-ahead demand forecast,1303,megawatthours
2026-01-09T06,SCL,Seattle City Light,NG,Net generation,1189,megawatthours
2026-01-09T06,SCL,Seattle City Light,TI,Total interchange,-121,megawatthours
2026-01-09T06,SE,Southeast,D,Demand,21249,megawatthours
2026-01-09T06,SE,Southeast,DF,Day-ahead demand forecast,20802,megawatthours
2026-01-09T06,SEC,Seminole Electric Cooperative,D,Demand,165,megawatthours
2026-01-09T06,SEC,Seminole Electric Cooperative,DF,Day-ahead demand forecast,135,megawatthours
2026-01-09T06,SOCO,"Southern Company Services, Inc. - Trans",D,Demand,21249,megawatthours
2026-01-09T06,SOCO,"Southern Company Services, Inc. - Trans",DF,Day-ahead demand forecast,20802,megawatthours
2026-01-09T06,SRP,Salt River Project Agricultural Improvement and Power District,D,Demand,3775,megawatthours
2026-01-09T06,SRP,Salt River Project Agricultural Improvement and Power District,DF,Day-ahead demand forecast,3641,megawatthours
2026-01-09T06,SRP,Salt River Project Agricultural Improvement and Power District,NG,Net generation,6881,megawatthours
2026-01-09T06,SRP,Salt River Project Agricultural Improvement and Power District,TI,Total interchange,3105,megawatthours
2026-01-09T06,SW,Southwest,D,Demand,13267,megawatthours
2026-01-09T06,SW,Southwest,DF,Day-ahead demand forecast,12408,megawatthours
2026-01-09T06,SW,Southwest,NG,Net generation,15323,megawatthours
2026-01-09T06,SW,Southwest,TI,Total interchange,1757,megawatthours
2026-01-09T06,SWPP,Southwest Power Pool,D,Demand,31226,megawatthours
2026-01-09T06,SWPP,Southwest Power Pool,DF,Day-ahead demand forecast,34132,megawatthours
2026-01-09T06,TAL,City of Tallahassee,D,Demand,229,megawatthours
2026-01-09T06,TAL,City of Tallahassee,DF,Day-ahead demand forecast,227,megawatthours
2026-01-09T06,TEC,Tampa Electric Company,D,Demand,1816,megawatthours
2026-01-09T06,TEC,Tampa Electric Company,DF,Day-ahead demand forecast,1779,megawatthours
2026-01-09T06,TEN,Tennessee,D,Demand,15259,megawatthours
2026-01-09T06,TEN,Tennessee,DF,Day-ahead demand forecast,15287,megawatthours
2026-01-09T06,TEPC,Tucson Electric Power,D,Demand,1559,megawatthours
2026-01-09T06,TEPC,Tucson Electric Power,DF,Day-ahead demand forecast,1603,megawatthours
2026-01-09T06,TEPC,Tucson Electric Power,NG,Net generation,1631,megawatthours
2026-01-09T06,TEPC,Tucson Electric Power,TI,Total interchange,72,megawatthours
2026-01-09T06,TEX,Texas,D,Demand,46061,megawatthours
2026-01-09T06,TEX,Texas,DF,Day-ahead demand forecast,46380,megawatthours
2026-01-09T06,TIDC,Turlock Irrigation District,D,Demand,327,megawatthours
2026-01-09T06,TIDC,Turlock Irrigation District,DF,Day-ahead demand forecast,315,megawatthours
2026-01-09T06,TIDC,Turlock Irrigation District,NG,Net generation,245,megawatthours
2026-01-09T06,TIDC,Turlock Irrigation District,TI,Total interchange,-77,megawatthours
2026-01-09T06,TPWR,"City of Tacoma, Department of Public Utilities, Light Division",D,Demand,657,megawatthours
2026-01-09T06,TPWR,"City of Tacoma, Department of Public Utilities, Light Division",DF,Day-ahead demand forecast,674,megawatthours
2026-01-09T06,TPWR,"City of Tacoma, Department of Public Utilities, Light Division",NG,Net generation,575,megawatthours
2026-01-09T06,TPWR,"City of Tacoma, Department of Public Utilities, Light Division",TI,Total interchange,-82,megawatthours
2026-01-09T06,TVA,Tennessee Valley Authority,D,Demand,15259,megawatthours
2026-01-09T06,TVA,Tennessee Valley Authority,DF,Day-ahead demand forecast,15287,megawatthours
2026-01-09T06,US48,United States Lower 48,D,Demand,440088,megawatthours
2026-01-09T06,US48,United States Lower 48,DF,Day-ahead demand forecast,414141,megawatthours
2026-01-09T06,WACM,Western Area Power Administration - Rocky Mountain Region,D,Demand,3727,megawatthours
2026-01-09T06,WACM,Western Area Power Administration - Rocky Mountain Region,DF,Day-ahead demand forecast,3459,megawatthours
2026-01-09T06,WACM,Western Area Power Administration - Rocky Mountain Region,NG,Net generation,3282,megawatthours
2026-01-09T06,WACM,Western Area Power Administration - Rocky Mountain Region,TI,Total interchange,-445,megawatthours
2026-01-09T06,WALC,Western Area Power Administration - Desert Southwest Region,D,Demand,862,megawatthours
2026-01-09T06,WALC,Western Area Power Administration - Desert Southwest Region,DF,Day-ahead demand forecast,730,megawatthours
2026-01-09T06,WALC,Western Area Power Administration - Desert Southwest Region,NG,Net generation,1168,megawatthours
2026-01-09T06,WAUW,Western Area Power Administration - Upper Great Plains West,D,Demand,101,megawatthours
2026-01-09T06,WAUW,Western Area Power Administration - Upper Great Plains West,DF,Day-ahead demand forecast,104,megawatthours
2026-01-09T06,WAUW,Western Area Power Administration - Upper Great Plains West,NG,Net generation,42,megawatthours
2026-01-09T06,WAUW,Western Area Power Administration - Upper Great Plains West,TI,Total interchange,-59,megawatthours
2026-01-09T05,AECI,"Associated Electric Cooperative, Inc.",D,Demand,2061,megawatthours
2026-01-09T05,AECI,"Associated Electric Cooperative, Inc.",DF,Day-ahead demand forecast,2101,megawatthours
2026-01-09T05,AECI,"Associated Electric Cooperative, Inc.",NG,Net generation,2511,megawatthours
2026-01-09T05,AECI,"Associated Electric Cooperative, Inc.",TI,Total interchange,450,megawatthours
2026-01-09T05,AVA,Avista Corporation,D,Demand,1777,megawatthours
2026-01-09T05,AVA,Avista Corporation,DF,Day-ahead demand forecast,1773,megawatthours
2026-01-09T05,AVA,Avista Corporation,NG,Net generation,1283,megawatthours
2026-01-09T05,AVA,Avista Corporation,TI,Total interchange,-494,megawatthours
2026-01-09T05,AVRN,"Avangrid Renewables, LLC",NG,Net generation,1462,megawatthours
2026-01-09T05,AVRN,"Avangrid Renewables, LLC",TI,Total interchange,1462,megawatthours
2026-01-09T05,AZPS,Arizona Public Service Company,D,Demand,4581,megawatthours
2026-01-09T05,AZPS,Arizona Public Service Company,DF,Day-ahead demand forecast,4038,megawatthours
2026-01-09T05,AZPS,Arizona Public Service Company,NG,Net generation,3093,megawatthours
2026-01-09T05,AZPS,Arizona Public Service Company,TI,Total interchange,-1488,megawatthours
2026-01-09T05,BANC,Balancing Authority of Northern California,D,Demand,2289,megawatthours
2026-01-09T05,BANC,Balancing Authority of Northern California,DF,Day-ahead demand forecast,2230,megawatthours
2026-01-09T05,BANC,Balancing Authority of Northern California,NG,Net generation,1880,megawatthours
2026-01-09T05,BANC,Balancing Authority of Northern California,TI,Total interchange,-408,megawatthours
2026-01-09T05,BPAT,Bonneville Power Administration,D,Demand,8864,megawatthours
2026-01-09T05,BPAT,Bonneville Power Administration,DF,Day-ahead demand forecast,8598,megawatthours
2026-01-09T05,BPAT,Bonneville Power Administration,NG,Net generation,16153,megawatthours
2026-01-09T05,BPAT,Bonneville Power Administration,TI,Total interchange,7289,megawatthours
2026-01-09T05,CAL,California,D,Demand,33424,megawatthours
2026-01-09T05,CAL,California,DF,Day-ahead demand forecast,32357,megawatthours
2026-01-09T05,CAL,California,NG,Net generation,22062,megawatthours
2026-01-09T05,CAL,California,TI,Total interchange,-10302,megawatthours
2026-01-09T05,CAR,Carolinas,D,Demand,19717,megawatthours
2026-01-09T05,CAR,Carolinas,DF,Day-ahead demand forecast,19626,megawatthours
2026-01-09T05,CAR,Carolinas,NG,Net generation,19473,megawatthours
2026-01-09T05,CAR,Carolinas,TI,Total interchange,-261,megawatthours
2026-01-09T05,CENT,Central,D,Demand,31230,megawatthours
2026-01-09T05,CENT,Central,DF,Day-ahead demand forecast,34863,megawatthours
2026-01-09T05,CENT,Central,NG,Net generation,31204,megawatthours
2026-01-09T05,CENT,Central,TI,Total interchange,-161,megawatthours
2026-01-09T05,CHPD,Public Utility District No. 1 of Chelan County,D,Demand,317,megawatthours
2026-01-09T05,CHPD,Public Utility District No. 1 of Chelan County,DF,Day-ahead demand forecast,317,megawatthours
2026-01-09T05,CHPD,Public Utility District No. 1 of Chelan County,NG,Net generation,1572,megawatthours
2026-01-09T05,CHPD,Public Utility District No. 1 of Chelan County,TI,Total interchange,1255,megawatthours
2026-01-09T05,CISO,California Independent System Operator,D,Demand,26961,megawatthours
2026-01-09T05,CISO,California Independent System Operator,DF,Day-ahead demand forecast,26560,megawatthours
2026-01-09T05,CISO,California Independent System Operator,NG,Net generation,16957,megawatthours
2026-01-09T05,CISO,California Independent System Operator,TI,Total interchange,-8947,megawatthours
2026-01-09T05,CPLE,Duke Energy Progress East,D,Demand,6143,megawatthours
2026-01-09T05,CPLE,Duke Energy Progress East,DF,Day-ahead demand forecast,5809,megawatthours
2026-01-09T05,CPLW,Duke Energy Progress West,D,Demand,478,megawatthours
2026-01-09T05,CPLW,Duke Energy Progress West,DF,Day-ahead demand forecast,563,megawatthours
2026-01-09T05,DEAA,"Arlington Valley, LLC",NG,Net generation,499,megawatthours
2026-01-09T05,DEAA,"Arlington Valley, LLC",TI,Total interchange,499,megawatthours
2026-01-09T05,DOPD,PUD No. 1 of Douglas County,D,Demand,353,megawatthours
2026-01-09T05,DOPD,PUD No. 1 of Douglas County,DF,Day-ahead demand forecast,351,megawatthours
2026-01-09T05,DOPD,PUD No. 1 of Douglas County,NG,Net generation,691,megawatthours
2026-01-09T05,DOPD,PUD No. 1 of Douglas County,TI,Total interchange,338,megawatthours
2026-01-09T05,DUK,Duke Energy Carolinas,D,Demand,10525,megawatthours
2026-01-09T05,DUK,Duke Energy Carolinas,DF,Day-ahead demand forecast,10553,megawatthours
2026-01-09T05,EPE,El Paso Electric Company,D,Demand,969,megawatthours
2026-01-09T05,EPE,El Paso Electric Company,DF,Day-ahead demand forecast,936,megawatthours
2026-01-09T05,EPE,El Paso Electric Company,NG,Net generation,556,megawatthours
2026-01-09T05,EPE,El Paso Electric Company,TI,Total interchange,-413,megawatthours
2026-01-09T05,ERCO,"Electric Reliability Council of Texas, Inc.",D,Demand,48667,megawatthours
2026-01-09T05,ERCO,"Electric Reliability Council of Texas, Inc.",DF,Day-ahead demand forecast,48944,megawatthours
2026-01-09T05,ERCO,"Electric Reliability Council of Texas, Inc.",NG,Net generation,48383,megawatthours
2026-01-09T05,ERCO,"Electric Reliability Council of Texas, Inc.",TI,Total interchange,-284,megawatthours
2026-01-09T05,FLA,Florida,D,Demand,23134,megawatthours
2026-01-09T05,FLA,Florida,DF,Day-ahead demand forecast,21247,megawatthours
2026-01-09T05,FMPP,Florida Municipal Power Pool,D,Demand,1655,megawatthours
2026-01-09T05,FMPP,Florida Municipal Power Pool,DF,Day-ahead demand forecast,1545,megawatthours
2026-01-09T05,FPC,"Duke Energy Florida, Inc.",D,Demand,4693,megawatthours
2026-01-09T05,FPC,"Duke Energy Florida, Inc.",DF,Day-ahead demand forecast,3752,megawatthours
2026-01-09T05,FPL,Florida Power & Light Co.,D,Demand,12923,megawatthours
2026-01-09T05,FPL,Florida Power & Light Co.,DF,Day-ahead demand forecast,12120,megawatthours
2026-01-09T05,GCPD,"Public Utility District No. 2 of Grant County, Washington",D,Demand,767,megawatthours
2026-01-09T05,GCPD,"Public Utility District No. 2 of Grant County, Washington",DF,Day-ahead demand forecast,780,megawatthours
2026-01-09T05,GCPD,"Public Utility District No. 2 of Grant County, Washington",NG,Net generation,1700,megawatthours
2026-01-09T05,GCPD,"Public Utility District No. 2 of Grant County, Washington",TI,Total interchange,938,megawatthours
2026-01-09T05,GRID,"Gridforce Energy Management, LLC",NG,Net generation,2040,megawatthours
2026-01-09T05,GRID,"Gridforce Energy Management, LLC",TI,Total interchange,2040,megawatthours
2026-01-09T05,GVL,Gainesville Regional Utilities,D,Demand,183,megawatthours
2026-01-09T05,GVL,Gainesville Regional Utilities,DF,Day-ahead demand forecast,158,megawatthours
2026-01-09T05,GWA,"NaturEner Power Watch, LLC",NG,Net generation,237,megawatthours
2026-01-09T05,GWA,"NaturEner Power Watch, LLC",TI,Total interchange,237,megawatthours
2026-01-09T05,HST,City of Homestead,D,Demand,59,megawatthours
2026-01-09T05,HST,City of Homestead,DF,Day-ahead demand forecast,55,megawatthours
2026-01-09T05,IID,Imperial Irrigation District,D,Demand,334,megawatthours
2026-01-09T05,IID,Imperial Irrigation District,DF,Day-ahead demand forecast,337,megawatthours
2026-01-09T05,IID,Imperial Irrigation District,NG,Net generation,553,megawatthours
2026-01-09T05,IID,Imperial Irrigation District,TI,Total interchange,219,megawatthours
2026-01-09T05,IPCO,Idaho Power Company,D,Demand,2306,megawatthours
2026-01-09T05,IPCO,Idaho Power Company,DF,Day-ahead demand forecast,2096,megawatthours
2026-01-09T05,IPCO,Idaho Power Company,NG,Net generation,1776,megawatthours
2026-01-09T05,IPCO,Idaho Power Company,TI,Total interchange,-526,megawatthours
2026-01-09T05,ISNE,ISO New England,D,Demand,13505,megawatthours
2026-01-09T05,ISNE,ISO New England,DF,Day-ahead demand forecast,13090,megawatthours
2026-01-09T05,JEA,JEA,D,Demand,1170,megawatthours
2026-01-09T05,JEA,JEA,DF,Day-ahead demand forecast,1216,megawatthours
2026-01-09T05,LDWP,Los Angeles Department of Water and Power,D,Demand,3504,megawatthours
2026-01-09T05,LDWP,Los Angeles Department of Water and Power,DF,Day-ahead demand forecast,2905,megawatthours
2026-01-09T05,LDWP,Los Angeles Department of Water and Power,NG,Net generation,2437,megawatthours
2026-01-09T05,LDWP,Los Angeles Department of Water and Power,TI,Total interchange,-1067,megawatthours
2026-01-09T05,LGEE,LG&E and KU Services Company as agent for Louisville Gas and Electric Company and Kentucky Utilities Company,D,Demand,3594,megawatthours
2026-01-09T05,LGEE,LG&E and KU Services Company as agent for Louisville Gas and Electric Company and Kentucky Utilities Company,DF,Day-ahead demand forecast,3262,megawatthours
2026-01-09T05,MIDA,Mid-Atlantic,D,Demand,91849,megawatthours
2026-01-09T05,MIDA,Mid-Atlantic,DF,Day-ahead demand forecast,83569,megawatthours
2026-01-09T05,MIDW,Midwest,D,Demand,74882,megawatthours
2026-01-09T05,MIDW,Midwest,DF,Day-ahead demand forecast,77336,megawatthours
2026-01-09T05,MISO,"Midcontinent Independent System Operator, Inc.",D,Demand,69227,megawatthours
2026-01-09T05,MISO,"Midcontinent Independent System Operator, Inc.",DF,Day-ahead demand forecast,71973,megawatthours
2026-01-09T05,NE,New England,D,Demand,13505,megawatthours
2026-01-09T05,NE,New England,DF,Day-ahead demand forecast,13090,megawatthours
2026-01-09T05,NEVP,Nevada Power Company,D,Demand,4807,megawatthours
2026-01-09T05,NEVP,Nevada Power Company,DF,Day-ahead demand forecast,4470,megawatthours
2026-01-09T05,NEVP,Nevada Power Company,NG,Net generation,4382,megawatthours
2026-01-09T05,NEVP,Nevada Power Company,TI,Total interchange,-503,megawatthours
2026-01-09T05,NW,Northwest,D,Demand,48955,megawatthours
2026-01-09T05,NW,Northwest,DF,Day-ahead demand forecast,35585,megawatthours
2026-01-09T05,NW,Northwest,NG,Net generation,54664,megawatthours
2026-01-09T05,NW,Northwest,TI,Total interchange,5640,megawatthours
2026-01-09T05,NWMT,NorthWestern Corporation,D,Demand,1439,megawatthours
2026-01-09T05,NWMT,NorthWestern Corporation,DF,Day-ahead demand forecast,1503,megawatthours
2026-01-09T05,NWMT,NorthWestern Corporation,NG,Net generation,2546,megawatthours
2026-01-09T05,NWMT,NorthWestern Corporation,TI,Total interchange,1107,megawatthours
2026-01-09T05,NY,New York,D,Demand,16579,megawatthours
2026-01-09T05,NY,New York,DF,Day-ahead demand forecast,16207,megawatthours
2026-01-09T05,NYIS,New York Independent System Operator,D,Demand,16579,megawatthours
2026-01-09T05,NYIS,New York Independent System Operator,DF,Day-ahead demand forecast,16207,megawatthours
2026-01-09T05,PACE,PacifiCorp East,D,Demand,6853,megawatthours
2026-01-09T05,PACE,PacifiCorp East,NG,Net generation,7933,megawatthours
2026-01-09T05,PACE,PacifiCorp East,TI,Total interchange,1080,megawatthours
2026-01-09T05,PACW,PacifiCorp West,D,Demand,2983,megawatthours
2026-01-09T05,PACW,PacifiCorp West,NG,Net generation,1013,megawatthours
2026-01-09T05,PACW,PacifiCorp West,TI,Total interchange,-1970,megawatthours
2026-01-09T05,PGE,Portland General Electric Company,D,Demand,3227,megawatthours
2026-01-09T05,PGE,Portland General Electric Company,DF,Day-ahead demand forecast,3209,megawatthours
2026-01-09T05,PGE,Portland General Electric Company,NG,Net generation,783,megawatthours
2026-01-09T05,PGE,Portland General Electric Company,TI,Total interchange,-2444,megawatthours
2026-01-09T05,PJM,"PJM Interconnection, LLC",D,Demand,91849,megawatthours
2026-01-09T05,PJM,"PJM Interconnection, LLC",DF,Day-ahead demand forecast,83569,megawatthours
2026-01-09T05,PNM,Public Service Company of New Mexico,D,Demand,1876,megawatthours
2026-01-09T05,PNM,Public Service Company of New Mexico,DF,Day-ahead demand forecast,1764,megawatthours
2026-01-09T05,PNM,Public Service Company of New Mexico,NG,Net generation,2153,megawatthours
2026-01-09T05,PNM,Public Service Company of New Mexico,TI,Total interchange,307,megawatthours
2026-01-09T05,PSCO,Public Service Company of Colorado,D,Demand,5568,megawatthours
2026-01-09T05,PSCO,Public Service Company of Colorado,DF,Day-ahead demand forecast,4988,megawatthours
2026-01-09T05,PSCO,Public Service Company of Colorado,NG,Net generation,5232,megawatthours
2026-01-09T05,PSCO,Public Service Company of Colorado,TI,Total interchange,-336,megawatthours
2026-01-09T05,PSEI,"Puget Sound Energy, Inc.",D,Demand,3777,megawatthours
2026-01-09T05,PSEI,"Puget Sound Energy, Inc.",DF,Day-ahead demand forecast,1751,megawatthours
2026-01-09T05,PSEI,"Puget Sound Energy, Inc.",NG,Net generation,626,megawatthours
2026-01-09T05,PSEI,"Puget Sound Energy, Inc.",TI,Total interchange,-3151,megawatthours
2026-01-09T05,SC,South Carolina Public Service Authority,D,Demand,2571,megawatthours
2026-01-09T05,SC,South Carolina Public Service Authority,DF,Day-ahead demand forecast,2701,megawatthours
2026-01-09T05,SCL,Seattle City Light,D,Demand,1364,megawatthours
2026-01-09T05,SCL,Seattle City Light,DF,Day-ahead demand forecast,1366,megawatthours
2026-01-09T05,SCL,Seattle City Light,NG,Net generation,1197,megawatthours
2026-01-09T05,SCL,Seattle City Light,TI,Total interchange,-167,megawatthours
2026-01-09T05,SE,Southeast,D,Demand,22372,megawatthours
2026-01-09T05,SE,Southeast,DF,Day-ahead demand forecast,21845,megawatthours
2026-01-09T05,SE,Southeast,NG,Net generation,23399,megawatthours
2026-01-09T05,SE,Southeast,TI,Total interchange,925,megawatthours
2026-01-09T05,SEC,Seminole Electric Cooperative,D,Demand,189,megawatthours
2026-01-09T05,SEC,Seminole Electric Cooperative,DF,Day-ahead demand forecast,147,megawatthours
2026-01-09T05,SEPA,Southeastern Power Administration,NG,Net generation,0,megawatthours
2026-01-09T05,SEPA,Southeastern Power Administration,TI,Total interchange,-102,megawatthours
2026-01-09T05,SIKE,Sikeston Board of Municipal Utilities,NG,Net generation,9,megawatthours
2026-01-09T05,SIKE,Sikeston Board of Municipal Utilities,TI,Total interchange,9,megawatthours
2026-01-09T05,SOCO,"Southern Company Services, Inc. - Trans",D,Demand,22372,megawatthours
2026-01-09T05,SOCO,"Southern Company Services, Inc. - Trans",DF,Day-ahead demand forecast,21845,megawatthours
2026-01-09T05,SOCO,"Southern Company Services, Inc. - Trans",NG,Net generation,23399,megawatthours
2026-01-09T05,SOCO,"Southern Company Services, Inc. - Trans",TI,Total interchange,1027,megawatthours
2026-01-09T05,SPA,Southwestern Power Administration,D,Demand,4,megawatthours
2026-01-09T05,SRP,Salt River Project Agricultural Improvement and Power District,D,Demand,3948,megawatthours
2026-01-09T05,SRP,Salt River Project Agricultural Improvement and Power District,DF,Day-ahead demand forecast,3805,megawatthours
2026-01-09T05,SRP,Salt River Project Agricultural Improvement and Power District,NG,Net generation,7139,megawatthours
2026-01-09T05,SRP,Salt River Project Agricultural Improvement and Power District,TI,Total interchange,3190,megawatthours
2026-01-09T05,SW,Southwest,D,Demand,13877,megawatthours
2026-01-09T05,SW,Southwest,DF,Day-ahead demand forecast,12997,megawatthours
2026-01-09T05,SW,Southwest,NG,Net generation,16481,megawatthours
2026-01-09T05,SW,Southwest,TI,Total interchange,2331,megawatthours
2026-01-09T05,SWPP,Southwest Power Pool,D,Demand,31226,megawatthours
2026-01-09T05,SWPP,Southwest Power Pool,DF,Day-ahead demand forecast,34863,megawatthours
2026-01-09T05,SWPP,Southwest Power Pool,NG,Net generation,31204,megawatthours
2026-01-09T05,SWPP,Southwest Power Pool,TI,Total interchange,-161,megawatthours
2026-01-09T05,TAL,City of Tallahassee,D,Demand,245,megawatthours
2026-01-09T05,TAL,City of Tallahassee,DF,Day-ahead demand forecast,233,megawatthours
2026-01-09T05,TEC,Tampa Electric Company,D,Demand,2017,megawatthours
2026-01-09T05,TEC,Tampa Electric Company,DF,Day-ahead demand forecast,2021,megawatthours
2026-01-09T05,TEN,Tennessee,D,Demand,16096,megawatthours
2026-01-09T05,TEN,Tennessee,DF,Day-ahead demand forecast,16079,megawatthours
2026-01-09T05,TEN,Tennessee,NG,Net generation,15482,megawatthours
2026-01-09T05,TEN,Tennessee,TI,Total interchange,-619,megawatthours
2026-01-09T05,TEPC,Tucson Electric Power,D,Demand,1639,megawatthours
2026-01-09T05,TEPC,Tucson Electric Power,DF,Day-ahead demand forecast,1670,megawatthours
2026-01-09T05,TEPC,Tucson Electric Power,NG,Net generation,1875,megawatthours
2026-01-09T05,TEPC,Tucson Electric Power,TI,Total interchange,236,megawatthours
2026-01-09T05,TEX,Texas,D,Demand,48667,megawatthours
2026-01-09T05,TEX,Texas,DF,Day-ahead demand forecast,48944,megawatthours
2026-01-09T05,TEX,Texas,NG,Net generation,48383,megawatthours
2026-01-09T05,TEX,Texas,TI,Total interchange,-284,megawatthours
2026-01-09T05,TIDC,Turlock Irrigation District,D,Demand,336,megawatthours
2026-01-09T05,TIDC,Turlock Irrigation District,DF,Day-ahead demand forecast,325,megawatthours
2026-01-09T05,TIDC,Turlock Irrigation District,NG,Net generation,235,megawatthours
2026-01-09T05,TIDC,Turlock Irrigation District,TI,Total interchange,-99,megawatthours
2026-01-09T05,TPWR,"City of Tacoma, Department of Public Utilities, Light Division",D,Demand,697,megawatthours
2026-01-09T05,TPWR,"City of Tacoma, Department of Public Utilities, Light Division",DF,Day-ahead demand forecast,709,megawatthours
2026-01-09T05,TPWR,"City of Tacoma, Department of Public Utilities, Light Division",NG,Net generation,570,megawatthours
2026-01-09T05,TPWR,"City of Tacoma, Department of Public Utilities, Light Division",TI,Total interchange,-127,megawatthours
2026-01-09T05,TVA,Tennessee Valley Authority,D,Demand,16096,megawatthours
2026-01-09T05,TVA,Tennessee Valley Authority,DF,Day-ahead demand forecast,16079,megawatthours
2026-01-09T05,TVA,Tennessee Valley Authority,NG,Net generation,15482,megawatthours
2026-01-09T05,TVA,Tennessee Valley Authority,TI,Total interchange,-619,megawatthours
2026-01-09T05,US48,United States Lower 48,D,Demand,454287,megawatthours
2026-01-09T05,US48,United States Lower 48,DF,Day-ahead demand forecast,433745,megawatthours
2026-01-09T05,WACM,Western Area Power Administration - Rocky Mountain Region,D,Demand,3749,megawatthours
2026-01-09T05,WACM,Western Area Power Administration - Rocky Mountain Region,DF,Day-ahead demand forecast,3569,megawatthours
2026-01-09T05,WACM,Western Area Power Administration - Rocky Mountain Region,NG,Net generation,3427,megawatthours
2026-01-09T05,WACM,Western Area Power Administration - Rocky Mountain Region,TI,Total interchange,-322,megawatthours
2026-01-09T05,WALC,Western Area Power Administration - Desert Southwest Region,D,Demand,864,megawatthours
2026-01-09T05,WALC,Western Area Power Administration - Desert Southwest Region,DF,Day-ahead demand forecast,784,megawatthours
2026-01-09T05,WALC,Western Area Power Administration - Desert Southwest Region,NG,Net generation,1166,megawatthours
2026-01-09T05,WAUW,Western Area Power Administration - Upper Great Plains West,D,Demand,107,megawatthours
2026-01-09T05,WAUW,Western Area Power Administration - Upper Great Plains West,DF,Day-ahead demand forecast,105,megawatthours
2026-01-09T05,WAUW,Western Area Power Administration - Upper Great Plains West,NG,Net generation,41,megawatthours
2026-01-09T05,WAUW,Western Area Power Administration - Upper Great Plains West,TI,Total interchange,-66,megawatthours
2026-01-09T04,AECI,"Associated Electric Cooperative, Inc.",D,Demand,2219,megawatthours
2026-01-09T04,AECI,"Associated Electric Cooperative, Inc.",DF,Day-ahead demand forecast,2235,megawatthours
2026-01-09T04,AECI,"Associated Electric Cooperative, Inc.",NG,Net generation,2748,megawatthours
2026-01-09T04,AECI,"Associated Electric Cooperative, Inc.",TI,Total interchange,529,megawatthours
2026-01-09T04,AVA,Avista Corporation,D,Demand,1836,megawatthours
2026-01-09T04,AVA,Avista Corporation,DF,Day-ahead demand forecast,1816,megawatthours
2026-01-09T04,AVA,Avista Corporation,NG,Net generation,1302,megawatthours
2026-01-09T04,AVA,Avista Corporation,TI,Total interchange,-534,megawatthours
2026-01-09T04,AVRN,"Avangrid Renewables, LLC",NG,Net generation,1344,megawatthours
2026-01-09T04,AVRN,"Avangrid Renewables, LLC",TI,Total interchange,1344,megawatthours
2026-01-09T04,AZPS,Arizona Public Service Company,D,Demand,4649,megawatthours
2026-01-09T04,AZPS,Arizona Public Service Company,DF,Day-ahead demand forecast,4238,megawatthours
2026-01-09T04,AZPS,Arizona Public Service Company,NG,Net generation,3469,megawatthours
2026-01-09T04,AZPS,Arizona Public Service Company,TI,Total interchange,-1180,megawatthours
2026-01-09T04,BANC,Balancing Authority of Northern California,D,Demand,2313,megawatthours
2026-01-09T04,BANC,Balancing Authority of Northern California,DF,Day-ahead demand forecast,2281,megawatthours
2026-01-09T04,BANC,Balancing Authority of Northern California,NG,Net generation,1883,megawatthours
2026-01-09T04,BANC,Balancing Authority of Northern California,TI,Total interchange,-429,megawatthours
2026-01-09T04,BPAT,Bonneville Power Administration,D,Demand,9042,megawatthours
2026-01-09T04,BPAT,Bonneville Power Administration,DF,Day-ahead demand forecast,8817,megawatthours
2026-01-09T04,BPAT,Bonneville Power Administration,NG,Net generation,16317,megawatthours
2026-01-09T04,BPAT,Bonneville Power Administration,TI,Total interchange,7275,megawatthours
2026-01-09T04,CAL,California,D,Demand,33822,megawatthours
2026-01-09T04,CAL,California,DF,Day-ahead demand forecast,33098,megawatthours
2026-01-09T04,CAL,California,NG,Net generation,22039,megawatthours
2026-01-09T04,CAL,California,TI,Total interchange,-10510,megawatthours
2026-01-09T04,CAR,Carolinas,D,Demand,20855,megawatthours
2026-01-09T04,CAR,Carolinas,DF,Day-ahead demand forecast,20744,megawatthours
2026-01-09T04,CAR,Carolinas,NG,Net generation,20528,megawatthours
2026-01-09T04,CAR,Carolinas,TI,Total interchange,-349,megawatthours
2026-01-09T04,CENT,Central,D,Demand,31226,megawatthours
2026-01-09T04,CENT,Central,DF,Day-ahead demand forecast,35874,megawatthours
2026-01-09T04,CENT,Central,NG,Net generation,31204,megawatthours
2026-01-09T04,CENT,Central,TI,Total interchange,-161,megawatthours
2026-01-09T04,CHPD,Public Utility District No. 1 of Chelan County,D,Demand,320,megawatthours
2026-01-09T04,CHPD,Public Utility District No. 1 of Chelan County,DF,Day-ahead demand forecast,324,megawatthours
2026-01-09T04,CHPD,Public Utility District No. 1 of Chelan County,NG,Net generation,1607,megawatthours
2026-01-09T04,CHPD,Public Utility District No. 1 of Chelan County,TI,Total interchange,1287,megawatthours
2026-01-09T04,CISO,California Independent System Operator,D,Demand,27510,megawatthours
2026-01-09T04,CISO,California Independent System Operator,DF,Day-ahead demand forecast,27209,megawatthours
2026-01-09T04,CISO,California Independent System Operator,NG,Net generation,17232,megawatthours
2026-01-09T04,CISO,California Independent System Operator,TI,Total interchange,-9010,megawatthours
2026-01-09T04,CPLE,Duke Energy Progress East,D,Demand,6504,megawatthours
2026-01-09T04,CPLE,Duke Energy Progress East,DF,Day-ahead demand forecast,6133,megawatthours
2026-01-09T04,CPLE,Duke Energy Progress East,NG,Net generation,5813,megawatthours
2026-01-09T04,CPLE,Duke Energy Progress East,TI,Total interchange,-691,megawatthours
2026-01-09T04,CPLW,Duke Energy Progress West,D,Demand,511,megawatthours
2026-01-09T04,CPLW,Duke Energy Progress West,DF,Day-ahead demand forecast,600,megawatthours
2026-01-09T04,CPLW,Duke Energy Progress West,NG,Net generation,504,megawatthours
2026-01-09T04,CPLW,Duke Energy Progress West,TI,Total interchange,-7,megawatthours
2026-01-09T04,DEAA,"Arlington Valley, LLC",NG,Net generation,500,megawatthours
2026-01-09T04,DEAA,"Arlington Valley, LLC",TI,Total interchange,500,megawatthours
2026-01-09T04,DOPD,PUD No. 1 of Douglas County,D,Demand,354,megawatthours
2026-01-09T04,DOPD,PUD No. 1 of Douglas County,DF,Day-ahead demand forecast,356,megawatthours
2026-01-09T04,DOPD,PUD No. 1 of Douglas County,NG,Net generation,739,megawatthours
2026-01-09T04,DOPD,PUD No. 1 of Douglas County,TI,Total interchange,385,megawatthours
2026-01-09T04,DUK,Duke Energy Carolinas,D,Demand,11142,megawatthours
2026-01-09T04,DUK,Duke Energy Carolinas,DF,Day-ahead demand forecast,11176,megawatthours
2026-01-09T04,DUK,Duke Energy Carolinas,NG,Net generation,12794,megawatthours
2026-01-09T04,DUK,Duke Energy Carolinas,TI,Total interchange,1652,megawatthours
2026-01-09T04,EPE,El Paso Electric Company,D,Demand,995,megawatthours
2026-01-09T04,EPE,El Paso Electric Company,DF,Day-ahead demand forecast,963,megawatthours
2026-01-09T04,EPE,El Paso Electric Company,NG,Net generation,577,megawatthours
2026-01-09T04,EPE,El Paso Electric Company,TI,Total interchange,-418,megawatthours
2026-01-09T04,ERCO,"Electric Reliability Council of Texas, Inc.",D,Demand,51062,megawatthours
2026-01-09T04,ERCO,"Electric Reliability Council of Texas, Inc.",DF,Day-ahead demand forecast,51293,megawatthours
2026-01-09T04,ERCO,"Electric Reliability Council of Texas, Inc.",NG,Net generation,50830,megawatthours
2026-01-09T04,ERCO,"Electric Reliability Council of Texas, Inc.",TI,Total interchange,-231,megawatthours
2026-01-09T04,FLA,Florida,D,Demand,26201,megawatthours
2026-01-09T04,FLA,Florida,DF,Day-ahead demand forecast,23323,megawatthours
2026-01-09T04,FLA,Florida,NG,Net generation,26151,megawatthours
2026-01-09T04,FLA,Florida,TI,Total interchange,-40,megawatthours
2026-01-09T04,FMPP,Florida Municipal Power Pool,D,Demand,2494,megawatthours
2026-01-09T04,FMPP,Florida Municipal Power Pool,DF,Day-ahead demand forecast,1711,megawatthours
2026-01-09T04,FMPP,Florida Municipal Power Pool,NG,Net generation,2448,megawatthours
2026-01-09T04,FMPP,Florida Municipal Power Pool,TI,Total interchange,-46,megawatthours
2026-01-09T04,FPC,"Duke Energy Florida, Inc.",D,Demand,5218,megawatthours
2026-01-09T04,FPC,"Duke Energy Florida, Inc.",DF,Day-ahead demand forecast,4143,megawatthours
2026-01-09T04,FPC,"Duke Energy Florida, Inc.",NG,Net generation,4063,megawatthours
2026-01-09T04,FPC,"Duke Energy Florida, Inc.",TI,Total interchange,-1155,megawatthours
2026-01-09T04,FPL,Florida Power & Light Co.,D,Demand,14256,megawatthours
2026-01-09T04,FPL,Florida Power & Light Co.,DF,Day-ahead demand forecast,13400,megawatthours
2026-01-09T04,FPL,Florida Power & Light Co.,NG,Net generation,14860,megawatthours
2026-01-09T04,FPL,Florida Power & Light Co.,TI,Total interchange,604,megawatthours
2026-01-09T04,GCPD,"Public Utility District No. 2 of Grant County, Washington",D,Demand,767,megawatthours
2026-01-09T04,GCPD,"Public Utility District No. 2 of Grant County, Washington",DF,Day-ahead demand forecast,784,megawatthours
2026-01-09T04,GCPD,"Public Utility District No. 2 of Grant County, Washington",NG,Net generation,1729,megawatthours
2026-01-09T04,GCPD,"Public Utility District No. 2 of Grant County, Washington",TI,Total interchange,962,megawatthours
2026-01-09T04,GRID,"Gridforce Energy Management, LLC",NG,Net generation,1998,megawatthours
2026-01-09T04,GRID,"Gridforce Energy Management, LLC",TI,Total interchange,1998,megawatthours
2026-01-09T04,GVL,Gainesville Regional Utilities,D,Demand,199,megawatthours
2026-01-09T04,GVL,Gainesville Regional Utilities,DF,Day-ahead demand forecast,175,megawatthours
2026-01-09T04,GVL,Gainesville Regional Utilities,NG,Net generation,109,megawatthours
2026-01-09T04,GVL,Gainesville Regional Utilities,TI,Total interchange,-83,megawatthours
2026-01-09T04,GWA,"NaturEner Power Watch, LLC",NG,Net generation,324,megawatthours
2026-01-09T04,GWA,"NaturEner Power Watch, LLC",TI,Total interchange,324,megawatthours
2026-01-09T04,HST,City of Homestead,D,Demand,67,megawatthours
2026-01-09T04,HST,City of Homestead,DF,Day-ahead demand forecast,63,megawatthours
2026-01-09T04,HST,City of Homestead,NG,Net generation,0,megawatthours
2026-01-09T04,HST,City of Homestead,TI,Total interchange,-67,megawatthours
2026-01-09T04,IID,Imperial Irrigation District,D,Demand,353,megawatthours
2026-01-09T04,IID,Imperial Irrigation District,DF,Day-ahead demand forecast,350,megawatthours
2026-01-09T04,IID,Imperial Irrigation District,NG,Net generation,573,megawatthours
2026-01-09T04,IID,Imperial Irrigation District,TI,Total interchange,221,megawatthours
2026-01-09T04,IPCO,Idaho Power Company,D,Demand,2389,megawatthours
2026-01-09T04,IPCO,Idaho Power Company,DF,Day-ahead demand forecast,2214,megawatthours
2026-01-09T04,IPCO,Idaho Power Company,NG,Net generation,1987,megawatthours
2026-01-09T04,IPCO,Idaho Power Company,TI,Total interchange,-398,megawatthours
2026-01-09T04,ISNE,ISO New England,D,Demand,14222,megawatthours
2026-01-09T04,ISNE,ISO New England,DF,Day-ahead demand forecast,14020,megawatthours
2026-01-09T04,ISNE,ISO New England,NG,Net generation,12882,megawatthours
2026-01-09T04,ISNE,ISO New England,TI,Total interchange,-1340,megawatthours
2026-01-09T04,JEA,JEA,D,Demand,1263,megawatthours
2026-01-09T04,JEA,JEA,DF,Day-ahead demand forecast,1318,megawatthours
2026-01-09T04,JEA,JEA,NG,Net generation,705,megawatthours
2026-01-09T04,JEA,JEA,TI,Total interchange,-555,megawatthours
2026-01-09T04,LDWP,Los Angeles Department of Water and Power,D,Demand,3307,megawatthours
2026-01-09T04,LDWP,Los Angeles Department of Water and Power,DF,Day-ahead demand forecast,2929,megawatthours
2026-01-09T04,LDWP,Los Angeles Department of Water and Power,NG,Net generation,2116,megawatthours
2026-01-09T04,LDWP,Los Angeles Department of Water and Power,TI,Total interchange,-1191,megawatthours
2026-01-09T04,LGEE,LG&E and KU Services Company as agent for Louisville Gas and Electric Company and Kentucky Utilities Company,D,Demand,3874,megawatthours
2026-01-09T04,LGEE,LG&E and KU Services Company as agent for Louisville Gas and Electric Company and Kentucky Utilities Company,DF,Day-ahead demand forecast,3427,megawatthours
2026-01-09T04,LGEE,LG&E and KU Services Company as agent for Louisville Gas and Electric Company and Kentucky Utilities Company,NG,Net generation,3655,megawatthours
2026-01-09T04,MIDA,Mid-Atlantic,D,Demand,94441,megawatthours
2026-01-09T04,MIDA,Mid-Atlantic,DF,Day-ahead demand forecast,87645,megawatthours
2026-01-09T04,MIDA,Mid-Atlantic,NG,Net generation,96859,megawatthours
2026-01-09T04,MIDA,Mid-Atlantic,TI,Total interchange,1197,megawatthours
2026-01-09T04,MIDW,Midwest,D,Demand,78283,megawatthours
2026-01-09T04,MIDW,Midwest,DF,Day-ahead demand forecast,80535,megawatthours
2026-01-09T04,MIDW,Midwest,NG,Net generation,81182,megawatthours
2026-01-09T04,MIDW,Midwest,TI,Total interchange,703,megawatthours
2026-01-09T04,MISO,"Midcontinent Independent System Operator, Inc.",D,Demand,72190,megawatthours
2026-01-09T04,MISO,"Midcontinent Independent System Operator, Inc.",DF,Day-ahead demand forecast,74873,megawatthours
2026-01-09T04,MISO,"Midcontinent Independent System Operator, Inc.",NG,Net generation,74770,megawatthours
2026-01-09T04,MISO,"Midcontinent Independent System Operator, Inc.",TI,Total interchange,165,megawatthours
2026-01-09T04,NE,New England,D,Demand,14222,megawatthours
2026-01-09T04,NE,New England,DF,Day-ahead demand forecast,14020,megawatthours
2026-01-09T04,NE,New England,NG,Net generation,12882,megawatthours
2026-01-09T04,NE,New England,TI,Total interchange,-1340,megawatthours
2026-01-09T04,NEVP,Nevada Power Company,D,Demand,4863,megawatthours
2026-01-09T04,NEVP,Nevada Power Company,DF,Day-ahead demand forecast,4569,megawatthours
2026-01-09T04,NEVP,Nevada Power Company,NG,Net generation,4454,megawatthours
2026-01-09T04,NEVP,Nevada Power Company,TI,Total interchange,-483,megawatthours
2026-01-09T04,NW,Northwest,D,Demand,50065,megawatthours
2026-01-09T04,NW,Northwest,DF,Day-ahead demand forecast,36537,megawatthours
2026-01-09T04,NW,Northwest,NG,Net generation,55600,megawatthours
2026-01-09T04,NW,Northwest,TI,Total interchange,5465,megawatthours
2026-01-09T04,NWMT,NorthWestern Corporation,D,Demand,1472,megawatthours
2026-01-09T04,NWMT,NorthWestern Corporation,DF,Day-ahead demand forecast,1557,megawatthours
2026-01-09T04,NWMT,NorthWestern Corporation,NG,Net generation,2454,megawatthours
2026-01-09T04,NWMT,NorthWestern Corporation,TI,Total interchange,982,megawatthours
2026-01-09T04,NY,New York,D,Demand,17518,megawatthours
2026-01-09T04,NY,New York,DF,Day-ahead demand forecast,17095,megawatthours
2026-01-09T04,NY,New York,NG,Net generation,15533,megawatthours
2026-01-09T04,NY,New York,TI,Total interchange,-1985,megawatthours
2026-01-09T04,NYIS,New York Independent System Operator,D,Demand,17518,megawatthours
2026-01-09T04,NYIS,New York Independent System Operator,DF,Day-ahead demand forecast,17095,megawatthours
2026-01-09T04,NYIS,New York Independent System Operator,NG,Net generation,15533,megawatthours
2026-01-09T04,NYIS,New York Independent System Operator,TI,Total interchange,-1985,megawatthours
2026-01-09T04,PACE,PacifiCorp East,D,Demand,6812,megawatthours
2026-01-09T04,PACE,PacifiCorp East,NG,Net generation,7993,megawatthours
2026-01-09T04,PACE,PacifiCorp East,TI,Total interchange,1181,megawatthours
2026-01-09T04,PACW,PacifiCorp West,D,Demand,3040,megawatthours
2026-01-09T04,PACW,PacifiCorp West,NG,Net generation,1018,megawatthours
2026-01-09T04,PACW,PacifiCorp West,TI,Total interchange,-2022,megawatthours
2026-01-09T04,PGE,Portland General Electric Company,D,Demand,3326,megawatthours
2026-01-09T04,PGE,Portland General Electric Company,DF,Day-ahead demand forecast,3301,megawatthours
2026-01-09T04,PGE,Portland General Electric Company,NG,Net generation,1204,megawatthours
2026-01-09T04,PGE,Portland General Electric Company,TI,Total interchange,-2122,megawatthours
2026-01-09T04,PJM,"PJM Interconnection, LLC",D,Demand,94441,megawatthours
2026-01-09T04,PJM,"PJM Interconnection, LLC",DF,Day-ahead demand forecast,87645,megawatthours
2026-01-09T04,PJM,"PJM Interconnection, LLC",NG,Net generation,96859,megawatthours
2026-01-09T04,PJM,"PJM Interconnection, LLC",TI,Total interchange,1197,megawatthours
2026-01-09T04,PNM,Public Service Company of New Mexico,D,Demand,1937,megawatthours
2026-01-09T04,PNM,Public Service Company of New Mexico,DF,Day-ahead demand forecast,1798,megawatthours
2026-01-09T04,PNM,Public Service Company of New Mexico,NG,Net generation,2179,megawatthours
2026-01-09T04,PNM,Public Service Company of New Mexico,TI,Total interchange,282,megawatthours
2026-01-09T04,PSCO,Public Service Company of Colorado,D,Demand,5808,megawatthours
2026-01-09T04,PSCO,Public Service Company of Colorado,DF,Day-ahead demand forecast,5136,megawatthours
2026-01-09T04,PSCO,Public Service Company of Colorado,NG,Net generation,5105,megawatthours
2026-01-09T04,PSCO,Public Service Company of Colorado,TI,Total interchange,-703,megawatthours
2026-01-09T04,PSEI,"Puget Sound Energy, Inc.",D,Demand,3897,megawatthours
2026-01-09T04,PSEI,"Puget Sound Energy, Inc.",DF,Day-ahead demand forecast,1772,megawatthours
2026-01-09T04,PSEI,"Puget Sound Energy, Inc.",NG,Net generation,644,megawatthours
2026-01-09T04,PSEI,"Puget Sound Energy, Inc.",TI,Total interchange,-3253,megawatthours
2026-01-09T04,SC,South Carolina Public Service Authority,D,Demand,2698,megawatthours
2026-01-09T04,SC,South Carolina Public Service Authority,DF,Day-ahead demand forecast,2835,megawatthours
2026-01-09T04,SC,South Carolina Public Service Authority,NG,Net generation,1417,megawatthours
2026-01-09T04,SC,South Carolina Public Service Authority,TI,Total interchange,-1301,megawatthours
2026-01-09T04,SCL,Seattle City Light,D,Demand,1421,megawatthours
2026-01-09T04,SCL,Seattle City Light,DF,Day-ahead demand forecast,1409,megawatthours
2026-01-09T04,SCL,Seattle City Light,NG,Net generation,1217,megawatthours
2026-01-09T04,SCL,Seattle City Light,TI,Total interchange,-204,megawatthours
2026-01-09T04,SE,Southeast,D,Demand,23698,megawatthours
2026-01-09T04,SE,Southeast,DF,Day-ahead demand forecast,22988,megawatthours
2026-01-09T04,SE,Southeast,NG,Net generation,24906,megawatthours
2026-01-09T04,SE,Southeast,TI,Total interchange,1108,megawatthours
2026-01-09T04,SEC,Seminole Electric Cooperative,D,Demand,233,megawatthours
2026-01-09T04,SEC,Seminole Electric Cooperative,DF,Day-ahead demand forecast,166,megawatthours
2026-01-09T04,SEC,Seminole Electric Cooperative,NG,Net generation,1561,megawatthours
2026-01-09T04,SEC,Seminole Electric Cooperative,TI,Total interchange,1328,megawatthours
2026-01-09T04,SEPA,Southeastern Power Administration,NG,Net generation,0,megawatthours
2026-01-09T04,SEPA,Southeastern Power Administration,TI,Total interchange,-100,megawatthours
2026-01-09T04,SIKE,Sikeston Board of Municipal Utilities,NG,Net generation,9,megawatthours
2026-01-09T04,SIKE,Sikeston Board of Municipal Utilities,TI,Total interchange,9,megawatthours
2026-01-09T04,SOCO,"Southern Company Services, Inc. - Trans",D,Demand,23698,megawatthours
2026-01-09T04,SOCO,"Southern Company Services, Inc. - Trans",DF,Day-ahead demand forecast,22988,megawatthours
2026-01-09T04,SOCO,"Southern Company Services, Inc. - Trans",NG,Net generation,24906,megawatthours
2026-01-09T04,SOCO,"Southern Company Services, Inc. - Trans",TI,Total interchange,1208,megawatthours
2026-01-09T04,SRP,Salt River Project Agricultural Improvement and Power District,D,Demand,4034,megawatthours
2026-01-09T04,SRP,Salt River Project Agricultural Improvement and Power District,DF,Day-ahead demand forecast,3878,megawatthours
2026-01-09T04,SRP,Salt River Project Agricultural Improvement and Power District,NG,Net generation,7082,megawatthours
2026-01-09T04,SRP,Salt River Project Agricultural Improvement and Power District,TI,Total interchange,3048,megawatthours
2026-01-09T04,SW,Southwest,D,Demand,14235,megawatthours
2026-01-09T04,SW,Southwest,DF,Day-ahead demand forecast,13543,megawatthours
2026-01-09T04,SW,Southwest,NG,Net generation,16897,megawatthours
2026-01-09T04,SW,Southwest,TI,Total interchange,2523,megawatthours
2026-01-09T04,SWPP,Southwest Power Pool,D,Demand,31226,megawatthours
2026-01-09T04,SWPP,Southwest Power Pool,DF,Day-ahead demand forecast,35874,megawatthours
2026-01-09T04,SWPP,Southwest Power Pool,NG,Net generation,31204,megawatthours
2026-01-09T04,SWPP,Southwest Power Pool,TI,Total interchange,-161,megawatthours
2026-01-09T04,TAL,City of Tallahassee,D,Demand,265,megawatthours
2026-01-09T04,TAL,City of Tallahassee,DF,Day-ahead demand forecast,254,megawatthours
2026-01-09T04,TAL,City of Tallahassee,NG,Net generation,366,megawatthours
2026-01-09T04,TAL,City of Tallahassee,TI,Total interchange,101,megawatthours
2026-01-09T04,TEC,Tampa Electric Company,D,Demand,2206,megawatthours
2026-01-09T04,TEC,Tampa Electric Company,DF,Day-ahead demand forecast,2093,megawatthours
2026-01-09T04,TEC,Tampa Electric Company,NG,Net generation,2039,megawatthours
2026-01-09T04,TEC,Tampa Electric Company,TI,Total interchange,-167,megawatthours
2026-01-09T04,TEN,Tennessee,D,Demand,17061,megawatthours
2026-01-09T04,TEN,Tennessee,DF,Day-ahead demand forecast,16969,megawatthours
2026-01-09T04,TEN,Tennessee,NG,Net generation,16445,megawatthours
2026-01-09T04,TEN,Tennessee,TI,Total interchange,-616,megawatthours
2026-01-09T04,TEPC,Tucson Electric Power,D,Demand,1698,megawatthours
2026-01-09T04,TEPC,Tucson Electric Power,DF,Day-ahead demand forecast,1714,megawatthours
2026-01-09T04,TEPC,Tucson Electric Power,NG,Net generation,1989,megawatthours
2026-01-09T04,TEPC,Tucson Electric Power,TI,Total interchange,291,megawatthours
2026-01-09T04,TEX,Texas,D,Demand,51062,megawatthours
2026-01-09T04,TEX,Texas,DF,Day-ahead demand forecast,51293,megawatthours
2026-01-09T04,TEX,Texas,NG,Net generation,50830,megawatthours
2026-01-09T04,TEX,Texas,TI,Total interchange,-231,megawatthours
2026-01-09T04,TIDC,Turlock Irrigation District,D,Demand,339,megawatthours
2026-01-09T04,TIDC,Turlock Irrigation District,DF,Day-ahead demand forecast,329,megawatthours
2026-01-09T04,TIDC,Turlock Irrigation District,NG,Net generation,235,megawatthours
2026-01-09T04,TIDC,Turlock Irrigation District,TI,Total interchange,-101,megawatthours
2026-01-09T04,TPWR,"City of Tacoma, Department of Public Utilities, Light Division",D,Demand,719,megawatthours
2026-01-09T04,TPWR,"City of Tacoma, Department of Public Utilities, Light Division",DF,Day-ahead demand forecast,728,megawatthours
2026-01-09T04,TPWR,"City of Tacoma, Department of Public Utilities, Light Division",NG,Net generation,585,megawatthours
2026-01-09T04,TPWR,"City of Tacoma, Department of Public Utilities, Light Division",TI,Total interchange,-134,megawatthours
2026-01-09T04,TVA,Tennessee Valley Authority,D,Demand,17061,megawatthours
2026-01-09T04,TVA,Tennessee Valley Authority,DF,Day-ahead demand forecast,16969,megawatthours
2026-01-09T04,TVA,Tennessee Valley Authority,NG,Net generation,16445,megawatthours
2026-01-09T04,TVA,Tennessee Valley Authority,TI,Total interchange,-616,megawatthours
2026-01-09T04,US48,United States Lower 48,D,Demand,472689,megawatthours
2026-01-09T04,US48,United States Lower 48,DF,Day-ahead demand forecast,453664,megawatthours
2026-01-09T04,US48,United States Lower 48,NG,Net generation,471056,megawatthours
2026-01-09T04,US48,United States Lower 48,TI,Total interchange,-4236,megawatthours
2026-01-09T04,WACM,Western Area Power Administration - Rocky Mountain Region,D,Demand,3892,megawatthours
2026-01-09T04,WACM,Western Area Power Administration - Rocky Mountain Region,DF,Day-ahead demand forecast,3643,megawatthours
2026-01-09T04,WACM,Western Area Power Administration - Rocky Mountain Region,NG,Net generation,3537,megawatthours
2026-01-09T04,WACM,Western Area Power Administration - Rocky Mountain Region,TI,Total interchange,-355,megawatthours
2026-01-09T04,WALC,Western Area Power Administration - Desert Southwest Region,D,Demand,922,megawatthours
2026-01-09T04,WALC,Western Area Power Administration - Desert Southwest Region,DF,Day-ahead demand forecast,952,megawatthours
2026-01-09T04,WALC,Western Area Power Administration - Desert Southwest Region,NG,Net generation,1101,megawatthours
2026-01-09T04,WAUW,Western Area Power Administration - Upper Great Plains West,D,Demand,107,megawatthours
2026-01-09T04,WAUW,Western Area Power Administration - Upper Great Plains West,DF,Day-ahead demand forecast,111,megawatthours
2026-01-09T04,WAUW,Western Area Power Administration - Upper Great Plains West,NG,Net generation,42,megawatthours
2026-01-09T04,WAUW,Western Area Power Administration - Upper Great Plains West,TI,Total interchange,-65,megawatthours
2026-01-09T04,YAD,"Alcoa Power Generating, Inc. - Yadkin Division",NG,Net generation,0,megawatthours
2026-01-09T04,YAD,"Alcoa Power Generating, Inc. - Yadkin Division",TI,Total interchange,-2,megawatthours
2026-01-09T03,AECI,"Associated Electric Cooperative, Inc.",D,Demand,2320,megawatthours
2026-01-09T03,AECI,"Associated Electric Cooperative, Inc.",DF,Day-ahead demand forecast,2334,megawatthours
2026-01-09T03,AECI,"Associated Electric Cooperative, Inc.",NG,Net generation,2850,megawatthours
2026-01-09T03,AECI,"Associated Electric Cooperative, Inc.",TI,Total interchange,530,megawatthours
2026-01-09T03,AVA,Avista Corporation,D,Demand,1872,megawatthours
2026-01-09T03,AVA,Avista Corporation,DF,Day-ahead demand forecast,1846,megawatthours
2026-01-09T03,AVA,Avista Corporation,NG,Net generation,1397,megawatthours
2026-01-09T03,AVA,Avista Corporation,TI,Total interchange,-475,megawatthours
2026-01-09T03,AVRN,"Avangrid Renewables, LLC",NG,Net generation,1214,megawatthours
2026-01-09T03,AVRN,"Avangrid Renewables, LLC",TI,Total interchange,1214,megawatthours
2026-01-09T03,AZPS,Arizona Public Service Company,D,Demand,4573,megawatthours
2026-01-09T03,AZPS,Arizona Public Service Company,DF,Day-ahead demand forecast,4330,megawatthours
2026-01-09T03,AZPS,Arizona Public Service Company,NG,Net generation,3350,megawatthours
2026-01-09T03,AZPS,Arizona Public Service Company,TI,Total interchange,-1223,megawatthours
2026-01-09T03,BANC,Balancing Authority of Northern California,D,Demand,2320,megawatthours
2026-01-09T03,BANC,Balancing Authority of Northern California,DF,Day-ahead demand forecast,2306,megawatthours
2026-01-09T03,BANC,Balancing Authority of Northern California,NG,Net generation,1889,megawatthours
2026-01-09T03,BANC,Balancing Authority of Northern California,TI,Total interchange,-430,megawatthours
2026-01-09T03,BPAT,Bonneville Power Administration,D,Demand,9163,megawatthours
2026-01-09T03,BPAT,Bonneville Power Administration,DF,Day-ahead demand forecast,8943,megawatthours
2026-01-09T03,BPAT,Bonneville Power Administration,NG,Net generation,16419,megawatthours
2026-01-09T03,BPAT,Bonneville Power Administration,TI,Total interchange,7256,megawatthours
2026-01-09T03,CAL,California,D,Demand,33867,megawatthours
2026-01-09T03,CAL,California,DF,Day-ahead demand forecast,33452,megawatthours
2026-01-09T03,CAL,California,NG,Net generation,23435,megawatthours
2026-01-09T03,CAL,California,TI,Total interchange,-9109,megawatthours
2026-01-09T03,CAR,Carolinas,D,Demand,22056,megawatthours
2026-01-09T03,CAR,Carolinas,DF,Day-ahead demand forecast,21770,megawatthours
2026-01-09T03,CAR,Carolinas,NG,Net generation,21460,megawatthours
2026-01-09T03,CAR,Carolinas,TI,Total interchange,-618,megawatthours
2026-01-09T03,CENT,Central,D,Demand,31226,megawatthours
2026-01-09T03,CENT,Central,DF,Day-ahead demand forecast,36431,megawatthours
2026-01-09T03,CENT,Central,NG,Net generation,31204,megawatthours
2026-01-09T03,CENT,Central,TI,Total interchange,-161,megawatthours
2026-01-09T03,CHPD,Public Utility District No. 1 of Chelan County,D,Demand,318,megawatthours
2026-01-09T03,CHPD,Public Utility District No. 1 of Chelan County,DF,Day-ahead demand forecast,328,megawatthours
2026-01-09T03,CHPD,Public Utility District No. 1 of Chelan County,NG,Net generation,1598,megawatthours
2026-01-09T03,CHPD,Public Utility District No. 1 of Chelan County,TI,Total interchange,1280,megawatthours
2026-01-09T03,CISO,California Independent System Operator,D,Demand,27638,megawatthours
2026-01-09T03,CISO,California Independent System Operator,DF,Day-ahead demand forecast,27520,megawatthours
2026-01-09T03,CISO,California Independent System Operator,NG,Net generation,18388,megawatthours
2026-01-09T03,CISO,California Independent System Operator,TI,Total interchange,-7934,megawatthours
2026-01-09T03,CPLE,Duke Energy Progress East,D,Demand,6843,megawatthours
2026-01-09T03,CPLE,Duke Energy Progress East,DF,Day-ahead demand forecast,6470,megawatthours
2026-01-09T03,CPLE,Duke Energy Progress East,NG,Net generation,6040,megawatthours
2026-01-09T03,CPLE,Duke Energy Progress East,TI,Total interchange,-803,megawatthours
2026-01-09T03,CPLW,Duke Energy Progress West,D,Demand,550,megawatthours
2026-01-09T03,CPLW,Duke Energy Progress West,DF,Day-ahead demand forecast,629,megawatthours
2026-01-09T03,CPLW,Duke Energy Progress West,NG,Net generation,512,megawatthours
2026-01-09T03,CPLW,Duke Energy Progress West,TI,Total interchange,-38,megawatthours
2026-01-09T03,DEAA,"Arlington Valley, LLC",NG,Net generation,499,megawatthours
2026-01-09T03,DEAA,"Arlington Valley, LLC",TI,Total interchange,499,megawatthours
2026-01-09T03,DOPD,PUD No. 1 of Douglas County,D,Demand,355,megawatthours
2026-01-09T03,DOPD,PUD No. 1 of Douglas County,DF,Day-ahead demand forecast,360,megawatthours
2026-01-09T03,DOPD,PUD No. 1 of Douglas County,NG,Net generation,734,megawatthours
2026-01-09T03,DOPD,PUD No. 1 of Douglas County,TI,Total interchange,379,megawatthours
2026-01-09T03,DUK,Duke Energy Carolinas,D,Demand,11829,megawatthours
2026-01-09T03,DUK,Duke Energy Carolinas,DF,Day-ahead demand forecast,11750,megawatthours
2026-01-09T03,DUK,Duke Energy Carolinas,NG,Net generation,13430,megawatthours
2026-01-09T03,DUK,Duke Energy Carolinas,TI,Total interchange,1601,megawatthours
2026-01-09T03,EPE,El Paso Electric Company,D,Demand,1024,megawatthours
2026-01-09T03,EPE,El Paso Electric Company,DF,Day-ahead demand forecast,965,megawatthours
2026-01-09T03,EPE,El Paso Electric Company,NG,Net generation,625,megawatthours
2026-01-09T03,EPE,El Paso Electric Company,TI,Total interchange,-399,megawatthours
2026-01-09T03,ERCO,"Electric Reliability Council of Texas, Inc.",D,Demand,52509,megawatthours
2026-01-09T03,ERCO,"Electric Reliability Council of Texas, Inc.",DF,Day-ahead demand forecast,53110,megawatthours
2026-01-09T03,ERCO,"Electric Reliability Council of Texas, Inc.",NG,Net generation,52295,megawatthours
2026-01-09T03,ERCO,"Electric Reliability Council of Texas, Inc.",TI,Total interchange,-213,megawatthours
2026-01-09T03,FLA,Florida,D,Demand,28214,megawatthours
2026-01-09T03,FLA,Florida,DF,Day-ahead demand forecast,25470,megawatthours
2026-01-09T03,FLA,Florida,NG,Net generation,28110,megawatthours
2026-01-09T03,FLA,Florida,TI,Total interchange,-93,megawatthours
2026-01-09T03,FMPP,Florida Municipal Power Pool,D,Demand,2644,megawatthours
2026-01-09T03,FMPP,Florida Municipal Power Pool,DF,Day-ahead demand forecast,1878,megawatthours
2026-01-09T03,FMPP,Florida Municipal Power Pool,NG,Net generation,2777,megawatthours
2026-01-09T03,FMPP,Florida Municipal Power Pool,TI,Total interchange,133,megawatthours
2026-01-09T03,FPC,"Duke Energy Florida, Inc.",D,Demand,5809,megawatthours
2026-01-09T03,FPC,"Duke Energy Florida, Inc.",DF,Day-ahead demand forecast,4521,megawatthours
2026-01-09T03,FPC,"Duke Energy Florida, Inc.",NG,Net generation,4458,megawatthours
2026-01-09T03,FPC,"Duke Energy Florida, Inc.",TI,Total interchange,-1351,megawatthours
2026-01-09T03,FPL,Florida Power & Light Co.,D,Demand,15227,megawatthours
2026-01-09T03,FPL,Florida Power & Light Co.,DF,Day-ahead demand forecast,14661,megawatthours
2026-01-09T03,FPL,Florida Power & Light Co.,NG,Net generation,15971,megawatthours
2026-01-09T03,FPL,Florida Power & Light Co.,TI,Total interchange,744,megawatthours
2026-01-09T03,GCPD,"Public Utility District No. 2 of Grant County, Washington",D,Demand,766,megawatthours
2026-01-09T03,GCPD,"Public Utility District No. 2 of Grant County, Washington",DF,Day-ahead demand forecast,784,megawatthours
2026-01-09T03,GCPD,"Public Utility District No. 2 of Grant County, Washington",NG,Net generation,1704,megawatthours
2026-01-09T03,GCPD,"Public Utility District No. 2 of Grant County, Washington",TI,Total interchange,938,megawatthours
2026-01-09T03,GRID,"Gridforce Energy Management, LLC",NG,Net generation,2059,megawatthours
2026-01-09T03,GRID,"Gridforce Energy Management, LLC",TI,Total interchange,2059,megawatthours
2026-01-09T03,GVL,Gainesville Regional Utilities,D,Demand,217,megawatthours
2026-01-09T03,GVL,Gainesville Regional Utilities,DF,Day-ahead demand forecast,191,megawatthours
2026-01-09T03,GVL,Gainesville Regional Utilities,NG,Net generation,116,megawatthours
2026-01-09T03,GVL,Gainesville Regional Utilities,TI,Total interchange,-93,megawatthours
2026-01-09T03,GWA,"NaturEner Power Watch, LLC",NG,Net generation,309,megawatthours
2026-01-09T03,GWA,"NaturEner Power Watch, LLC",TI,Total interchange,309,megawatthours
2026-01-09T03,HST,City of Homestead,D,Demand,74,megawatthours
2026-01-09T03,HST,City of Homestead,DF,Day-ahead demand forecast,72,megawatthours
2026-01-09T03,HST,City of Homestead,NG,Net generation,0,megawatthours
2026-01-09T03,HST,City of Homestead,TI,Total interchange,-74,megawatthours
2026-01-09T03,IID,Imperial Irrigation District,D,Demand,353,megawatthours
2026-01-09T03,IID,Imperial Irrigation District,DF,Day-ahead demand forecast,358,megawatthours
2026-01-09T03,IID,Imperial Irrigation District,NG,Net generation,604,megawatthours
2026-01-09T03,IID,Imperial Irrigation District,TI,Total interchange,252,megawatthours
2026-01-09T03,IPCO,Idaho Power Company,D,Demand,2420,megawatthours
2026-01-09T03,IPCO,Idaho Power Company,DF,Day-ahead demand forecast,2290,megawatthours
2026-01-09T03,IPCO,Idaho Power Company,NG,Net generation,2014,megawatthours
2026-01-09T03,IPCO,Idaho Power Company,TI,Total interchange,-402,megawatthours
2026-01-09T03,ISNE,ISO New England,D,Demand,15164,megawatthours
2026-01-09T03,ISNE,ISO New England,DF,Day-ahead demand forecast,14980,megawatthours
2026-01-09T03,ISNE,ISO New England,NG,Net generation,13525,megawatthours
2026-01-09T03,ISNE,ISO New England,TI,Total interchange,-1639,megawatthours
2026-01-09T03,JEA,JEA,D,Demand,1373,megawatthours
2026-01-09T03,JEA,JEA,DF,Day-ahead demand forecast,1399,megawatthours
2026-01-09T03,JEA,JEA,NG,Net generation,701,megawatthours
2026-01-09T03,JEA,JEA,TI,Total interchange,-668,megawatthours
2026-01-09T03,LDWP,Los Angeles Department of Water and Power,D,Demand,3215,megawatthours
2026-01-09T03,LDWP,Los Angeles Department of Water and Power,DF,Day-ahead demand forecast,2938,megawatthours
2026-01-09T03,LDWP,Los Angeles Department of Water and Power,NG,Net generation,2318,megawatthours
2026-01-09T03,LDWP,Los Angeles Department of Water and Power,TI,Total interchange,-897,megawatthours
2026-01-09T03,LGEE,LG&E and KU Services Company as agent for Louisville Gas and Electric Company and Kentucky Utilities Company,D,Demand,4014,megawatthours
2026-01-09T03,LGEE,LG&E and KU Services Company as agent for Louisville Gas and Electric Company and Kentucky Utilities Company,DF,Day-ahead demand forecast,3580,megawatthours
2026-01-09T03,LGEE,LG&E and KU Services Company as agent for Louisville Gas and Electric Company and Kentucky Utilities Company,NG,Net generation,3749,megawatthours
2026-01-09T03,MIDA,Mid-Atlantic,D,Demand,97489,megawatthours
2026-01-09T03,MIDA,Mid-Atlantic,DF,Day-ahead demand forecast,91673,megawatthours
2026-01-09T03,MIDA,Mid-Atlantic,NG,Net generation,99752,megawatthours
2026-01-09T03,MIDA,Mid-Atlantic,TI,Total interchange,1189,megawatthours
2026-01-09T03,MIDW,Midwest,D,Demand,80614,megawatthours
2026-01-09T03,MIDW,Midwest,DF,Day-ahead demand forecast,82758,megawatthours
2026-01-09T03,MIDW,Midwest,NG,Net generation,83083,megawatthours
2026-01-09T03,MIDW,Midwest,TI,Total interchange,123,megawatthours
2026-01-09T03,MISO,"Midcontinent Independent System Operator, Inc.",D,Demand,74280,megawatthours
2026-01-09T03,MISO,"Midcontinent Independent System Operator, Inc.",DF,Day-ahead demand forecast,76844,megawatthours
2026-01-09T03,MISO,"Midcontinent Independent System Operator, Inc.",NG,Net generation,76475,megawatthours
2026-01-09T03,MISO,"Midcontinent Independent System Operator, Inc.",TI,Total interchange,-416,megawatthours
2026-01-09T03,NE,New England,D,Demand,15164,megawatthours
2026-01-09T03,NE,New England,DF,Day-ahead demand forecast,14980,megawatthours
2026-01-09T03,NE,New England,NG,Net generation,13525,megawatthours
2026-01-09T03,NE,New England,TI,Total interchange,-1639,megawatthours
2026-01-09T03,NEVP,Nevada Power Company,D,Demand,4941,megawatthours
2026-01-09T03,NEVP,Nevada Power Company,DF,Day-ahead demand forecast,4602,megawatthours
2026-01-09T03,NEVP,Nevada Power Company,NG,Net generation,4587,megawatthours
2026-01-09T03,NEVP,Nevada Power Company,TI,Total interchange,-354,megawatthours
2026-01-09T03,NW,Northwest,D,Demand,50857,megawatthours
2026-01-09T03,NW,Northwest,DF,Day-ahead demand forecast,37020,megawatthours
2026-01-09T03,NW,Northwest,NG,Net generation,55288,megawatthours
2026-01-09T03,NW,Northwest,TI,Total interchange,4435,megawatthours
2026-01-09T03,NWMT,NorthWestern Corporation,D,Demand,1526,megawatthours
2026-01-09T03,NWMT,NorthWestern Corporation,DF,Day-ahead demand forecast,1582,megawatthours
2026-01-09T03,NWMT,NorthWestern Corporation,NG,Net generation,2494,megawatthours
2026-01-09T03,NWMT,NorthWestern Corporation,TI,Total interchange,968,megawatthours
2026-01-09T03,NY,New York,D,Demand,18490,megawatthours
2026-01-09T03,NY,New York,DF,Day-ahead demand forecast,18023,megawatthours
2026-01-09T03,NY,New York,NG,Net generation,16163,megawatthours
2026-01-09T03,NY,New York,TI,Total interchange,-2327,megawatthours
2026-01-09T03,NYIS,New York Independent System Operator,D,Demand,18490,megawatthours
2026-01-09T03,NYIS,New York Independent System Operator,DF,Day-ahead demand forecast,18023,megawatthours
2026-01-09T03,NYIS,New York Independent System Operator,NG,Net generation,16163,megawatthours
2026-01-09T03,NYIS,New York Independent System Operator,TI,Total interchange,-2327,megawatthours
2026-01-09T03,PACE,PacifiCorp East,D,Demand,6902,megawatthours
2026-01-09T03,PACE,PacifiCorp East,NG,Net generation,7392,megawatthours
2026-01-09T03,PACE,PacifiCorp East,TI,Total interchange,490,megawatthours
2026-01-09T03,PACW,PacifiCorp West,D,Demand,3068,megawatthours
2026-01-09T03,PACW,PacifiCorp West,NG,Net generation,1013,megawatthours
2026-01-09T03,PACW,PacifiCorp West,TI,Total interchange,-2055,megawatthours
2026-01-09T03,PGE,Portland General Electric Company,D,Demand,3393,megawatthours
2026-01-09T03,PGE,Portland General Electric Company,DF,Day-ahead demand forecast,3388,megawatthours
2026-01-09T03,PGE,Portland General Electric Company,NG,Net generation,1149,megawatthours
2026-01-09T03,PGE,Portland General Electric Company,TI,Total interchange,-2244,megawatthours
2026-01-09T03,PJM,"PJM Interconnection, LLC",D,Demand,97489,megawatthours
2026-01-09T03,PJM,"PJM Interconnection, LLC",DF,Day-ahead demand forecast,91673,megawatthours
2026-01-09T03,PJM,"PJM Interconnection, LLC",NG,Net generation,99752,megawatthours
2026-01-09T03,PJM,"PJM Interconnection, LLC",TI,Total interchange,1189,megawatthours
2026-01-09T03,PNM,Public Service Company of New Mexico,D,Demand,1936,megawatthours
2026-01-09T03,PNM,Public Service Company of New Mexico,DF,Day-ahead demand forecast,1795,megawatthours
2026-01-09T03,PNM,Public Service Company of New Mexico,NG,Net generation,1786,megawatthours
2026-01-09T03,PNM,Public Service Company of New Mexico,TI,Total interchange,-110,megawatthours
2026-01-09T03,PSCO,Public Service Company of Colorado,D,Demand,5910,megawatthours
2026-01-09T03,PSCO,Public Service Company of Colorado,DF,Day-ahead demand forecast,5241,megawatthours
2026-01-09T03,PSCO,Public Service Company of Colorado,NG,Net generation,5047,megawatthours
2026-01-09T03,PSCO,Public Service Company of Colorado,TI,Total interchange,-863,megawatthours
2026-01-09T03,PSEI,"Puget Sound Energy, Inc.",D,Demand,3999,megawatthours
2026-01-09T03,PSEI,"Puget Sound Energy, Inc.",DF,Day-ahead demand forecast,1671,megawatthours
2026-01-09T03,PSEI,"Puget Sound Energy, Inc.",NG,Net generation,670,megawatthours
2026-01-09T03,PSEI,"Puget Sound Energy, Inc.",TI,Total interchange,-3329,megawatthours
2026-01-09T03,SC,South Carolina Public Service Authority,D,Demand,2834,megawatthours
2026-01-09T03,SC,South Carolina Public Service Authority,DF,Day-ahead demand forecast,2921,megawatthours
2026-01-09T03,SC,South Carolina Public Service Authority,NG,Net generation,1478,megawatthours
2026-01-09T03,SC,South Carolina Public Service Authority,TI,Total interchange,-1377,megawatthours
2026-01-09T03,SCL,Seattle City Light,D,Demand,1459,megawatthours
2026-01-09T03,SCL,Seattle City Light,DF,Day-ahead demand forecast,1444,megawatthours
2026-01-09T03,SCL,Seattle City Light,NG,Net generation,1238,megawatthours
2026-01-09T03,SCL,Seattle City Light,TI,Total interchange,-221,megawatthours
2026-01-09T03,SE,Southeast,D,Demand,24815,megawatthours
2026-01-09T03,SE,Southeast,DF,Day-ahead demand forecast,24031,megawatthours
2026-01-09T03,SE,Southeast,NG,Net generation,26227,megawatthours
2026-01-09T03,SE,Southeast,TI,Total interchange,1411,megawatthours
2026-01-09T03,SEC,Seminole Electric Cooperative,D,Demand,256,megawatthours
2026-01-09T03,SEC,Seminole Electric Cooperative,DF,Day-ahead demand forecast,185,megawatthours
2026-01-09T03,SEC,Seminole Electric Cooperative,NG,Net generation,1725,megawatthours
2026-01-09T03,SEC,Seminole Electric Cooperative,TI,Total interchange,1468,megawatthours
2026-01-09T03,SEPA,Southeastern Power Administration,NG,Net generation,145,megawatthours
2026-01-09T03,SEPA,Southeastern Power Administration,TI,Total interchange,144,megawatthours
2026-01-09T03,SIKE,Sikeston Board of Municipal Utilities,NG,Net generation,9,megawatthours
2026-01-09T03,SIKE,Sikeston Board of Municipal Utilities,TI,Total interchange,9,megawatthours
2026-01-09T03,SOCO,"Southern Company Services, Inc. - Trans",D,Demand,24815,megawatthours
2026-01-09T03,SOCO,"Southern Company Services, Inc. - Trans",DF,Day-ahead demand forecast,24031,megawatthours
2026-01-09T03,SOCO,"Southern Company Services, Inc. - Trans",NG,Net generation,26082,megawatthours
2026-01-09T03,SOCO,"Southern Company Services, Inc. - Trans",TI,Total interchange,1267,megawatthours
2026-01-09T03,SRP,Salt River Project Agricultural Improvement and Power District,D,Demand,4108,megawatthours
2026-01-09T03,SRP,Salt River Project Agricultural Improvement and Power District,DF,Day-ahead demand forecast,3912,megawatthours
2026-01-09T03,SRP,Salt River Project Agricultural Improvement and Power District,NG,Net generation,7123,megawatthours
2026-01-09T03,SRP,Salt River Project Agricultural Improvement and Power District,TI,Total interchange,3014,megawatthours
2026-01-09T03,SW,Southwest,D,Demand,14324,megawatthours
2026-01-09T03,SW,Southwest,DF,Day-ahead demand forecast,13656,megawatthours
2026-01-09T03,SW,Southwest,NG,Net generation,16762,megawatthours
2026-01-09T03,SW,Southwest,TI,Total interchange,2178,megawatthours
2026-01-09T03,SWPP,Southwest Power Pool,D,Demand,31226,megawatthours
2026-01-09T03,SWPP,Southwest Power Pool,DF,Day-ahead demand forecast,36431,megawatthours
2026-01-09T03,SWPP,Southwest Power Pool,NG,Net generation,31204,megawatthours
2026-01-09T03,SWPP,Southwest Power Pool,TI,Total interchange,-161,megawatthours
2026-01-09T03,TAL,City of Tallahassee,D,Demand,286,megawatthours
2026-01-09T03,TAL,City of Tallahassee,DF,Day-ahead demand forecast,274,megawatthours
2026-01-09T03,TAL,City of Tallahassee,NG,Net generation,388,megawatthours
2026-01-09T03,TAL,City of Tallahassee,TI,Total interchange,102,megawatthours
2026-01-09T03,TEC,Tampa Electric Company,D,Demand,2328,megawatthours
2026-01-09T03,TEC,Tampa Electric Company,DF,Day-ahead demand forecast,2289,megawatthours
2026-01-09T03,TEC,Tampa Electric Company,NG,Net generation,1974,megawatthours
2026-01-09T03,TEC,Tampa Electric Company,TI,Total interchange,-354,megawatthours
2026-01-09T03,TEN,Tennessee,D,Demand,17739,megawatthours
2026-01-09T03,TEN,Tennessee,DF,Day-ahead demand forecast,17632,megawatthours
2026-01-09T03,TEN,Tennessee,NG,Net generation,17346,megawatthours
2026-01-09T03,TEN,Tennessee,TI,Total interchange,-398,megawatthours
2026-01-09T03,TEPC,Tucson Electric Power,D,Demand,1732,megawatthours
2026-01-09T03,TEPC,Tucson Electric Power,DF,Day-ahead demand forecast,1726,megawatthours
2026-01-09T03,TEPC,Tucson Electric Power,NG,Net generation,2129,megawatthours
2026-01-09T03,TEPC,Tucson Electric Power,TI,Total interchange,397,megawatthours
2026-01-09T03,TEX,Texas,D,Demand,52509,megawatthours
2026-01-09T03,TEX,Texas,DF,Day-ahead demand forecast,53110,megawatthours
2026-01-09T03,TEX,Texas,NG,Net generation,52295,megawatthours
2026-01-09T03,TEX,Texas,TI,Total interchange,-213,megawatthours
2026-01-09T03,TIDC,Turlock Irrigation District,D,Demand,341,megawatthours
2026-01-09T03,TIDC,Turlock Irrigation District,DF,Day-ahead demand forecast,330,megawatthours
2026-01-09T03,TIDC,Turlock Irrigation District,NG,Net generation,236,megawatthours
2026-01-09T03,TIDC,Turlock Irrigation District,TI,Total interchange,-100,megawatthours
2026-01-09T03,TPWR,"City of Tacoma, Department of Public Utilities, Light Division",D,Demand,736,megawatthours
2026-01-09T03,TPWR,"City of Tacoma, Department of Public Utilities, Light Division",DF,Day-ahead demand forecast,744,megawatthours
2026-01-09T03,TPWR,"City of Tacoma, Department of Public Utilities, Light Division",NG,Net generation,608,megawatthours
2026-01-09T03,TPWR,"City of Tacoma, Department of Public Utilities, Light Division",TI,Total interchange,-128,megawatthours
2026-01-09T03,TVA,Tennessee Valley Authority,D,Demand,17739,megawatthours
2026-01-09T03,TVA,Tennessee Valley Authority,DF,Day-ahead demand forecast,17632,megawatthours
2026-01-09T03,TVA,Tennessee Valley Authority,NG,Net generation,17346,megawatthours
2026-01-09T03,TVA,Tennessee Valley Authority,TI,Total interchange,-398,megawatthours
2026-01-09T03,US48,United States Lower 48,D,Demand,487364,megawatthours
2026-01-09T03,US48,United States Lower 48,DF,Day-ahead demand forecast,470006,megawatthours
2026-01-09T03,US48,United States Lower 48,NG,Net generation,484650,megawatthours
2026-01-09T03,US48,United States Lower 48,TI,Total interchange,-5222,megawatthours
2026-01-09T03,WACM,Western Area Power Administration - Rocky Mountain Region,D,Demand,3922,megawatthours
2026-01-09T03,WACM,Western Area Power Administration - Rocky Mountain Region,DF,Day-ahead demand forecast,3686,megawatthours
2026-01-09T03,WACM,Western Area Power Administration - Rocky Mountain Region,NG,Net generation,3601,megawatthours
2026-01-09T03,WACM,Western Area Power Administration - Rocky Mountain Region,TI,Total interchange,-321,megawatthours
2026-01-09T03,WALC,Western Area Power Administration - Desert Southwest Region,D,Demand,951,megawatthours
2026-01-09T03,WALC,Western Area Power Administration - Desert Southwest Region,DF,Day-ahead demand forecast,928,megawatthours
2026-01-09T03,WALC,Western Area Power Administration - Desert Southwest Region,NG,Net generation,1250,megawatthours
2026-01-09T03,WAUW,Western Area Power Administration - Upper Great Plains West,D,Demand,107,megawatthours
2026-01-09T03,WAUW,Western Area Power Administration - Upper Great Plains West,DF,Day-ahead demand forecast,111,megawatthours
2026-01-09T03,WAUW,Western Area Power Administration - Upper Great Plains West,NG,Net generation,41,megawatthours
2026-01-09T03,WAUW,Western Area Power Administration - Upper Great Plains West,TI,Total interchange,-66,megawatthours
2026-01-09T03,YAD,"Alcoa Power Generating, Inc. - Yadkin Division",NG,Net generation,0,megawatthours
2026-01-09T03,YAD,"Alcoa Power Generating, Inc. - Yadkin Division",TI,Total interchange,-1,megawatthours
2026-01-09T02,AECI,"Associated Electric Cooperative, Inc.",D,Demand,2347,megawatthours
2026-01-09T02,AECI,"Associated Electric Cooperative, Inc.",DF,Day-ahead demand forecast,2309,megawatthours
2026-01-09T02,AECI,"Associated Electric Cooperative, Inc.",NG,Net generation,2983,megawatthours
2026-01-09T02,AECI,"Associated Electric Cooperative, Inc.",TI,Total interchange,636,megawatthours
2026-01-09T02,AVA,Avista Corporation,D,Demand,1891,megawatthours
2026-01-09T02,AVA,Avista Corporation,DF,Day-ahead demand forecast,1873,megawatthours
2026-01-09T02,AVA,Avista Corporation,NG,Net generation,1424,megawatthours
2026-01-09T02,AVA,Avista Corporation,TI,Total interchange,-467,megawatthours
2026-01-09T02,AVRN,"Avangrid Renewables, LLC",NG,Net generation,1201,megawatthours
2026-01-09T02,AVRN,"Avangrid Renewables, LLC",TI,Total interchange,1201,megawatthours
2026-01-09T02,AZPS,Arizona Public Service Company,D,Demand,4628,megawatthours
2026-01-09T02,AZPS,Arizona Public Service Company,DF,Day-ahead demand forecast,4303,megawatthours
2026-01-09T02,AZPS,Arizona Public Service Company,NG,Net generation,3425,megawatthours
2026-01-09T02,AZPS,Arizona Public Service Company,TI,Total interchange,-1203,megawatthours
2026-01-09T02,BANC,Balancing Authority of Northern California,D,Demand,2287,megawatthours
2026-01-09T02,BANC,Balancing Authority of Northern California,DF,Day-ahead demand forecast,2300,megawatthours
2026-01-09T02,BANC,Balancing Authority of Northern California,NG,Net generation,1857,megawatthours
2026-01-09T02,BANC,Balancing Authority of Northern California,TI,Total interchange,-430,megawatthours
2026-01-09T02,BPAT,Bonneville Power Administration,D,Demand,9221,megawatthours
2026-01-09T02,BPAT,Bonneville Power Administration,DF,Day-ahead demand forecast,8986,megawatthours
2026-01-09T02,BPAT,Bonneville Power Administration,NG,Net generation,16407,megawatthours
2026-01-09T02,BPAT,Bonneville Power Administration,TI,Total interchange,7186,megawatthours
2026-01-09T02,CAL,California,D,Demand,33507,megawatthours
2026-01-09T02,CAL,California,DF,Day-ahead demand forecast,33202,megawatthours
2026-01-09T02,CAL,California,NG,Net generation,23283,megawatthours
2026-01-09T02,CAL,California,TI,Total interchange,-8833,megawatthours
2026-01-09T02,CAR,Carolinas,D,Demand,22820,megawatthours
2026-01-09T02,CAR,Carolinas,DF,Day-ahead demand forecast,22500,megawatthours
2026-01-09T02,CAR,Carolinas,NG,Net generation,22159,megawatthours
2026-01-09T02,CAR,Carolinas,TI,Total interchange,-682,megawatthours
2026-01-09T02,CENT,Central,D,Demand,31226,megawatthours
2026-01-09T02,CENT,Central,DF,Day-ahead demand forecast,36699,megawatthours
2026-01-09T02,CENT,Central,NG,Net generation,31204,megawatthours
2026-01-09T02,CENT,Central,TI,Total interchange,-161,megawatthours
2026-01-09T02,CHPD,Public Utility District No. 1 of Chelan County,D,Demand,318,megawatthours
2026-01-09T02,CHPD,Public Utility District No. 1 of Chelan County,DF,Day-ahead demand forecast,327,megawatthours
2026-01-09T02,CHPD,Public Utility District No. 1 of Chelan County,NG,Net generation,1605,megawatthours
2026-01-09T02,CHPD,Public Utility District No. 1 of Chelan County,TI,Total interchange,1287,megawatthours
2026-01-09T02,CISO,California Independent System Operator,D,Demand,27427,megawatthours
2026-01-09T02,CISO,California Independent System Operator,DF,Day-ahead demand forecast,27311,megawatthours
2026-01-09T02,CISO,California Independent System Operator,NG,Net generation,18353,megawatthours
2026-01-09T02,CISO,California Independent System Operator,TI,Total interchange,-7691,megawatthours
2026-01-09T02,CPLE,Duke Energy Progress East,D,Demand,7054,megawatthours
2026-01-09T02,CPLE,Duke Energy Progress East,DF,Day-ahead demand forecast,6710,megawatthours
2026-01-09T02,CPLE,Duke Energy Progress East,NG,Net generation,6385,megawatthours
2026-01-09T02,CPLE,Duke Energy Progress East,TI,Total interchange,-669,megawatthours
2026-01-09T02,CPLW,Duke Energy Progress West,D,Demand,572,megawatthours
2026-01-09T02,CPLW,Duke Energy Progress West,DF,Day-ahead demand forecast,656,megawatthours
2026-01-09T02,CPLW,Duke Energy Progress West,NG,Net generation,527,megawatthours
2026-01-09T02,CPLW,Duke Energy Progress West,TI,Total interchange,-45,megawatthours
2026-01-09T02,DEAA,"Arlington Valley, LLC",NG,Net generation,499,megawatthours
2026-01-09T02,DEAA,"Arlington Valley, LLC",TI,Total interchange,499,megawatthours
2026-01-09T02,DOPD,PUD No. 1 of Douglas County,D,Demand,351,megawatthours
2026-01-09T02,DOPD,PUD No. 1 of Douglas County,DF,Day-ahead demand forecast,361,megawatthours
2026-01-09T02,DOPD,PUD No. 1 of Douglas County,NG,Net generation,748,megawatthours
2026-01-09T02,DOPD,PUD No. 1 of Douglas County,TI,Total interchange,397,megawatthours
2026-01-09T02,DUK,Duke Energy Carolinas,D,Demand,12261,megawatthours
2026-01-09T02,DUK,Duke Energy Carolinas,DF,Day-ahead demand forecast,12182,megawatthours
2026-01-09T02,DUK,Duke Energy Carolinas,NG,Net generation,13617,megawatthours
2026-01-09T02,DUK,Duke Energy Carolinas,TI,Total interchange,1356,megawatthours
2026-01-09T02,EPE,El Paso Electric Company,D,Demand,1022,megawatthours
2026-01-09T02,EPE,El Paso Electric Company,DF,Day-ahead demand forecast,962,megawatthours
2026-01-09T02,EPE,El Paso Electric Company,NG,Net generation,619,megawatthours
2026-01-09T02,EPE,El Paso Electric Company,TI,Total interchange,-403,megawatthours
2026-01-09T02,ERCO,"Electric Reliability Council of Texas, Inc.",D,Demand,53626,megawatthours
2026-01-09T02,ERCO,"Electric Reliability Council of Texas, Inc.",DF,Day-ahead demand forecast,54326,megawatthours
2026-01-09T02,ERCO,"Electric Reliability Council of Texas, Inc.",NG,Net generation,53384,megawatthours
2026-01-09T02,ERCO,"Electric Reliability Council of Texas, Inc.",TI,Total interchange,-242,megawatthours
2026-01-09T02,FLA,Florida,D,Demand,28992,megawatthours
2026-01-09T02,FLA,Florida,DF,Day-ahead demand forecast,27138,megawatthours
2026-01-09T02,FLA,Florida,NG,Net generation,28901,megawatthours
2026-01-09T02,FLA,Florida,TI,Total interchange,-83,megawatthours
2026-01-09T02,FMPP,Florida Municipal Power Pool,D,Demand,2107,megawatthours
2026-01-09T02,FMPP,Florida Municipal Power Pool,DF,Day-ahead demand forecast,2025,megawatthours
2026-01-09T02,FMPP,Florida Municipal Power Pool,NG,Net generation,2251,megawatthours
2026-01-09T02,FMPP,Florida Municipal Power Pool,TI,Total interchange,144,megawatthours
2026-01-09T02,FPC,"Duke Energy Florida, Inc.",D,Demand,6189,megawatthours
2026-01-09T02,FPC,"Duke Energy Florida, Inc.",DF,Day-ahead demand forecast,4822,megawatthours
2026-01-09T02,FPC,"Duke Energy Florida, Inc.",NG,Net generation,4786,megawatthours
2026-01-09T02,FPC,"Duke Energy Florida, Inc.",TI,Total interchange,-1403,megawatthours
2026-01-09T02,FPL,Florida Power & Light Co.,D,Demand,15891,megawatthours
2026-01-09T02,FPL,Florida Power & Light Co.,DF,Day-ahead demand forecast,15627,megawatthours
2026-01-09T02,FPL,Florida Power & Light Co.,NG,Net generation,16838,megawatthours
2026-01-09T02,FPL,Florida Power & Light Co.,TI,Total interchange,947,megawatthours
2026-01-09T02,GCPD,"Public Utility District No. 2 of Grant County, Washington",D,Demand,768,megawatthours
2026-01-09T02,GCPD,"Public Utility District No. 2 of Grant County, Washington",DF,Day-ahead demand forecast,782,megawatthours
2026-01-09T02,GCPD,"Public Utility District No. 2 of Grant County, Washington",NG,Net generation,1720,megawatthours
2026-01-09T02,GCPD,"Public Utility District No. 2 of Grant County, Washington",TI,Total interchange,957,megawatthours
2026-01-09T02,GRID,"Gridforce Energy Management, LLC",NG,Net generation,2167,megawatthours
2026-01-09T02,GRID,"Gridforce Energy Management, LLC",TI,Total interchange,2167,megawatthours
2026-01-09T02,GVL,Gainesville Regional Utilities,D,Demand,229,megawatthours
2026-01-09T02,GVL,Gainesville Regional Utilities,DF,Day-ahead demand forecast,204,megawatthours
2026-01-09T02,GVL,Gainesville Regional Utilities,NG,Net generation,125,megawatthours
2026-01-09T02,GVL,Gainesville Regional Utilities,TI,Total interchange,-96,megawatthours
2026-01-09T02,GWA,"NaturEner Power Watch, LLC",NG,Net generation,298,megawatthours
2026-01-09T02,GWA,"NaturEner Power Watch, LLC",TI,Total interchange,298,megawatthours
2026-01-09T02,HST,City of Homestead,D,Demand,78,megawatthours
2026-01-09T02,HST,City of Homestead,DF,Day-ahead demand forecast,77,megawatthours
2026-01-09T02,HST,City of Homestead,NG,Net generation,0,megawatthours
2026-01-09T02,HST,City of Homestead,TI,Total interchange,-78,megawatthours
2026-01-09T02,IID,Imperial Irrigation District,D,Demand,353,megawatthours
2026-01-09T02,IID,Imperial Irrigation District,DF,Day-ahead demand forecast,362,megawatthours
2026-01-09T02,IID,Imperial Irrigation District,NG,Net generation,556,megawatthours
2026-01-09T02,IID,Imperial Irrigation District,TI,Total interchange,206,megawatthours
2026-01-09T02,IPCO,Idaho Power Company,D,Demand,2458,megawatthours
2026-01-09T02,IPCO,Idaho Power Company,DF,Day-ahead demand forecast,2328,megawatthours
2026-01-09T02,IPCO,Idaho Power Company,NG,Net generation,2079,megawatthours
2026-01-09T02,IPCO,Idaho Power Company,TI,Total interchange,-375,megawatthours
2026-01-09T02,ISNE,ISO New England,D,Demand,15838,megawatthours
2026-01-09T02,ISNE,ISO New England,DF,Day-ahead demand forecast,15750,megawatthours
2026-01-09T02,ISNE,ISO New England,NG,Net generation,13618,megawatthours
2026-01-09T02,ISNE,ISO New England,TI,Total interchange,-2220,megawatthours
2026-01-09T02,JEA,JEA,D,Demand,1446,megawatthours
2026-01-09T02,JEA,JEA,DF,Day-ahead demand forecast,1461,megawatthours
2026-01-09T02,JEA,JEA,NG,Net generation,745,megawatthours
2026-01-09T02,JEA,JEA,TI,Total interchange,-699,megawatthours
2026-01-09T02,LDWP,Los Angeles Department of Water and Power,D,Demand,3102,megawatthours
2026-01-09T02,LDWP,Los Angeles Department of Water and Power,DF,Day-ahead demand forecast,2905,megawatthours
2026-01-09T02,LDWP,Los Angeles Department of Water and Power,NG,Net generation,2272,megawatthours
2026-01-09T02,LDWP,Los Angeles Department of Water and Power,TI,Total interchange,-830,megawatthours
2026-01-09T02,LGEE,LG&E and KU Services Company as agent for Louisville Gas and Electric Company and Kentucky Utilities Company,D,Demand,4130,megawatthours
2026-01-09T02,LGEE,LG&E and KU Services Company as agent for Louisville Gas and Electric Company and Kentucky Utilities Company,DF,Day-ahead demand forecast,3703,megawatthours
2026-01-09T02,LGEE,LG&E and KU Services Company as agent for Louisville Gas and Electric Company and Kentucky Utilities Company,NG,Net generation,3843,megawatthours
2026-01-09T02,MIDA,Mid-Atlantic,D,Demand,99573,megawatthours
2026-01-09T02,MIDA,Mid-Atlantic,DF,Day-ahead demand forecast,95509,megawatthours
2026-01-09T02,MIDA,Mid-Atlantic,NG,Net generation,101836,megawatthours
2026-01-09T02,MIDA,Mid-Atlantic,TI,Total interchange,1420,megawatthours
2026-01-09T02,MIDW,Midwest,D,Demand,82235,megawatthours
2026-01-09T02,MIDW,Midwest,DF,Day-ahead demand forecast,84691,megawatthours
2026-01-09T02,MIDW,Midwest,NG,Net generation,84887,megawatthours
2026-01-09T02,MIDW,Midwest,TI,Total interchange,413,megawatthours
2026-01-09T02,MISO,"Midcontinent Independent System Operator, Inc.",D,Demand,75758,megawatthours
2026-01-09T02,MISO,"Midcontinent Independent System Operator, Inc.",DF,Day-ahead demand forecast,78679,megawatthours
2026-01-09T02,MISO,"Midcontinent Independent System Operator, Inc.",NG,Net generation,78052,megawatthours
2026-01-09T02,MISO,"Midcontinent Independent System Operator, Inc.",TI,Total interchange,-232,megawatthours
2026-01-09T02,NE,New England,D,Demand,15838,megawatthours
2026-01-09T02,NE,New England,DF,Day-ahead demand forecast,15750,megawatthours
2026-01-09T02,NE,New England,NG,Net generation,13618,megawatthours
2026-01-09T02,NE,New England,TI,Total interchange,-2220,megawatthours
2026-01-09T02,NEVP,Nevada Power Company,D,Demand,4932,megawatthours
2026-01-09T02,NEVP,Nevada Power Company,DF,Day-ahead demand forecast,4547,megawatthours
2026-01-09T02,NEVP,Nevada Power Company,NG,Net generation,4738,megawatthours
2026-01-09T02,NEVP,Nevada Power Company,TI,Total interchange,-194,megawatthours
2026-01-09T02,NW,Northwest,D,Demand,51348,megawatthours
2026-01-09T02,NW,Northwest,DF,Day-ahead demand forecast,37248,megawatthours
2026-01-09T02,NW,Northwest,NG,Net generation,55488,megawatthours
2026-01-09T02,NW,Northwest,TI,Total interchange,4149,megawatthours
2026-01-09T02,NWMT,NorthWestern Corporation,D,Demand,1546,megawatthours
2026-01-09T02,NWMT,NorthWestern Corporation,DF,Day-ahead demand forecast,1599,megawatthours
2026-01-09T02,NWMT,NorthWestern Corporation,NG,Net generation,2510,megawatthours
2026-01-09T02,NWMT,NorthWestern Corporation,TI,Total interchange,964,megawatthours
2026-01-09T02,NY,New York,D,Demand,19161,megawatthours
2026-01-09T02,NY,New York,DF,Day-ahead demand forecast,18776,megawatthours
2026-01-09T02,NY,New York,NG,Net generation,16977,megawatthours
2026-01-09T02,NY,New York,TI,Total interchange,-2184,megawatthours
2026-01-09T02,NYIS,New York Independent System Operator,D,Demand,19161,megawatthours
2026-01-09T02,NYIS,New York Independent System Operator,DF,Day-ahead demand forecast,18776,megawatthours
2026-01-09T02,NYIS,New York Independent System Operator,NG,Net generation,16977,megawatthours
2026-01-09T02,NYIS,New York Independent System Operator,TI,Total interchange,-2184,megawatthours
2026-01-09T02,PACE,PacifiCorp East,D,Demand,6997,megawatthours
2026-01-09T02,PACE,PacifiCorp East,NG,Net generation,6963,megawatthours
2026-01-09T02,PACE,PacifiCorp East,TI,Total interchange,-34,megawatthours
2026-01-09T02,PACW,PacifiCorp West,D,Demand,3070,megawatthours
2026-01-09T02,PACW,PacifiCorp West,NG,Net generation,1023,megawatthours
2026-01-09T02,PACW,PacifiCorp West,TI,Total interchange,-2047,megawatthours
2026-01-09T02,PGE,Portland General Electric Company,D,Demand,3419,megawatthours
2026-01-09T02,PGE,Portland General Electric Company,DF,Day-ahead demand forecast,3414,megawatthours
2026-01-09T02,PGE,Portland General Electric Company,NG,Net generation,1119,megawatthours
2026-01-09T02,PGE,Portland General Electric Company,TI,Total interchange,-2300,megawatthours
2026-01-09T02,PJM,"PJM Interconnection, LLC",D,Demand,99573,megawatthours
2026-01-09T02,PJM,"PJM Interconnection, LLC",DF,Day-ahead demand forecast,95509,megawatthours
2026-01-09T02,PJM,"PJM Interconnection, LLC",NG,Net generation,101836,megawatthours
2026-01-09T02,PJM,"PJM Interconnection, LLC",TI,Total interchange,1420,megawatthours
2026-01-09T02,PNM,Public Service Company of New Mexico,D,Demand,1940,megawatthours
2026-01-09T02,PNM,Public Service Company of New Mexico,DF,Day-ahead demand forecast,1785,megawatthours
2026-01-09T02,PNM,Public Service Company of New Mexico,NG,Net generation,1552,megawatthours
2026-01-09T02,PNM,Public Service Company of New Mexico,TI,Total interchange,-358,megawatthours
2026-01-09T02,PSCO,Public Service Company of Colorado,D,Demand,5998,megawatthours
2026-01-09T02,PSCO,Public Service Company of Colorado,DF,Day-ahead demand forecast,5380,megawatthours
2026-01-09T02,PSCO,Public Service Company of Colorado,NG,Net generation,5108,megawatthours
2026-01-09T02,PSCO,Public Service Company of Colorado,TI,Total interchange,-890,megawatthours
2026-01-09T02,PSEI,"Puget Sound Energy, Inc.",D,Demand,4062,megawatthours
2026-01-09T02,PSEI,"Puget Sound Energy, Inc.",DF,Day-ahead demand forecast,1622,megawatthours
2026-01-09T02,PSEI,"Puget Sound Energy, Inc.",NG,Net generation,695,megawatthours
2026-01-09T02,PSEI,"Puget Sound Energy, Inc.",TI,Total interchange,-3367,megawatthours
2026-01-09T02,SC,South Carolina Public Service Authority,D,Demand,2933,megawatthours
2026-01-09T02,SC,South Carolina Public Service Authority,DF,Day-ahead demand forecast,2952,megawatthours
2026-01-09T02,SC,South Carolina Public Service Authority,NG,Net generation,1630,megawatthours
2026-01-09T02,SC,South Carolina Public Service Authority,TI,Total interchange,-1326,megawatthours
2026-01-09T02,SCL,Seattle City Light,D,Demand,1492,megawatthours
2026-01-09T02,SCL,Seattle City Light,DF,Day-ahead demand forecast,1461,megawatthours
2026-01-09T02,SCL,Seattle City Light,NG,Net generation,1305,megawatthours
2026-01-09T02,SCL,Seattle City Light,TI,Total interchange,-187,megawatthours
2026-01-09T02,SE,Southeast,D,Demand,25544,megawatthours
2026-01-09T02,SE,Southeast,DF,Day-ahead demand forecast,24757,megawatthours
2026-01-09T02,SE,Southeast,NG,Net generation,26864,megawatthours
2026-01-09T02,SE,Southeast,TI,Total interchange,1223,megawatthours
2026-01-09T02,SEC,Seminole Electric Cooperative,D,Demand,256,megawatthours
2026-01-09T02,SEC,Seminole Electric Cooperative,DF,Day-ahead demand forecast,199,megawatthours
2026-01-09T02,SEC,Seminole Electric Cooperative,NG,Net generation,1758,megawatthours
2026-01-09T02,SEC,Seminole Electric Cooperative,TI,Total interchange,1501,megawatthours
2026-01-09T02,SEPA,Southeastern Power Administration,NG,Net generation,238,megawatthours
2026-01-09T02,SEPA,Southeastern Power Administration,TI,Total interchange,141,megawatthours
2026-01-09T02,SIKE,Sikeston Board of Municipal Utilities,NG,Net generation,9,megawatthours
2026-01-09T02,SIKE,Sikeston Board of Municipal Utilities,TI,Total interchange,9,megawatthours
2026-01-09T02,SOCO,"Southern Company Services, Inc. - Trans",D,Demand,25544,megawatthours
2026-01-09T02,SOCO,"Southern Company Services, Inc. - Trans",DF,Day-ahead demand forecast,24757,megawatthours
2026-01-09T02,SOCO,"Southern Company Services, Inc. - Trans",NG,Net generation,26626,megawatthours
2026-01-09T02,SOCO,"Southern Company Services, Inc. - Trans",TI,Total interchange,1082,megawatthours
2026-01-09T02,SRP,Salt River Project Agricultural Improvement and Power District,D,Demand,4080,megawatthours
2026-01-09T02,SRP,Salt River Project Agricultural Improvement and Power District,DF,Day-ahead demand forecast,3934,megawatthours
2026-01-09T02,SRP,Salt River Project Agricultural Improvement and Power District,NG,Net generation,6980,megawatthours
2026-01-09T02,SRP,Salt River Project Agricultural Improvement and Power District,TI,Total interchange,2900,megawatthours
2026-01-09T02,SW,Southwest,D,Demand,14375,megawatthours
2026-01-09T02,SW,Southwest,DF,Day-ahead demand forecast,13675,megawatthours
2026-01-09T02,SW,Southwest,NG,Net generation,16475,megawatthours
2026-01-09T02,SW,Southwest,TI,Total interchange,1774,megawatthours
2026-01-09T02,SWPP,Southwest Power Pool,D,Demand,31226,megawatthours
2026-01-09T02,SWPP,Southwest Power Pool,DF,Day-ahead demand forecast,36699,megawatthours
2026-01-09T02,SWPP,Southwest Power Pool,NG,Net generation,31204,megawatthours
2026-01-09T02,SWPP,Southwest Power Pool,TI,Total interchange,-161,megawatthours
2026-01-09T02,TAL,City of Tallahassee,D,Demand,302,megawatthours
2026-01-09T02,TAL,City of Tallahassee,DF,Day-ahead demand forecast,293,megawatthours
2026-01-09T02,TAL,City of Tallahassee,NG,Net generation,404,megawatthours
2026-01-09T02,TAL,City of Tallahassee,TI,Total interchange,102,megawatthours
2026-01-09T02,TEC,Tampa Electric Company,D,Demand,2494,megawatthours
2026-01-09T02,TEC,Tampa Electric Company,DF,Day-ahead demand forecast,2430,megawatthours
2026-01-09T02,TEC,Tampa Electric Company,NG,Net generation,1994,megawatthours
2026-01-09T02,TEC,Tampa Electric Company,TI,Total interchange,-501,megawatthours
2026-01-09T02,TEN,Tennessee,D,Demand,18162,megawatthours
2026-01-09T02,TEN,Tennessee,DF,Day-ahead demand forecast,17915,megawatthours
2026-01-09T02,TEN,Tennessee,NG,Net generation,17982,megawatthours
2026-01-09T02,TEN,Tennessee,TI,Total interchange,-183,megawatthours
2026-01-09T02,TEPC,Tucson Electric Power,D,Demand,1766,megawatthours
2026-01-09T02,TEPC,Tucson Electric Power,DF,Day-ahead demand forecast,1752,megawatthours
2026-01-09T02,TEPC,Tucson Electric Power,NG,Net generation,2105,megawatthours
2026-01-09T02,TEPC,Tucson Electric Power,TI,Total interchange,339,megawatthours
2026-01-09T02,TEX,Texas,D,Demand,53626,megawatthours
2026-01-09T02,TEX,Texas,DF,Day-ahead demand forecast,54326,megawatthours
2026-01-09T02,TEX,Texas,NG,Net generation,53384,megawatthours
2026-01-09T02,TEX,Texas,TI,Total interchange,-242,megawatthours
2026-01-09T02,TIDC,Turlock Irrigation District,D,Demand,338,megawatthours
2026-01-09T02,TIDC,Turlock Irrigation District,DF,Day-ahead demand forecast,324,megawatthours
2026-01-09T02,TIDC,Turlock Irrigation District,NG,Net generation,245,megawatthours
2026-01-09T02,TIDC,Turlock Irrigation District,TI,Total interchange,-88,megawatthours
2026-01-09T02,TPWR,"City of Tacoma, Department of Public Utilities, Light Division",D,Demand,751,megawatthours
2026-01-09T02,TPWR,"City of Tacoma, Department of Public Utilities, Light Division",DF,Day-ahead demand forecast,745,megawatthours
2026-01-09T02,TPWR,"City of Tacoma, Department of Public Utilities, Light Division",NG,Net generation,620,megawatthours
2026-01-09T02,TPWR,"City of Tacoma, Department of Public Utilities, Light Division",TI,Total interchange,-131,megawatthours
2026-01-09T02,TVA,Tennessee Valley Authority,D,Demand,18162,megawatthours
2026-01-09T02,TVA,Tennessee Valley Authority,DF,Day-ahead demand forecast,17915,megawatthours
2026-01-09T02,TVA,Tennessee Valley Authority,NG,Net generation,17982,megawatthours
2026-01-09T02,TVA,Tennessee Valley Authority,TI,Total interchange,-183,megawatthours
2026-01-09T02,US48,United States Lower 48,D,Demand,496407,megawatthours
2026-01-09T02,US48,United States Lower 48,DF,Day-ahead demand forecast,482186,megawatthours
2026-01-09T02,US48,United States Lower 48,NG,Net generation,493058,megawatthours
2026-01-09T02,US48,United States Lower 48,TI,Total interchange,-5609,megawatthours
2026-01-09T02,WACM,Western Area Power Administration - Rocky Mountain Region,D,Demand,3965,megawatthours
2026-01-09T02,WACM,Western Area Power Administration - Rocky Mountain Region,DF,Day-ahead demand forecast,3710,megawatthours
2026-01-09T02,WACM,Western Area Power Administration - Rocky Mountain Region,NG,Net generation,3715,megawatthours
2026-01-09T02,WACM,Western Area Power Administration - Rocky Mountain Region,TI,Total interchange,-250,megawatthours
2026-01-09T02,WALC,Western Area Power Administration - Desert Southwest Region,D,Demand,939,megawatthours
2026-01-09T02,WALC,Western Area Power Administration - Desert Southwest Region,DF,Day-ahead demand forecast,939,megawatthours
2026-01-09T02,WALC,Western Area Power Administration - Desert Southwest Region,NG,Net generation,1295,megawatthours
2026-01-09T02,WAUW,Western Area Power Administration - Upper Great Plains West,D,Demand,109,megawatthours
2026-01-09T02,WAUW,Western Area Power Administration - Upper Great Plains West,DF,Day-ahead demand forecast,113,megawatthours
2026-01-09T02,WAUW,Western Area Power Administration - Upper Great Plains West,NG,Net generation,43,megawatthours
2026-01-09T02,WAUW,Western Area Power Administration - Upper Great Plains West,TI,Total interchange,-66,megawatthours
2026-01-09T02,YAD,"Alcoa Power Generating, Inc. - Yadkin Division",NG,Net generation,0,megawatthours
2026-01-09T02,YAD,"Alcoa Power Generating, Inc. - Yadkin Division",TI,Total interchange,2,megawatthours
2026-01-09T01,AECI,"Associated Electric Cooperative, Inc.",D,Demand,2388,megawatthours
2026-01-09T01,AECI,"Associated Electric Cooperative, Inc.",DF,Day-ahead demand forecast,2301,megawatthours
2026-01-09T01,AECI,"Associated Electric Cooperative, Inc.",NG,Net generation,2862,megawatthours
2026-01-09T01,AECI,"Associated Electric Cooperative, Inc.",TI,Total interchange,474,megawatthours
2026-01-09T01,AVA,Avista Corporation,D,Demand,1824,megawatthours
2026-01-09T01,AVA,Avista Corporation,DF,Day-ahead demand forecast,1843,megawatthours
2026-01-09T01,AVA,Avista Corporation,NG,Net generation,1322,megawatthours
2026-01-09T01,AVA,Avista Corporation,TI,Total interchange,-502,megawatthours
2026-01-09T01,AVRN,"Avangrid Renewables, LLC",NG,Net generation,1158,megawatthours
2026-01-09T01,AVRN,"Avangrid Renewables, LLC",TI,Total interchange,1158,megawatthours
2026-01-09T01,AZPS,Arizona Public Service Company,D,Demand,4484,megawatthours
2026-01-09T01,AZPS,Arizona Public Service Company,DF,Day-ahead demand forecast,4311,megawatthours
2026-01-09T01,AZPS,Arizona Public Service Company,NG,Net generation,3249,megawatthours
2026-01-09T01,AZPS,Arizona Public Service Company,TI,Total interchange,-1235,megawatthours
2026-01-09T01,BANC,Balancing Authority of Northern California,D,Demand,2125,megawatthours
2026-01-09T01,BANC,Balancing Authority of Northern California,DF,Day-ahead demand forecast,2182,megawatthours
2026-01-09T01,BANC,Balancing Authority of Northern California,NG,Net generation,1677,megawatthours
2026-01-09T01,BANC,Balancing Authority of Northern California,TI,Total interchange,-448,megawatthours
2026-01-09T01,BPAT,Bonneville Power Administration,D,Demand,8983,megawatthours
2026-01-09T01,BPAT,Bonneville Power Administration,DF,Day-ahead demand forecast,8712,megawatthours
2026-01-09T01,BPAT,Bonneville Power Administration,NG,Net generation,16182,megawatthours
2026-01-09T01,BPAT,Bonneville Power Administration,TI,Total interchange,7199,megawatthours
2026-01-09T01,CAL,California,D,Demand,31175,megawatthours
2026-01-09T01,CAL,California,DF,Day-ahead demand forecast,30569,megawatthours
2026-01-09T01,CAL,California,NG,Net generation,20204,megawatthours
2026-01-09T01,CAL,California,TI,Total interchange,-9304,megawatthours
2026-01-09T01,CAR,Carolinas,D,Demand,23110,megawatthours
2026-01-09T01,CAR,Carolinas,DF,Day-ahead demand forecast,22925,megawatthours
2026-01-09T01,CAR,Carolinas,NG,Net generation,22467,megawatthours
2026-01-09T01,CAR,Carolinas,TI,Total interchange,-669,megawatthours
2026-01-09T01,CENT,Central,D,Demand,31226,megawatthours
2026-01-09T01,CENT,Central,DF,Day-ahead demand forecast,36781,megawatthours
2026-01-09T01,CENT,Central,NG,Net generation,31204,megawatthours
2026-01-09T01,CENT,Central,TI,Total interchange,-161,megawatthours
2026-01-09T01,CHPD,Public Utility District No. 1 of Chelan County,D,Demand,303,megawatthours
2026-01-09T01,CHPD,Public Utility District No. 1 of Chelan County,DF,Day-ahead demand forecast,330,megawatthours
2026-01-09T01,CHPD,Public Utility District No. 1 of Chelan County,NG,Net generation,1599,megawatthours
2026-01-09T01,CHPD,Public Utility District No. 1 of Chelan County,TI,Total interchange,1296,megawatthours
2026-01-09T01,CISO,California Independent System Operator,D,Demand,25484,megawatthours
2026-01-09T01,CISO,California Independent System Operator,DF,Day-ahead demand forecast,25034,megawatthours
2026-01-09T01,CISO,California Independent System Operator,NG,Net generation,15885,megawatthours
2026-01-09T01,CISO,California Independent System Operator,TI,Total interchange,-7936,megawatthours
2026-01-09T01,CPLE,Duke Energy Progress East,D,Demand,7091,megawatthours
2026-01-09T01,CPLE,Duke Energy Progress East,DF,Day-ahead demand forecast,6842,megawatthours
2026-01-09T01,CPLE,Duke Energy Progress East,NG,Net generation,6576,megawatthours
2026-01-09T01,CPLE,Duke Energy Progress East,TI,Total interchange,-515,megawatthours
2026-01-09T01,CPLW,Duke Energy Progress West,D,Demand,589,megawatthours
2026-01-09T01,CPLW,Duke Energy Progress West,DF,Day-ahead demand forecast,664,megawatthours
2026-01-09T01,CPLW,Duke Energy Progress West,NG,Net generation,526,megawatthours
2026-01-09T01,CPLW,Duke Energy Progress West,TI,Total interchange,-63,megawatthours
2026-01-09T01,DEAA,"Arlington Valley, LLC",NG,Net generation,496,megawatthours
2026-01-09T01,DEAA,"Arlington Valley, LLC",TI,Total interchange,496,megawatthours
2026-01-09T01,DOPD,PUD No. 1 of Douglas County,D,Demand,348,megawatthours
2026-01-09T01,DOPD,PUD No. 1 of Douglas County,DF,Day-ahead demand forecast,358,megawatthours
2026-01-09T01,DOPD,PUD No. 1 of Douglas County,NG,Net generation,728,megawatthours
2026-01-09T01,DOPD,PUD No. 1 of Douglas County,TI,Total interchange,380,megawatthours
2026-01-09T01,DUK,Duke Energy Carolinas,D,Demand,12493,megawatthours
2026-01-09T01,DUK,Duke Energy Carolinas,DF,Day-ahead demand forecast,12426,megawatthours
2026-01-09T01,DUK,Duke Energy Carolinas,NG,Net generation,13697,megawatthours
2026-01-09T01,DUK,Duke Energy Carolinas,TI,Total interchange,1204,megawatthours
2026-01-09T01,EPE,El Paso Electric Company,D,Demand,961,megawatthours
2026-01-09T01,EPE,El Paso Electric Company,DF,Day-ahead demand forecast,934,megawatthours
2026-01-09T01,EPE,El Paso Electric Company,NG,Net generation,589,megawatthours
2026-01-09T01,EPE,El Paso Electric Company,TI,Total interchange,-372,megawatthours
2026-01-09T01,ERCO,"Electric Reliability Council of Texas, Inc.",D,Demand,54583,megawatthours
2026-01-09T01,ERCO,"Electric Reliability Council of Texas, Inc.",DF,Day-ahead demand forecast,55185,megawatthours
2026-01-09T01,ERCO,"Electric Reliability Council of Texas, Inc.",NG,Net generation,54300,megawatthours
2026-01-09T01,ERCO,"Electric Reliability Council of Texas, Inc.",TI,Total interchange,-283,megawatthours
2026-01-09T01,FLA,Florida,D,Demand,30293,megawatthours
2026-01-09T01,FLA,Florida,DF,Day-ahead demand forecast,28620,megawatthours
2026-01-09T01,FLA,Florida,NG,Net generation,30109,megawatthours
2026-01-09T01,FLA,Florida,TI,Total interchange,-172,megawatthours
2026-01-09T01,FMPP,Florida Municipal Power Pool,D,Demand,2208,megawatthours
2026-01-09T01,FMPP,Florida Municipal Power Pool,DF,Day-ahead demand forecast,2143,megawatthours
2026-01-09T01,FMPP,Florida Municipal Power Pool,NG,Net generation,2319,megawatthours
2026-01-09T01,FMPP,Florida Municipal Power Pool,TI,Total interchange,111,megawatthours
2026-01-09T01,FPC,"Duke Energy Florida, Inc.",D,Demand,6487,megawatthours
2026-01-09T01,FPC,"Duke Energy Florida, Inc.",DF,Day-ahead demand forecast,5047,megawatthours
2026-01-09T01,FPC,"Duke Energy Florida, Inc.",NG,Net generation,4979,megawatthours
2026-01-09T01,FPC,"Duke Energy Florida, Inc.",TI,Total interchange,-1508,megawatthours
2026-01-09T01,FPL,Florida Power & Light Co.,D,Demand,16598,megawatthours
2026-01-09T01,FPL,Florida Power & Light Co.,DF,Day-ahead demand forecast,16544,megawatthours
2026-01-09T01,FPL,Florida Power & Light Co.,NG,Net generation,17543,megawatthours
2026-01-09T01,FPL,Florida Power & Light Co.,TI,Total interchange,945,megawatthours
2026-01-09T01,GCPD,"Public Utility District No. 2 of Grant County, Washington",D,Demand,755,megawatthours
2026-01-09T01,GCPD,"Public Utility District No. 2 of Grant County, Washington",DF,Day-ahead demand forecast,770,megawatthours
2026-01-09T01,GCPD,"Public Utility District No. 2 of Grant County, Washington",NG,Net generation,1689,megawatthours
2026-01-09T01,GCPD,"Public Utility District No. 2 of Grant County, Washington",TI,Total interchange,936,megawatthours
2026-01-09T01,GRID,"Gridforce Energy Management, LLC",NG,Net generation,2243,megawatthours
2026-01-09T01,GRID,"Gridforce Energy Management, LLC",TI,Total interchange,2243,megawatthours
2026-01-09T01,GVL,Gainesville Regional Utilities,D,Demand,238,megawatthours
2026-01-09T01,GVL,Gainesville Regional Utilities,DF,Day-ahead demand forecast,215,megawatthours
2026-01-09T01,GVL,Gainesville Regional Utilities,NG,Net generation,134,megawatthours
2026-01-09T01,GVL,Gainesville Regional Utilities,TI,Total interchange,-96,megawatthours
2026-01-09T01,GWA,"NaturEner Power Watch, LLC",NG,Net generation,315,megawatthours
2026-01-09T01,GWA,"NaturEner Power Watch, LLC",TI,Total interchange,315,megawatthours
2026-01-09T01,HST,City of Homestead,D,Demand,82,megawatthours
2026-01-09T01,HST,City of Homestead,DF,Day-ahead demand forecast,81,megawatthours
2026-01-09T01,HST,City of Homestead,NG,Net generation,0,megawatthours
2026-01-09T01,HST,City of Homestead,TI,Total interchange,-82,megawatthours
2026-01-09T01,IID,Imperial Irrigation District,D,Demand,333,megawatthours
2026-01-09T01,IID,Imperial Irrigation District,DF,Day-ahead demand forecast,339,megawatthours
2026-01-09T01,IID,Imperial Irrigation District,NG,Net generation,604,megawatthours
2026-01-09T01,IID,Imperial Irrigation District,TI,Total interchange,272,megawatthours
2026-01-09T01,IPCO,Idaho Power Company,D,Demand,2395,megawatthours
2026-01-09T01,IPCO,Idaho Power Company,DF,Day-ahead demand forecast,2318,megawatthours
2026-01-09T01,IPCO,Idaho Power Company,NG,Net generation,2008,megawatthours
2026-01-09T01,IPCO,Idaho Power Company,TI,Total interchange,-383,megawatthours
2026-01-09T01,ISNE,ISO New England,D,Demand,16334,megawatthours
2026-01-09T01,ISNE,ISO New England,DF,Day-ahead demand forecast,16260,megawatthours
2026-01-09T01,ISNE,ISO New England,NG,Net generation,14080,megawatthours
2026-01-09T01,ISNE,ISO New England,TI,Total interchange,-2254,megawatthours
2026-01-09T01,JEA,JEA,D,Demand,1514,megawatthours
2026-01-09T01,JEA,JEA,DF,Day-ahead demand forecast,1512,megawatthours
2026-01-09T01,JEA,JEA,NG,Net generation,813,megawatthours
2026-01-09T01,JEA,JEA,TI,Total interchange,-697,megawatthours
2026-01-09T01,LDWP,Los Angeles Department of Water and Power,D,Demand,2920,megawatthours
2026-01-09T01,LDWP,Los Angeles Department of Water and Power,DF,Day-ahead demand forecast,2705,megawatthours
2026-01-09T01,LDWP,Los Angeles Department of Water and Power,NG,Net generation,1815,megawatthours
2026-01-09T01,LDWP,Los Angeles Department of Water and Power,TI,Total interchange,-1105,megawatthours
2026-01-09T01,LGEE,LG&E and KU Services Company as agent for Louisville Gas and Electric Company and Kentucky Utilities Company,D,Demand,4162,megawatthours
2026-01-09T01,LGEE,LG&E and KU Services Company as agent for Louisville Gas and Electric Company and Kentucky Utilities Company,DF,Day-ahead demand forecast,3787,megawatthours
2026-01-09T01,LGEE,LG&E and KU Services Company as agent for Louisville Gas and Electric Company and Kentucky Utilities Company,NG,Net generation,3816,megawatthours
2026-01-09T01,MIDA,Mid-Atlantic,D,Demand,100702,megawatthours
2026-01-09T01,MIDA,Mid-Atlantic,DF,Day-ahead demand forecast,98153,megawatthours
2026-01-09T01,MIDA,Mid-Atlantic,NG,Net generation,103481,megawatthours
2026-01-09T01,MIDA,Mid-Atlantic,TI,Total interchange,1593,megawatthours
2026-01-09T01,MIDW,Midwest,D,Demand,83292,megawatthours
2026-01-09T01,MIDW,Midwest,DF,Day-ahead demand forecast,85948,megawatthours
2026-01-09T01,MIDW,Midwest,NG,Net generation,85473,megawatthours
2026-01-09T01,MIDW,Midwest,TI,Total interchange,-10,megawatthours
2026-01-09T01,MISO,"Midcontinent Independent System Operator, Inc.",D,Demand,76742,megawatthours
2026-01-09T01,MISO,"Midcontinent Independent System Operator, Inc.",DF,Day-ahead demand forecast,79860,megawatthours
2026-01-09T01,MISO,"Midcontinent Independent System Operator, Inc.",NG,Net generation,78786,megawatthours
2026-01-09T01,MISO,"Midcontinent Independent System Operator, Inc.",TI,Total interchange,-493,megawatthours
2026-01-09T01,NE,New England,D,Demand,16334,megawatthours
2026-01-09T01,NE,New England,DF,Day-ahead demand forecast,16260,megawatthours
2026-01-09T01,NE,New England,NG,Net generation,14080,megawatthours
2026-01-09T01,NE,New England,TI,Total interchange,-2254,megawatthours
2026-01-09T01,NEVP,Nevada Power Company,D,Demand,4608,megawatthours
2026-01-09T01,NEVP,Nevada Power Company,DF,Day-ahead demand forecast,4279,megawatthours
2026-01-09T01,NEVP,Nevada Power Company,NG,Net generation,4917,megawatthours
2026-01-09T01,NEVP,Nevada Power Company,TI,Total interchange,309,megawatthours
2026-01-09T01,NW,Northwest,D,Demand,50491,megawatthours
2026-01-09T01,NW,Northwest,DF,Day-ahead demand forecast,36536,megawatthours
2026-01-09T01,NW,Northwest,NG,Net generation,54980,megawatthours
2026-01-09T01,NW,Northwest,TI,Total interchange,4495,megawatthours
2026-01-09T01,NWMT,NorthWestern Corporation,D,Demand,1523,megawatthours
2026-01-09T01,NWMT,NorthWestern Corporation,DF,Day-ahead demand forecast,1587,megawatthours
2026-01-09T01,NWMT,NorthWestern Corporation,NG,Net generation,2418,megawatthours
2026-01-09T01,NWMT,NorthWestern Corporation,TI,Total interchange,895,megawatthours
2026-01-09T01,NY,New York,D,Demand,19601,megawatthours
2026-01-09T01,NY,New York,DF,Day-ahead demand forecast,19314,megawatthours
2026-01-09T01,NY,New York,NG,Net generation,17333,megawatthours
2026-01-09T01,NY,New York,TI,Total interchange,-2268,megawatthours
2026-01-09T01,NYIS,New York Independent System Operator,D,Demand,19601,megawatthours
2026-01-09T01,NYIS,New York Independent System Operator,DF,Day-ahead demand forecast,19314,megawatthours
2026-01-09T01,NYIS,New York Independent System Operator,NG,Net generation,17333,megawatthours
2026-01-09T01,NYIS,New York Independent System Operator,TI,Total interchange,-2268,megawatthours
2026-01-09T01,PACE,PacifiCorp East,D,Demand,7146,megawatthours
2026-01-09T01,PACE,PacifiCorp East,NG,Net generation,6707,megawatthours
2026-01-09T01,PACE,PacifiCorp East,TI,Total interchange,-439,megawatthours
2026-01-09T01,PACW,PacifiCorp West,D,Demand,2933,megawatthours
2026-01-09T01,PACW,PacifiCorp West,NG,Net generation,1024,megawatthours
2026-01-09T01,PACW,PacifiCorp West,TI,Total interchange,-1909,megawatthours
2026-01-09T01,PGE,Portland General Electric Company,D,Demand,3282,megawatthours
2026-01-09T01,PGE,Portland General Electric Company,DF,Day-ahead demand forecast,3303,megawatthours
2026-01-09T01,PGE,Portland General Electric Company,NG,Net generation,1068,megawatthours
2026-01-09T01,PGE,Portland General Electric Company,TI,Total interchange,-2214,megawatthours
2026-01-09T01,PJM,"PJM Interconnection, LLC",D,Demand,100702,megawatthours
2026-01-09T01,PJM,"PJM Interconnection, LLC",DF,Day-ahead demand forecast,98153,megawatthours
2026-01-09T01,PJM,"PJM Interconnection, LLC",NG,Net generation,103481,megawatthours
2026-01-09T01,PJM,"PJM Interconnection, LLC",TI,Total interchange,1593,megawatthours
2026-01-09T01,PNM,Public Service Company of New Mexico,D,Demand,1910,megawatthours
2026-01-09T01,PNM,Public Service Company of New Mexico,DF,Day-ahead demand forecast,1730,megawatthours
2026-01-09T01,PNM,Public Service Company of New Mexico,NG,Net generation,1756,megawatthours
2026-01-09T01,PNM,Public Service Company of New Mexico,TI,Total interchange,-125,megawatthours
2026-01-09T01,PSCO,Public Service Company of Colorado,D,Demand,6124,megawatthours
2026-01-09T01,PSCO,Public Service Company of Colorado,DF,Day-ahead demand forecast,5521,megawatthours
2026-01-09T01,PSCO,Public Service Company of Colorado,NG,Net generation,5302,megawatthours
2026-01-09T01,PSCO,Public Service Company of Colorado,TI,Total interchange,-822,megawatthours
2026-01-09T01,PSEI,"Puget Sound Energy, Inc.",D,Demand,3946,megawatthours
2026-01-09T01,PSEI,"Puget Sound Energy, Inc.",DF,Day-ahead demand forecast,1543,megawatthours
2026-01-09T01,PSEI,"Puget Sound Energy, Inc.",NG,Net generation,719,megawatthours
2026-01-09T01,PSEI,"Puget Sound Energy, Inc.",TI,Total interchange,-3227,megawatthours
2026-01-09T01,SC,South Carolina Public Service Authority,D,Demand,2937,megawatthours
2026-01-09T01,SC,South Carolina Public Service Authority,DF,Day-ahead demand forecast,2993,megawatthours
2026-01-09T01,SC,South Carolina Public Service Authority,NG,Net generation,1668,megawatthours
2026-01-09T01,SC,South Carolina Public Service Authority,TI,Total interchange,-1293,megawatthours
2026-01-09T01,SCL,Seattle City Light,D,Demand,1471,megawatthours
2026-01-09T01,SCL,Seattle City Light,DF,Day-ahead demand forecast,1403,megawatthours
2026-01-09T01,SCL,Seattle City Light,NG,Net generation,1171,megawatthours
2026-01-09T01,SCL,Seattle City Light,TI,Total interchange,-300,megawatthours
2026-01-09T01,SE,Southeast,D,Demand,26001,megawatthours
2026-01-09T01,SE,Southeast,DF,Day-ahead demand forecast,25621,megawatthours
2026-01-09T01,SE,Southeast,NG,Net generation,27454,megawatthours
2026-01-09T01,SE,Southeast,TI,Total interchange,1453,megawatthours
2026-01-09T01,SEC,Seminole Electric Cooperative,D,Demand,229,megawatthours
2026-01-09T01,SEC,Seminole Electric Cooperative,DF,Day-ahead demand forecast,209,megawatthours
2026-01-09T01,SEC,Seminole Electric Cooperative,NG,Net generation,1756,megawatthours
2026-01-09T01,SEC,Seminole Electric Cooperative,TI,Total interchange,1527,megawatthours
2026-01-09T01,SEPA,Southeastern Power Administration,NG,Net generation,311,megawatthours
2026-01-09T01,SEPA,Southeastern Power Administration,TI,Total interchange,311,megawatthours
2026-01-09T01,SIKE,Sikeston Board of Municipal Utilities,NG,Net generation,9,megawatthours
2026-01-09T01,SIKE,Sikeston Board of Municipal Utilities,TI,Total interchange,9,megawatthours
2026-01-09T01,SOCO,"Southern Company Services, Inc. - Trans",D,Demand,26001,megawatthours
2026-01-09T01,SOCO,"Southern Company Services, Inc. - Trans",DF,Day-ahead demand forecast,25621,megawatthours
2026-01-09T01,SOCO,"Southern Company Services, Inc. - Trans",NG,Net generation,27143,megawatthours
2026-01-09T01,SOCO,"Southern Company Services, Inc. - Trans",TI,Total interchange,1142,megawatthours
2026-01-09T01,SRP,Salt River Project Agricultural Improvement and Power District,D,Demand,3887,megawatthours
2026-01-09T01,SRP,Salt River Project Agricultural Improvement and Power District,DF,Day-ahead demand forecast,3766,megawatthours
2026-01-09T01,SRP,Salt River Project Agricultural Improvement and Power District,NG,Net generation,6682,megawatthours
2026-01-09T01,SRP,Salt River Project Agricultural Improvement and Power District,TI,Total interchange,2796,megawatthours
2026-01-09T01,SW,Southwest,D,Demand,13852,megawatthours
2026-01-09T01,SW,Southwest,DF,Day-ahead demand forecast,13335,megawatthours
2026-01-09T01,SW,Southwest,NG,Net generation,15694,megawatthours
2026-01-09T01,SW,Southwest,TI,Total interchange,1525,megawatthours
2026-01-09T01,SWPP,Southwest Power Pool,D,Demand,31226,megawatthours
2026-01-09T01,SWPP,Southwest Power Pool,DF,Day-ahead demand forecast,36781,megawatthours
2026-01-09T01,SWPP,Southwest Power Pool,NG,Net generation,31204,megawatthours
2026-01-09T01,SWPP,Southwest Power Pool,TI,Total interchange,-161,megawatthours
2026-01-09T01,TAL,City of Tallahassee,D,Demand,315,megawatthours
2026-01-09T01,TAL,City of Tallahassee,DF,Day-ahead demand forecast,307,megawatthours
2026-01-09T01,TAL,City of Tallahassee,NG,Net generation,416,megawatthours
2026-01-09T01,TAL,City of Tallahassee,TI,Total interchange,101,megawatthours
2026-01-09T01,TEC,Tampa Electric Company,D,Demand,2622,megawatthours
2026-01-09T01,TEC,Tampa Electric Company,DF,Day-ahead demand forecast,2562,megawatthours
2026-01-09T01,TEC,Tampa Electric Company,NG,Net generation,2149,megawatthours
2026-01-09T01,TEC,Tampa Electric Company,TI,Total interchange,-473,megawatthours
2026-01-09T01,TEN,Tennessee,D,Demand,18512,megawatthours
2026-01-09T01,TEN,Tennessee,DF,Day-ahead demand forecast,18115,megawatthours
2026-01-09T01,TEN,Tennessee,NG,Net generation,18364,megawatthours
2026-01-09T01,TEN,Tennessee,TI,Total interchange,-153,megawatthours
2026-01-09T01,TEPC,Tucson Electric Power,D,Demand,1727,megawatthours
2026-01-09T01,TEPC,Tucson Electric Power,DF,Day-ahead demand forecast,1699,megawatthours
2026-01-09T01,TEPC,Tucson Electric Power,NG,Net generation,1692,megawatthours
2026-01-09T01,TEPC,Tucson Electric Power,TI,Total interchange,-35,megawatthours
2026-01-09T01,TEX,Texas,D,Demand,54583,megawatthours
2026-01-09T01,TEX,Texas,DF,Day-ahead demand forecast,55185,megawatthours
2026-01-09T01,TEX,Texas,NG,Net generation,54300,megawatthours
2026-01-09T01,TEX,Texas,TI,Total interchange,-283,megawatthours
2026-01-09T01,TIDC,Turlock Irrigation District,D,Demand,313,megawatthours
2026-01-09T01,TIDC,Turlock Irrigation District,DF,Day-ahead demand forecast,309,megawatthours
2026-01-09T01,TIDC,Turlock Irrigation District,NG,Net generation,223,megawatthours
2026-01-09T01,TIDC,Turlock Irrigation District,TI,Total interchange,-87,megawatthours
2026-01-09T01,TPWR,"City of Tacoma, Department of Public Utilities, Light Division",D,Demand,723,megawatthours
2026-01-09T01,TPWR,"City of Tacoma, Department of Public Utilities, Light Division",DF,Day-ahead demand forecast,729,megawatthours
2026-01-09T01,TPWR,"City of Tacoma, Department of Public Utilities, Light Division",NG,Net generation,605,megawatthours
2026-01-09T01,TPWR,"City of Tacoma, Department of Public Utilities, Light Division",TI,Total interchange,-118,megawatthours
2026-01-09T01,TVA,Tennessee Valley Authority,D,Demand,18512,megawatthours
2026-01-09T01,TVA,Tennessee Valley Authority,DF,Day-ahead demand forecast,18115,megawatthours
2026-01-09T01,TVA,Tennessee Valley Authority,NG,Net generation,18364,megawatthours
2026-01-09T01,TVA,Tennessee Valley Authority,TI,Total interchange,-153,megawatthours
2026-01-09T01,US48,United States Lower 48,D,Demand,499172,megawatthours
2026-01-09T01,US48,United States Lower 48,DF,Day-ahead demand forecast,487362,megawatthours
2026-01-09T01,US48,United States Lower 48,NG,Net generation,495143,megawatthours
2026-01-09T01,US48,United States Lower 48,TI,Total interchange,-6208,megawatthours
2026-01-09T01,WACM,Western Area Power Administration - Rocky Mountain Region,D,Demand,4016,megawatthours
2026-01-09T01,WACM,Western Area Power Administration - Rocky Mountain Region,DF,Day-ahead demand forecast,3731,megawatthours
2026-01-09T01,WACM,Western Area Power Administration - Rocky Mountain Region,NG,Net generation,3764,megawatthours
2026-01-09T01,WACM,Western Area Power Administration - Rocky Mountain Region,TI,Total interchange,-252,megawatthours
2026-01-09T01,WALC,Western Area Power Administration - Desert Southwest Region,D,Demand,883,megawatthours
2026-01-09T01,WALC,Western Area Power Administration - Desert Southwest Region,DF,Day-ahead demand forecast,895,megawatthours
2026-01-09T01,WALC,Western Area Power Administration - Desert Southwest Region,NG,Net generation,1230,megawatthours
2026-01-09T01,WAUW,Western Area Power Administration - Upper Great Plains West,D,Demand,111,megawatthours
2026-01-09T01,WAUW,Western Area Power Administration - Upper Great Plains West,DF,Day-ahead demand forecast,109,megawatthours
2026-01-09T01,WAUW,Western Area Power Administration - Upper Great Plains West,NG,Net generation,41,megawatthours
2026-01-09T01,WAUW,Western Area Power Administration - Upper Great Plains West,TI,Total interchange,-70,megawatthours
2026-01-09T01,YAD,"Alcoa Power Generating, Inc. - Yadkin Division",NG,Net generation,0,megawatthours
2026-01-09T01,YAD,"Alcoa Power Generating, Inc. - Yadkin Division",TI,Total interchange,-2,megawatthours
2026-01-09T00,AECI,"Associated Electric Cooperative, Inc.",D,Demand,2278,megawatthours
2026-01-09T00,AECI,"Associated Electric Cooperative, Inc.",DF,Day-ahead demand forecast,2254,megawatthours
2026-01-09T00,AECI,"Associated Electric Cooperative, Inc.",NG,Net generation,2779,megawatthours
2026-01-09T00,AECI,"Associated Electric Cooperative, Inc.",TI,Total interchange,501,megawatthours
2026-01-09T00,AVA,Avista Corporation,D,Demand,1743,megawatthours
2026-01-09T00,AVA,Avista Corporation,DF,Day-ahead demand forecast,1763,megawatthours
2026-01-09T00,AVA,Avista Corporation,NG,Net generation,1190,megawatthours
2026-01-09T00,AVA,Avista Corporation,TI,Total interchange,-553,megawatthours
2026-01-09T00,AVRN,"Avangrid Renewables, LLC",NG,Net generation,1448,megawatthours
2026-01-09T00,AVRN,"Avangrid Renewables, LLC",TI,Total interchange,1448,megawatthours
2026-01-09T00,AZPS,Arizona Public Service Company,D,Demand,3727,megawatthours
2026-01-09T00,AZPS,Arizona Public Service Company,DF,Day-ahead demand forecast,4209,megawatthours
2026-01-09T00,AZPS,Arizona Public Service Company,NG,Net generation,3050,megawatthours
2026-01-09T00,AZPS,Arizona Public Service Company,TI,Total interchange,-677,megawatthours
2026-01-09T00,BANC,Balancing Authority of Northern California,D,Demand,1969,megawatthours
2026-01-09T00,BANC,Balancing Authority of Northern California,DF,Day-ahead demand forecast,2063,megawatthours
2026-01-09T00,BANC,Balancing Authority of Northern California,NG,Net generation,1404,megawatthours
2026-01-09T00,BANC,Balancing Authority of Northern California,TI,Total interchange,-565,megawatthours
2026-01-09T00,BPAT,Bonneville Power Administration,D,Demand,8711,megawatthours
2026-01-09T00,BPAT,Bonneville Power Administration,DF,Day-ahead demand forecast,8441,megawatthours
2026-01-09T00,BPAT,Bonneville Power Administration,NG,Net generation,15620,megawatthours
2026-01-09T00,BPAT,Bonneville Power Administration,TI,Total interchange,6909,megawatthours
2026-01-09T00,CAL,California,D,Demand,31519,megawatthours
2026-01-09T00,CAL,California,DF,Day-ahead demand forecast,27884,megawatthours
2026-01-09T00,CAL,California,NG,Net generation,20628,megawatthours
2026-01-09T00,CAL,California,TI,Total interchange,-5225,megawatthours
2026-01-09T00,CAR,Carolinas,D,Demand,23145,megawatthours
2026-01-09T00,CAR,Carolinas,DF,Day-ahead demand forecast,22849,megawatthours
2026-01-09T00,CAR,Carolinas,NG,Net generation,22615,megawatthours
2026-01-09T00,CAR,Carolinas,TI,Total interchange,-553,megawatthours
2026-01-09T00,CENT,Central,D,Demand,31254,megawatthours
2026-01-09T00,CENT,Central,DF,Day-ahead demand forecast,36450,megawatthours
2026-01-09T00,CENT,Central,NG,Net generation,31204,megawatthours
2026-01-09T00,CENT,Central,TI,Total interchange,-161,megawatthours
2026-01-09T00,CHPD,Public Utility District No. 1 of Chelan County,D,Demand,281,megawatthours
2026-01-09T00,CHPD,Public Utility District No. 1 of Chelan County,DF,Day-ahead demand forecast,317,megawatthours
2026-01-09T00,CHPD,Public Utility District No. 1 of Chelan County,NG,Net generation,1455,megawatthours
2026-01-09T00,CHPD,Public Utility District No. 1 of Chelan County,TI,Total interchange,1174,megawatthours
2026-01-09T00,CISO,California Independent System Operator,D,Demand,26221,megawatthours
2026-01-09T00,CISO,California Independent System Operator,DF,Day-ahead demand forecast,22613,megawatthours
2026-01-09T00,CISO,California Independent System Operator,NG,Net generation,16335,megawatthours
2026-01-09T00,CISO,California Independent System Operator,TI,Total interchange,-4251,megawatthours
2026-01-09T00,CPLE,Duke Energy Progress East,D,Demand,7067,megawatthours
2026-01-09T00,CPLE,Duke Energy Progress East,DF,Day-ahead demand forecast,6810,megawatthours
2026-01-09T00,CPLE,Duke Energy Progress East,NG,Net generation,6528,megawatthours
2026-01-09T00,CPLE,Duke Energy Progress East,TI,Total interchange,-539,megawatthours
2026-01-09T00,CPLW,Duke Energy Progress West,D,Demand,598,megawatthours
2026-01-09T00,CPLW,Duke Energy Progress West,DF,Day-ahead demand forecast,659,megawatthours
2026-01-09T00,CPLW,Duke Energy Progress West,NG,Net generation,527,megawatthours
2026-01-09T00,CPLW,Duke Energy Progress West,TI,Total interchange,-71,megawatthours
2026-01-09T00,DEAA,"Arlington Valley, LLC",NG,Net generation,403,megawatthours
2026-01-09T00,DEAA,"Arlington Valley, LLC",TI,Total interchange,403,megawatthours
2026-01-09T00,DOPD,PUD No. 1 of Douglas County,D,Demand,327,megawatthours
2026-01-09T00,DOPD,PUD No. 1 of Douglas County,DF,Day-ahead demand forecast,370,megawatthours
2026-01-09T00,DOPD,PUD No. 1 of Douglas County,NG,Net generation,694,megawatthours
2026-01-09T00,DOPD,PUD No. 1 of Douglas County,TI,Total interchange,367,megawatthours
2026-01-09T00,DUK,Duke Energy Carolinas,D,Demand,12556,megawatthours
2026-01-09T00,DUK,Duke Energy Carolinas,DF,Day-ahead demand forecast,12407,megawatthours
2026-01-09T00,DUK,Duke Energy Carolinas,NG,Net generation,13907,megawatthours
2026-01-09T00,DUK,Duke Energy Carolinas,TI,Total interchange,1351,megawatthours
2026-01-09T00,EPE,El Paso Electric Company,D,Demand,904,megawatthours
2026-01-09T00,EPE,El Paso Electric Company,DF,Day-ahead demand forecast,872,megawatthours
2026-01-09T00,EPE,El Paso Electric Company,NG,Net generation,563,megawatthours
2026-01-09T00,EPE,El Paso Electric Company,TI,Total interchange,-342,megawatthours
2026-01-09T00,ERCO,"Electric Reliability Council of Texas, Inc.",D,Demand,53855,megawatthours
2026-01-09T00,ERCO,"Electric Reliability Council of Texas, Inc.",DF,Day-ahead demand forecast,54642,megawatthours
2026-01-09T00,ERCO,"Electric Reliability Council of Texas, Inc.",NG,Net generation,53585,megawatthours
2026-01-09T00,ERCO,"Electric Reliability Council of Texas, Inc.",TI,Total interchange,-270,megawatthours
2026-01-09T00,FLA,Florida,D,Demand,30795,megawatthours
2026-01-09T00,FLA,Florida,DF,Day-ahead demand forecast,29736,megawatthours
2026-01-09T00,FLA,Florida,NG,Net generation,30503,megawatthours
2026-01-09T00,FLA,Florida,TI,Total interchange,-280,megawatthours
2026-01-09T00,FMPP,Florida Municipal Power Pool,D,Demand,2260,megawatthours
2026-01-09T00,FMPP,Florida Municipal Power Pool,DF,Day-ahead demand forecast,2265,megawatthours
2026-01-09T00,FMPP,Florida Municipal Power Pool,NG,Net generation,2372,megawatthours
2026-01-09T00,FMPP,Florida Municipal Power Pool,TI,Total interchange,112,megawatthours
2026-01-09T00,FPC,"Duke Energy Florida, Inc.",D,Demand,6734,megawatthours
2026-01-09T00,FPC,"Duke Energy Florida, Inc.",DF,Day-ahead demand forecast,5194,megawatthours
2026-01-09T00,FPC,"Duke Energy Florida, Inc.",NG,Net generation,5159,megawatthours
2026-01-09T00,FPC,"Duke Energy Florida, Inc.",TI,Total interchange,-1575,megawatthours
2026-01-09T00,FPL,Florida Power & Light Co.,D,Demand,16690,megawatthours
2026-01-09T00,FPL,Florida Power & Light Co.,DF,Day-ahead demand forecast,17235,megawatthours
2026-01-09T00,FPL,Florida Power & Light Co.,NG,Net generation,17608,megawatthours
2026-01-09T00,FPL,Florida Power & Light Co.,TI,Total interchange,918,megawatthours
2026-01-09T00,GCPD,"Public Utility District No. 2 of Grant County, Washington",D,Demand,737,megawatthours
2026-01-09T00,GCPD,"Public Utility District No. 2 of Grant County, Washington",DF,Day-ahead demand forecast,756,megawatthours
2026-01-09T00,GCPD,"Public Utility District No. 2 of Grant County, Washington",NG,Net generation,1518,megawatthours
2026-01-09T00,GCPD,"Public Utility District No. 2 of Grant County, Washington",TI,Total interchange,786,megawatthours
2026-01-09T00,GRID,"Gridforce Energy Management, LLC",NG,Net generation,2245,megawatthours
2026-01-09T00,GRID,"Gridforce Energy Management, LLC",TI,Total interchange,2245,megawatthours
2026-01-09T00,GVL,Gainesville Regional Utilities,D,Demand,243,megawatthours
2026-01-09T00,GVL,Gainesville Regional Utilities,DF,Day-ahead demand forecast,218,megawatthours
2026-01-09T00,GVL,Gainesville Regional Utilities,NG,Net generation,136,megawatthours
2026-01-09T00,GVL,Gainesville Regional Utilities,TI,Total interchange,-98,megawatthours
2026-01-09T00,GWA,"NaturEner Power Watch, LLC",NG,Net generation,328,megawatthours
2026-01-09T00,GWA,"NaturEner Power Watch, LLC",TI,Total interchange,328,megawatthours
2026-01-09T00,HST,City of Homestead,D,Demand,83,megawatthours
2026-01-09T00,HST,City of Homestead,DF,Day-ahead demand forecast,82,megawatthours
2026-01-09T00,HST,City of Homestead,NG,Net generation,0,megawatthours
2026-01-09T00,HST,City of Homestead,TI,Total interchange,-83,megawatthours
2026-01-09T00,IID,Imperial Irrigation District,D,Demand,309,megawatthours
2026-01-09T00,IID,Imperial Irrigation District,DF,Day-ahead demand forecast,324,megawatthours
2026-01-09T00,IID,Imperial Irrigation District,NG,Net generation,644,megawatthours
2026-01-09T00,IID,Imperial Irrigation District,TI,Total interchange,363,megawatthours
2026-01-09T00,IPCO,Idaho Power Company,D,Demand,2235,megawatthours
2026-01-09T00,IPCO,Idaho Power Company,DF,Day-ahead demand forecast,2254,megawatthours
2026-01-09T00,IPCO,Idaho Power Company,NG,Net generation,1714,megawatthours
2026-01-09T00,IPCO,Idaho Power Company,TI,Total interchange,-517,megawatthours
2026-01-09T00,ISNE,ISO New England,D,Demand,16644,megawatthours
2026-01-09T00,ISNE,ISO New England,DF,Day-ahead demand forecast,16570,megawatthours
2026-01-09T00,ISNE,ISO New England,NG,Net generation,14658,megawatthours
2026-01-09T00,ISNE,ISO New England,TI,Total interchange,-1986,megawatthours
2026-01-09T00,JEA,JEA,D,Demand,1540,megawatthours
2026-01-09T00,JEA,JEA,DF,Day-ahead demand forecast,1540,megawatthours
2026-01-09T00,JEA,JEA,NG,Net generation,847,megawatthours
2026-01-09T00,JEA,JEA,TI,Total interchange,-689,megawatthours
2026-01-09T00,LDWP,Los Angeles Department of Water and Power,D,Demand,2724,megawatthours
2026-01-09T00,LDWP,Los Angeles Department of Water and Power,DF,Day-ahead demand forecast,2585,megawatthours
2026-01-09T00,LDWP,Los Angeles Department of Water and Power,NG,Net generation,2063,megawatthours
2026-01-09T00,LDWP,Los Angeles Department of Water and Power,TI,Total interchange,-661,megawatthours
2026-01-09T00,LGEE,LG&E and KU Services Company as agent for Louisville Gas and Electric Company and Kentucky Utilities Company,D,Demand,923,megawatthours
2026-01-09T00,LGEE,LG&E and KU Services Company as agent for Louisville Gas and Electric Company and Kentucky Utilities Company,DF,Day-ahead demand forecast,3830,megawatthours
2026-01-09T00,LGEE,LG&E and KU Services Company as agent for Louisville Gas and Electric Company and Kentucky Utilities Company,NG,Net generation,3765,megawatthours
2026-01-09T00,MIDA,Mid-Atlantic,D,Demand,101238,megawatthours
2026-01-09T00,MIDA,Mid-Atlantic,DF,Day-ahead demand forecast,99711,megawatthours
2026-01-09T00,MIDA,Mid-Atlantic,NG,Net generation,104538,megawatthours
2026-01-09T00,MIDA,Mid-Atlantic,TI,Total interchange,1749,megawatthours
2026-01-09T00,MIDW,Midwest,D,Demand,80393,megawatthours
2026-01-09T00,MIDW,Midwest,DF,Day-ahead demand forecast,86495,megawatthours
2026-01-09T00,MIDW,Midwest,NG,Net generation,85465,megawatthours
2026-01-09T00,MIDW,Midwest,TI,Total interchange,-394,megawatthours
2026-01-09T00,MISO,"Midcontinent Independent System Operator, Inc.",D,Demand,77192,megawatthours
2026-01-09T00,MISO,"Midcontinent Independent System Operator, Inc.",DF,Day-ahead demand forecast,80411,megawatthours
2026-01-09T00,MISO,"Midcontinent Independent System Operator, Inc.",NG,Net generation,78912,megawatthours
2026-01-09T00,MISO,"Midcontinent Independent System Operator, Inc.",TI,Total interchange,-904,megawatthours
2026-01-09T00,NE,New England,D,Demand,16644,megawatthours
2026-01-09T00,NE,New England,DF,Day-ahead demand forecast,16570,megawatthours
2026-01-09T00,NE,New England,NG,Net generation,14658,megawatthours
2026-01-09T00,NE,New England,TI,Total interchange,-1986,megawatthours
2026-01-09T00,NEVP,Nevada Power Company,D,Demand,4363,megawatthours
2026-01-09T00,NEVP,Nevada Power Company,DF,Day-ahead demand forecast,4051,megawatthours
2026-01-09T00,NEVP,Nevada Power Company,NG,Net generation,4352,megawatthours
2026-01-09T00,NEVP,Nevada Power Company,TI,Total interchange,-11,megawatthours
2026-01-09T00,NW,Northwest,D,Demand,48595,megawatthours
2026-01-09T00,NW,Northwest,DF,Day-ahead demand forecast,35109,megawatthours
2026-01-09T00,NW,Northwest,NG,Net generation,51805,megawatthours
2026-01-09T00,NW,Northwest,TI,Total interchange,3219,megawatthours
2026-01-09T00,NWMT,NorthWestern Corporation,D,Demand,1396,megawatthours
2026-01-09T00,NWMT,NorthWestern Corporation,DF,Day-ahead demand forecast,1520,megawatthours
2026-01-09T00,NWMT,NorthWestern Corporation,NG,Net generation,2057,megawatthours
2026-01-09T00,NWMT,NorthWestern Corporation,TI,Total interchange,661,megawatthours
2026-01-09T00,NY,New York,D,Demand,19842,megawatthours
2026-01-09T00,NY,New York,DF,Day-ahead demand forecast,19644,megawatthours
2026-01-09T00,NY,New York,NG,Net generation,17741,megawatthours
2026-01-09T00,NY,New York,TI,Total interchange,-2101,megawatthours
2026-01-09T00,NYIS,New York Independent System Operator,D,Demand,19842,megawatthours
2026-01-09T00,NYIS,New York Independent System Operator,DF,Day-ahead demand forecast,19644,megawatthours
2026-01-09T00,NYIS,New York Independent System Operator,NG,Net generation,17741,megawatthours
2026-01-09T00,NYIS,New York Independent System Operator,TI,Total interchange,-2101,megawatthours
2026-01-09T00,PACE,PacifiCorp East,D,Demand,6798,megawatthours
2026-01-09T00,PACE,PacifiCorp East,NG,Net generation,6497,megawatthours
2026-01-09T00,PACE,PacifiCorp East,TI,Total interchange,-301,megawatthours
2026-01-09T00,PACW,PacifiCorp West,D,Demand,2810,megawatthours
2026-01-09T00,PACW,PacifiCorp West,NG,Net generation,969,megawatthours
2026-01-09T00,PACW,PacifiCorp West,TI,Total interchange,-1841,megawatthours
2026-01-09T00,PGE,Portland General Electric Company,D,Demand,3171,megawatthours
2026-01-09T00,PGE,Portland General Electric Company,DF,Day-ahead demand forecast,3223,megawatthours
2026-01-09T00,PGE,Portland General Electric Company,NG,Net generation,729,megawatthours
2026-01-09T00,PGE,Portland General Electric Company,TI,Total interchange,-2442,megawatthours
2026-01-09T00,PJM,"PJM Interconnection, LLC",D,Demand,101238,megawatthours
2026-01-09T00,PJM,"PJM Interconnection, LLC",DF,Day-ahead demand forecast,99711,megawatthours
2026-01-09T00,PJM,"PJM Interconnection, LLC",NG,Net generation,104538,megawatthours
2026-01-09T00,PJM,"PJM Interconnection, LLC",TI,Total interchange,1749,megawatthours
2026-01-09T00,PNM,Public Service Company of New Mexico,D,Demand,1799,megawatthours
2026-01-09T00,PNM,Public Service Company of New Mexico,DF,Day-ahead demand forecast,1592,megawatthours
2026-01-09T00,PNM,Public Service Company of New Mexico,NG,Net generation,1506,megawatthours
2026-01-09T00,PNM,Public Service Company of New Mexico,TI,Total interchange,-291,megawatthours
2026-01-09T00,PSCO,Public Service Company of Colorado,D,Demand,6104,megawatthours
2026-01-09T00,PSCO,Public Service Company of Colorado,DF,Day-ahead demand forecast,5300,megawatthours
2026-01-09T00,PSCO,Public Service Company of Colorado,NG,Net generation,5391,megawatthours
2026-01-09T00,PSCO,Public Service Company of Colorado,TI,Total interchange,-713,megawatthours
2026-01-09T00,PSEI,"Puget Sound Energy, Inc.",D,Demand,3807,megawatthours
2026-01-09T00,PSEI,"Puget Sound Energy, Inc.",DF,Day-ahead demand forecast,1372,megawatthours
2026-01-09T00,PSEI,"Puget Sound Energy, Inc.",NG,Net generation,627,megawatthours
2026-01-09T00,PSEI,"Puget Sound Energy, Inc.",TI,Total interchange,-3180,megawatthours
2026-01-09T00,SC,South Carolina Public Service Authority,D,Demand,2924,megawatthours
2026-01-09T00,SC,South Carolina Public Service Authority,DF,Day-ahead demand forecast,2973,megawatthours
2026-01-09T00,SC,South Carolina Public Service Authority,NG,Net generation,1653,megawatthours
2026-01-09T00,SC,South Carolina Public Service Authority,TI,Total interchange,-1294,megawatthours
2026-01-09T00,SCL,Seattle City Light,D,Demand,1426,megawatthours
2026-01-09T00,SCL,Seattle City Light,DF,Day-ahead demand forecast,1354,megawatthours
2026-01-09T00,SCL,Seattle City Light,NG,Net generation,722,megawatthours
2026-01-09T00,SCL,Seattle City Light,TI,Total interchange,-704,megawatthours
2026-01-09T00,SE,Southeast,D,Demand,26003,megawatthours
2026-01-09T00,SE,Southeast,DF,Day-ahead demand forecast,26217,megawatthours
2026-01-09T00,SE,Southeast,NG,Net generation,27394,megawatthours
2026-01-09T00,SE,Southeast,TI,Total interchange,1391,megawatthours
2026-01-09T00,SEC,Seminole Electric Cooperative,D,Demand,255,megawatthours
2026-01-09T00,SEC,Seminole Electric Cooperative,DF,Day-ahead demand forecast,215,megawatthours
2026-01-09T00,SEC,Seminole Electric Cooperative,NG,Net generation,1799,megawatthours
2026-01-09T00,SEC,Seminole Electric Cooperative,TI,Total interchange,1544,megawatthours
2026-01-09T00,SEPA,Southeastern Power Administration,NG,Net generation,213,megawatthours
2026-01-09T00,SEPA,Southeastern Power Administration,TI,Total interchange,213,megawatthours
2026-01-09T00,SIKE,Sikeston Board of Municipal Utilities,NG,Net generation,9,megawatthours
2026-01-09T00,SIKE,Sikeston Board of Municipal Utilities,TI,Total interchange,9,megawatthours
2026-01-09T00,SOCO,"Southern Company Services, Inc. - Trans",D,Demand,26003,megawatthours
2026-01-09T00,SOCO,"Southern Company Services, Inc. - Trans",DF,Day-ahead demand forecast,26217,megawatthours
2026-01-09T00,SOCO,"Southern Company Services, Inc. - Trans",NG,Net generation,27181,megawatthours
2026-01-09T00,SOCO,"Southern Company Services, Inc. - Trans",TI,Total interchange,1178,megawatthours
2026-01-09T00,SPA,Southwestern Power Administration,D,Demand,28,megawatthours
2026-01-09T00,SRP,Salt River Project Agricultural Improvement and Power District,D,Demand,3755,megawatthours
2026-01-09T00,SRP,Salt River Project Agricultural Improvement and Power District,DF,Day-ahead demand forecast,3561,megawatthours
2026-01-09T00,SRP,Salt River Project Agricultural Improvement and Power District,NG,Net generation,6054,megawatthours
2026-01-09T00,SRP,Salt River Project Agricultural Improvement and Power District,TI,Total interchange,2348,megawatthours
2026-01-09T00,SW,Southwest,D,Demand,12588,megawatthours
2026-01-09T00,SW,Southwest,DF,Day-ahead demand forecast,12587,megawatthours
2026-01-09T00,SW,Southwest,NG,Net generation,13805,megawatthours
2026-01-09T00,SW,Southwest,TI,Total interchange,1114,megawatthours
2026-01-09T00,SWPP,Southwest Power Pool,D,Demand,31226,megawatthours
2026-01-09T00,SWPP,Southwest Power Pool,DF,Day-ahead demand forecast,36450,megawatthours
2026-01-09T00,SWPP,Southwest Power Pool,NG,Net generation,31204,megawatthours
2026-01-09T00,SWPP,Southwest Power Pool,TI,Total interchange,-161,megawatthours
2026-01-09T00,TAL,City of Tallahassee,D,Demand,316,megawatthours
2026-01-09T00,TAL,City of Tallahassee,DF,Day-ahead demand forecast,309,megawatthours
2026-01-09T00,TAL,City of Tallahassee,NG,Net generation,415,megawatthours
2026-01-09T00,TAL,City of Tallahassee,TI,Total interchange,99,megawatthours
2026-01-09T00,TEC,Tampa Electric Company,D,Demand,2674,megawatthours
2026-01-09T00,TEC,Tampa Electric Company,DF,Day-ahead demand forecast,2678,megawatthours
2026-01-09T00,TEC,Tampa Electric Company,NG,Net generation,2167,megawatthours
2026-01-09T00,TEC,Tampa Electric Company,TI,Total interchange,-508,megawatthours
2026-01-09T00,TEN,Tennessee,D,Demand,18409,megawatthours
2026-01-09T00,TEN,Tennessee,DF,Day-ahead demand forecast,18127,megawatthours
2026-01-09T00,TEN,Tennessee,NG,Net generation,18288,megawatthours
2026-01-09T00,TEN,Tennessee,TI,Total interchange,-126,megawatthours
2026-01-09T00,TEPC,Tucson Electric Power,D,Demand,1621,megawatthours
2026-01-09T00,TEPC,Tucson Electric Power,DF,Day-ahead demand forecast,1571,megawatthours
2026-01-09T00,TEPC,Tucson Electric Power,NG,Net generation,1294,megawatthours
2026-01-09T00,TEPC,Tucson Electric Power,TI,Total interchange,-327,megawatthours
2026-01-09T00,TEX,Texas,D,Demand,53855,megawatthours
2026-01-09T00,TEX,Texas,DF,Day-ahead demand forecast,54642,megawatthours
2026-01-09T00,TEX,Texas,NG,Net generation,53585,megawatthours
2026-01-09T00,TEX,Texas,TI,Total interchange,-270,megawatthours
2026-01-09T00,TIDC,Turlock Irrigation District,D,Demand,296,megawatthours
2026-01-09T00,TIDC,Turlock Irrigation District,DF,Day-ahead demand forecast,299,megawatthours
2026-01-09T00,TIDC,Turlock Irrigation District,NG,Net generation,182,megawatthours
2026-01-09T00,TIDC,Turlock Irrigation District,TI,Total interchange,-111,megawatthours
2026-01-09T00,TPWR,"City of Tacoma, Department of Public Utilities, Light Division",D,Demand,687,megawatthours
2026-01-09T00,TPWR,"City of Tacoma, Department of Public Utilities, Light Division",DF,Day-ahead demand forecast,702,megawatthours
2026-01-09T00,TPWR,"City of Tacoma, Department of Public Utilities, Light Division",NG,Net generation,530,megawatthours
2026-01-09T00,TPWR,"City of Tacoma, Department of Public Utilities, Light Division",TI,Total interchange,-157,megawatthours
2026-01-09T00,TVA,Tennessee Valley Authority,D,Demand,18409,megawatthours
2026-01-09T00,TVA,Tennessee Valley Authority,DF,Day-ahead demand forecast,18127,megawatthours
2026-01-09T00,TVA,Tennessee Valley Authority,NG,Net generation,18288,megawatthours
2026-01-09T00,TVA,Tennessee Valley Authority,TI,Total interchange,-126,megawatthours
2026-01-09T00,US48,United States Lower 48,D,Demand,494280,megawatthours
2026-01-09T00,US48,United States Lower 48,DF,Day-ahead demand forecast,486021,megawatthours
2026-01-09T00,US48,United States Lower 48,NG,Net generation,492229,megawatthours
2026-01-09T00,US48,United States Lower 48,TI,Total interchange,-3623,megawatthours
2026-01-09T00,WACM,Western Area Power Administration - Rocky Mountain Region,D,Demand,3891,megawatthours
2026-01-09T00,WACM,Western Area Power Administration - Rocky Mountain Region,DF,Day-ahead demand forecast,3582,megawatthours
2026-01-09T00,WACM,Western Area Power Administration - Rocky Mountain Region,NG,Net generation,3677,megawatthours
2026-01-09T00,WACM,Western Area Power Administration - Rocky Mountain Region,TI,Total interchange,-214,megawatthours
2026-01-09T00,WALC,Western Area Power Administration - Desert Southwest Region,D,Demand,782,megawatthours
2026-01-09T00,WALC,Western Area Power Administration - Desert Southwest Region,DF,Day-ahead demand forecast,782,megawatthours
2026-01-09T00,WALC,Western Area Power Administration - Desert Southwest Region,NG,Net generation,935,megawatthours
2026-01-09T00,WAUW,Western Area Power Administration - Upper Great Plains West,D,Demand,108,megawatthours
2026-01-09T00,WAUW,Western Area Power Administration - Upper Great Plains West,DF,Day-ahead demand forecast,104,megawatthours
2026-01-09T00,WAUW,Western Area Power Administration - Upper Great Plains West,NG,Net generation,42,megawatthours
2026-01-09T00,WAUW,Western Area Power Administration - Upper Great Plains West,TI,Total interchange,-66,megawatthours
2026-01-09T00,YAD,"Alcoa Power Generating, Inc. - Yadkin Division",NG,Net generation,0,megawatthours
2026-01-09T00,YAD,"Alcoa Power Generating, Inc. - Yadkin Division",TI,Total interchange,0,megawatthours
2026-01-08T23,AECI,"Associated Electric Cooperative, Inc.",D,Demand,2132,megawatthours
2026-01-08T23,AECI,"Associated Electric Cooperative, Inc.",DF,Day-ahead demand forecast,2092,megawatthours
2026-01-08T23,AECI,"Associated Electric Cooperative, Inc.",NG,Net generation,2624,megawatthours
2026-01-08T23,AECI,"Associated Electric Cooperative, Inc.",TI,Total interchange,492,megawatthours
2026-01-08T23,AVA,Avista Corporation,D,Demand,1725,megawatthours
2026-01-08T23,AVA,Avista Corporation,DF,Day-ahead demand forecast,1753,megawatthours
2026-01-08T23,AVA,Avista Corporation,NG,Net generation,1117,megawatthours
2026-01-08T23,AVA,Avista Corporation,TI,Total interchange,-608,megawatthours
2026-01-08T23,AVRN,"Avangrid Renewables, LLC",NG,Net generation,1579,megawatthours
2026-01-08T23,AVRN,"Avangrid Renewables, LLC",TI,Total interchange,1579,megawatthours
2026-01-08T23,AZPS,Arizona Public Service Company,D,Demand,3429,megawatthours
2026-01-08T23,AZPS,Arizona Public Service Company,DF,Day-ahead demand forecast,3847,megawatthours
2026-01-08T23,AZPS,Arizona Public Service Company,NG,Net generation,2227,megawatthours
2026-01-08T23,AZPS,Arizona Public Service Company,TI,Total interchange,-1202,megawatthours
2026-01-08T23,BANC,Balancing Authority of Northern California,D,Demand,1897,megawatthours
2026-01-08T23,BANC,Balancing Authority of Northern California,DF,Day-ahead demand forecast,2002,megawatthours
2026-01-08T23,BANC,Balancing Authority of Northern California,NG,Net generation,1510,megawatthours
2026-01-08T23,BANC,Balancing Authority of Northern California,TI,Total interchange,-387,megawatthours
2026-01-08T23,BPAT,Bonneville Power Administration,D,Demand,8621,megawatthours
2026-01-08T23,BPAT,Bonneville Power Administration,DF,Day-ahead demand forecast,8375,megawatthours
2026-01-08T23,BPAT,Bonneville Power Administration,NG,Net generation,14961,megawatthours
2026-01-08T23,BPAT,Bonneville Power Administration,TI,Total interchange,6340,megawatthours
2026-01-08T23,CAL,California,D,Demand,32794,megawatthours
2026-01-08T23,CAL,California,DF,Day-ahead demand forecast,26024,megawatthours
2026-01-08T23,CAL,California,NG,Net generation,20601,megawatthours
2026-01-08T23,CAL,California,TI,Total interchange,-3083,megawatthours
2026-01-08T23,CAR,Carolinas,D,Demand,22315,megawatthours
2026-01-08T23,CAR,Carolinas,DF,Day-ahead demand forecast,22010,megawatthours
2026-01-08T23,CAR,Carolinas,NG,Net generation,21789,megawatthours
2026-01-08T23,CAR,Carolinas,TI,Total interchange,-550,megawatthours
2026-01-08T23,CENT,Central,D,Demand,31253,megawatthours
2026-01-08T23,CENT,Central,DF,Day-ahead demand forecast,35441,megawatthours
2026-01-08T23,CENT,Central,NG,Net generation,31204,megawatthours
2026-01-08T23,CENT,Central,TI,Total interchange,-161,megawatthours
2026-01-08T23,CHPD,Public Utility District No. 1 of Chelan County,D,Demand,274,megawatthours
2026-01-08T23,CHPD,Public Utility District No. 1 of Chelan County,DF,Day-ahead demand forecast,311,megawatthours
2026-01-08T23,CHPD,Public Utility District No. 1 of Chelan County,NG,Net generation,1414,megawatthours
2026-01-08T23,CHPD,Public Utility District No. 1 of Chelan County,TI,Total interchange,1140,megawatthours
2026-01-08T23,CISO,California Independent System Operator,D,Demand,27582,megawatthours
2026-01-08T23,CISO,California Independent System Operator,DF,Day-ahead demand forecast,20914,megawatthours
2026-01-08T23,CISO,California Independent System Operator,NG,Net generation,16127,megawatthours
2026-01-08T23,CISO,California Independent System Operator,TI,Total interchange,-2362,megawatthours
2026-01-08T23,CPLE,Duke Energy Progress East,D,Demand,6768,megawatthours
2026-01-08T23,CPLE,Duke Energy Progress East,DF,Day-ahead demand forecast,6526,megawatthours
2026-01-08T23,CPLE,Duke Energy Progress East,NG,Net generation,6433,megawatthours
2026-01-08T23,CPLE,Duke Energy Progress East,TI,Total interchange,-335,megawatthours
2026-01-08T23,CPLW,Duke Energy Progress West,D,Demand,573,megawatthours
2026-01-08T23,CPLW,Duke Energy Progress West,DF,Day-ahead demand forecast,630,megawatthours
2026-01-08T23,CPLW,Duke Energy Progress West,NG,Net generation,526,megawatthours
2026-01-08T23,CPLW,Duke Energy Progress West,TI,Total interchange,-47,megawatthours
2026-01-08T23,DEAA,"Arlington Valley, LLC",NG,Net generation,362,megawatthours
2026-01-08T23,DEAA,"Arlington Valley, LLC",TI,Total interchange,362,megawatthours
2026-01-08T23,DOPD,PUD No. 1 of Douglas County,D,Demand,321,megawatthours
2026-01-08T23,DOPD,PUD No. 1 of Douglas County,DF,Day-ahead demand forecast,365,megawatthours
2026-01-08T23,DOPD,PUD No. 1 of Douglas County,NG,Net generation,671,megawatthours
2026-01-08T23,DOPD,PUD No. 1 of Douglas County,TI,Total interchange,350,megawatthours
2026-01-08T23,DUK,Duke Energy Carolinas,D,Demand,12102,megawatthours
2026-01-08T23,DUK,Duke Energy Carolinas,DF,Day-ahead demand forecast,12038,megawatthours
2026-01-08T23,DUK,Duke Energy Carolinas,NG,Net generation,13232,megawatthours
2026-01-08T23,DUK,Duke Energy Carolinas,TI,Total interchange,1130,megawatthours
2026-01-08T23,EPE,El Paso Electric Company,D,Demand,858,megawatthours
2026-01-08T23,EPE,El Paso Electric Company,DF,Day-ahead demand forecast,831,megawatthours
2026-01-08T23,EPE,El Paso Electric Company,NG,Net generation,558,megawatthours
2026-01-08T23,EPE,El Paso Electric Company,TI,Total interchange,-301,megawatthours
2026-01-08T23,ERCO,"Electric Reliability Council of Texas, Inc.",D,Demand,53644,megawatthours
2026-01-08T23,ERCO,"Electric Reliability Council of Texas, Inc.",DF,Day-ahead demand forecast,54427,megawatthours
2026-01-08T23,ERCO,"Electric Reliability Council of Texas, Inc.",NG,Net generation,53298,megawatthours
2026-01-08T23,ERCO,"Electric Reliability Council of Texas, Inc.",TI,Total interchange,-346,megawatthours
2026-01-08T23,FLA,Florida,D,Demand,30369,megawatthours
2026-01-08T23,FLA,Florida,DF,Day-ahead demand forecast,29704,megawatthours
2026-01-08T23,FLA,Florida,NG,Net generation,30110,megawatthours
2026-01-08T23,FLA,Florida,TI,Total interchange,-251,megawatthours
2026-01-08T23,FMPP,Florida Municipal Power Pool,D,Demand,2220,megawatthours
2026-01-08T23,FMPP,Florida Municipal Power Pool,DF,Day-ahead demand forecast,2238,megawatthours
2026-01-08T23,FMPP,Florida Municipal Power Pool,NG,Net generation,2312,megawatthours
2026-01-08T23,FMPP,Florida Municipal Power Pool,TI,Total interchange,92,megawatthours
2026-01-08T23,FPC,"Duke Energy Florida, Inc.",D,Demand,6567,megawatthours
2026-01-08T23,FPC,"Duke Energy Florida, Inc.",DF,Day-ahead demand forecast,5182,megawatthours
2026-01-08T23,FPC,"Duke Energy Florida, Inc.",NG,Net generation,4991,megawatthours
2026-01-08T23,FPC,"Duke Energy Florida, Inc.",TI,Total interchange,-1576,megawatthours
2026-01-08T23,FPL,Florida Power & Light Co.,D,Demand,16539,megawatthours
2026-01-08T23,FPL,Florida Power & Light Co.,DF,Day-ahead demand forecast,17214,megawatthours
2026-01-08T23,FPL,Florida Power & Light Co.,NG,Net generation,17500,megawatthours
2026-01-08T23,FPL,Florida Power & Light Co.,TI,Total interchange,961,megawatthours
2026-01-08T23,GCPD,"Public Utility District No. 2 of Grant County, Washington",D,Demand,730,megawatthours
2026-01-08T23,GCPD,"Public Utility District No. 2 of Grant County, Washington",DF,Day-ahead demand forecast,755,megawatthours
2026-01-08T23,GCPD,"Public Utility District No. 2 of Grant County, Washington",NG,Net generation,1408,megawatthours
2026-01-08T23,GCPD,"Public Utility District No. 2 of Grant County, Washington",TI,Total interchange,676,megawatthours
2026-01-08T23,GRID,"Gridforce Energy Management, LLC",NG,Net generation,2268,megawatthours
2026-01-08T23,GRID,"Gridforce Energy Management, LLC",TI,Total interchange,2268,megawatthours
2026-01-08T23,GVL,Gainesville Regional Utilities,D,Demand,235,megawatthours
2026-01-08T23,GVL,Gainesville Regional Utilities,DF,Day-ahead demand forecast,213,megawatthours
2026-01-08T23,GVL,Gainesville Regional Utilities,NG,Net generation,129,megawatthours
2026-01-08T23,GVL,Gainesville Regional Utilities,TI,Total interchange,-98,megawatthours
2026-01-08T23,GWA,"NaturEner Power Watch, LLC",NG,Net generation,336,megawatthours
2026-01-08T23,GWA,"NaturEner Power Watch, LLC",TI,Total interchange,336,megawatthours
2026-01-08T23,HST,City of Homestead,D,Demand,77,megawatthours
2026-01-08T23,HST,City of Homestead,DF,Day-ahead demand forecast,79,megawatthours
2026-01-08T23,HST,City of Homestead,NG,Net generation,0,megawatthours
2026-01-08T23,HST,City of Homestead,TI,Total interchange,-77,megawatthours
2026-01-08T23,IID,Imperial Irrigation District,D,Demand,301,megawatthours
2026-01-08T23,IID,Imperial Irrigation District,DF,Day-ahead demand forecast,316,megawatthours
2026-01-08T23,IID,Imperial Irrigation District,NG,Net generation,768,megawatthours
2026-01-08T23,IID,Imperial Irrigation District,TI,Total interchange,481,megawatthours
2026-01-08T23,IPCO,Idaho Power Company,D,Demand,2178,megawatthours
2026-01-08T23,IPCO,Idaho Power Company,DF,Day-ahead demand forecast,2108,megawatthours
2026-01-08T23,IPCO,Idaho Power Company,NG,Net generation,1671,megawatthours
2026-01-08T23,IPCO,Idaho Power Company,TI,Total interchange,-503,megawatthours
2026-01-08T23,ISNE,ISO New England,D,Demand,16786,megawatthours
2026-01-08T23,ISNE,ISO New England,DF,Day-ahead demand forecast,16700,megawatthours
2026-01-08T23,ISNE,ISO New England,NG,Net generation,14509,megawatthours
2026-01-08T23,ISNE,ISO New England,TI,Total interchange,-2277,megawatthours
2026-01-08T23,JEA,JEA,D,Demand,1489,megawatthours
2026-01-08T23,JEA,JEA,DF,Day-ahead demand forecast,1542,megawatthours
2026-01-08T23,JEA,JEA,NG,Net generation,818,megawatthours
2026-01-08T23,JEA,JEA,TI,Total interchange,-670,megawatthours
2026-01-08T23,LDWP,Los Angeles Department of Water and Power,D,Demand,2733,megawatthours
2026-01-08T23,LDWP,Los Angeles Department of Water and Power,DF,Day-ahead demand forecast,2498,megawatthours
2026-01-08T23,LDWP,Los Angeles Department of Water and Power,NG,Net generation,2032,megawatthours
2026-01-08T23,LDWP,Los Angeles Department of Water and Power,TI,Total interchange,-701,megawatthours
2026-01-08T23,LGEE,LG&E and KU Services Company as agent for Louisville Gas and Electric Company and Kentucky Utilities Company,D,Demand,0,megawatthours
2026-01-08T23,LGEE,LG&E and KU Services Company as agent for Louisville Gas and Electric Company and Kentucky Utilities Company,DF,Day-ahead demand forecast,3754,megawatthours
2026-01-08T23,LGEE,LG&E and KU Services Company as agent for Louisville Gas and Electric Company and Kentucky Utilities Company,NG,Net generation,3605,megawatthours
2026-01-08T23,MIDA,Mid-Atlantic,D,Demand,99862,megawatthours
2026-01-08T23,MIDA,Mid-Atlantic,DF,Day-ahead demand forecast,100597,megawatthours
2026-01-08T23,MIDA,Mid-Atlantic,NG,Net generation,103253,megawatthours
2026-01-08T23,MIDA,Mid-Atlantic,TI,Total interchange,1732,megawatthours
2026-01-08T23,MIDW,Midwest,D,Demand,78194,megawatthours
2026-01-08T23,MIDW,Midwest,DF,Day-ahead demand forecast,85080,megawatthours
2026-01-08T23,MIDW,Midwest,NG,Net generation,83765,megawatthours
2026-01-08T23,MIDW,Midwest,TI,Total interchange,-602,megawatthours
2026-01-08T23,MISO,"Midcontinent Independent System Operator, Inc.",D,Demand,76062,megawatthours
2026-01-08T23,MISO,"Midcontinent Independent System Operator, Inc.",DF,Day-ahead demand forecast,79234,megawatthours
2026-01-08T23,MISO,"Midcontinent Independent System Operator, Inc.",NG,Net generation,77527,megawatthours
2026-01-08T23,MISO,"Midcontinent Independent System Operator, Inc.",TI,Total interchange,-1103,megawatthours
2026-01-08T23,NE,New England,D,Demand,16786,megawatthours
2026-01-08T23,NE,New England,DF,Day-ahead demand forecast,16700,megawatthours
2026-01-08T23,NE,New England,NG,Net generation,14509,megawatthours
2026-01-08T23,NE,New England,TI,Total interchange,-2277,megawatthours
2026-01-08T23,NEVP,Nevada Power Company,D,Demand,4606,megawatthours
2026-01-08T23,NEVP,Nevada Power Company,DF,Day-ahead demand forecast,3868,megawatthours
2026-01-08T23,NEVP,Nevada Power Company,NG,Net generation,4063,megawatthours
2026-01-08T23,NEVP,Nevada Power Company,TI,Total interchange,-548,megawatthours
2026-01-08T23,NW,Northwest,D,Demand,48508,megawatthours
2026-01-08T23,NW,Northwest,DF,Day-ahead demand forecast,34198,megawatthours
2026-01-08T23,NW,Northwest,NG,Net generation,50790,megawatthours
2026-01-08T23,NW,Northwest,TI,Total interchange,2279,megawatthours
2026-01-08T23,NWMT,NorthWestern Corporation,D,Demand,1367,megawatthours
2026-01-08T23,NWMT,NorthWestern Corporation,DF,Day-ahead demand forecast,1476,megawatthours
2026-01-08T23,NWMT,NorthWestern Corporation,NG,Net generation,1975,megawatthours
2026-01-08T23,NWMT,NorthWestern Corporation,TI,Total interchange,608,megawatthours
2026-01-08T23,NY,New York,D,Demand,19846,megawatthours
2026-01-08T23,NY,New York,DF,Day-ahead demand forecast,19680,megawatthours
2026-01-08T23,NY,New York,NG,Net generation,17802,megawatthours
2026-01-08T23,NY,New York,TI,Total interchange,-2044,megawatthours
2026-01-08T23,NYIS,New York Independent System Operator,D,Demand,19846,megawatthours
2026-01-08T23,NYIS,New York Independent System Operator,DF,Day-ahead demand forecast,19680,megawatthours
2026-01-08T23,NYIS,New York Independent System Operator,NG,Net generation,17802,megawatthours
2026-01-08T23,NYIS,New York Independent System Operator,TI,Total interchange,-2044,megawatthours
2026-01-08T23,PACE,PacifiCorp East,D,Demand,6697,megawatthours
2026-01-08T23,PACE,PacifiCorp East,NG,Net generation,6833,megawatthours
2026-01-08T23,PACE,PacifiCorp East,TI,Total interchange,136,megawatthours
2026-01-08T23,PACW,PacifiCorp West,D,Demand,2798,megawatthours
2026-01-08T23,PACW,PacifiCorp West,NG,Net generation,1050,megawatthours
2026-01-08T23,PACW,PacifiCorp West,TI,Total interchange,-1748,megawatthours
2026-01-08T23,PGE,Portland General Electric Company,D,Demand,3146,megawatthours
2026-01-08T23,PGE,Portland General Electric Company,DF,Day-ahead demand forecast,3191,megawatthours
2026-01-08T23,PGE,Portland General Electric Company,NG,Net generation,537,megawatthours
2026-01-08T23,PGE,Portland General Electric Company,TI,Total interchange,-2609,megawatthours
2026-01-08T23,PJM,"PJM Interconnection, LLC",D,Demand,99862,megawatthours
2026-01-08T23,PJM,"PJM Interconnection, LLC",DF,Day-ahead demand forecast,100597,megawatthours
2026-01-08T23,PJM,"PJM Interconnection, LLC",NG,Net generation,103253,megawatthours
2026-01-08T23,PJM,"PJM Interconnection, LLC",TI,Total interchange,1732,megawatthours
2026-01-08T23,PNM,Public Service Company of New Mexico,D,Demand,1704,megawatthours
2026-01-08T23,PNM,Public Service Company of New Mexico,DF,Day-ahead demand forecast,1495,megawatthours
2026-01-08T23,PNM,Public Service Company of New Mexico,NG,Net generation,1750,megawatthours
2026-01-08T23,PNM,Public Service Company of New Mexico,TI,Total interchange,54,megawatthours
2026-01-08T23,PSCO,Public Service Company of Colorado,D,Demand,6171,megawatthours
2026-01-08T23,PSCO,Public Service Company of Colorado,DF,Day-ahead demand forecast,5066,megawatthours
2026-01-08T23,PSCO,Public Service Company of Colorado,NG,Net generation,5788,megawatthours
2026-01-08T23,PSCO,Public Service Company of Colorado,TI,Total interchange,-383,megawatthours
2026-01-08T23,PSEI,"Puget Sound Energy, Inc.",D,Demand,3779,megawatthours
2026-01-08T23,PSEI,"Puget Sound Energy, Inc.",DF,Day-ahead demand forecast,1317,megawatthours
2026-01-08T23,PSEI,"Puget Sound Energy, Inc.",NG,Net generation,595,megawatthours
2026-01-08T23,PSEI,"Puget Sound Energy, Inc.",TI,Total interchange,-3184,megawatthours
2026-01-08T23,SC,South Carolina Public Service Authority,D,Demand,2872,megawatthours
2026-01-08T23,SC,South Carolina Public Service Authority,DF,Day-ahead demand forecast,2816,megawatthours
2026-01-08T23,SC,South Carolina Public Service Authority,NG,Net generation,1598,megawatthours
2026-01-08T23,SC,South Carolina Public Service Authority,TI,Total interchange,-1297,megawatthours
2026-01-08T23,SCL,Seattle City Light,D,Demand,1415,megawatthours
2026-01-08T23,SCL,Seattle City Light,DF,Day-ahead demand forecast,1355,megawatthours
2026-01-08T23,SCL,Seattle City Light,NG,Net generation,552,megawatthours
2026-01-08T23,SCL,Seattle City Light,TI,Total interchange,-863,megawatthours
2026-01-08T23,SE,Southeast,D,Demand,24937,megawatthours
2026-01-08T23,SE,Southeast,DF,Day-ahead demand forecast,25621,megawatthours
2026-01-08T23,SE,Southeast,NG,Net generation,26167,megawatthours
2026-01-08T23,SE,Southeast,TI,Total interchange,1227,megawatthours
2026-01-08T23,SEC,Seminole Electric Cooperative,D,Demand,307,megawatthours
2026-01-08T23,SEC,Seminole Electric Cooperative,DF,Day-ahead demand forecast,210,megawatthours
2026-01-08T23,SEC,Seminole Electric Cooperative,NG,Net generation,1820,megawatthours
2026-01-08T23,SEC,Seminole Electric Cooperative,TI,Total interchange,1513,megawatthours
2026-01-08T23,SEPA,Southeastern Power Administration,NG,Net generation,105,megawatthours
2026-01-08T23,SEPA,Southeastern Power Administration,TI,Total interchange,102,megawatthours
2026-01-08T23,SIKE,Sikeston Board of Municipal Utilities,NG,Net generation,9,megawatthours
2026-01-08T23,SIKE,Sikeston Board of Municipal Utilities,TI,Total interchange,9,megawatthours
2026-01-08T23,SOCO,"Southern Company Services, Inc. - Trans",D,Demand,24937,megawatthours
2026-01-08T23,SOCO,"Southern Company Services, Inc. - Trans",DF,Day-ahead demand forecast,25621,megawatthours
2026-01-08T23,SOCO,"Southern Company Services, Inc. - Trans",NG,Net generation,26062,megawatthours
2026-01-08T23,SOCO,"Southern Company Services, Inc. - Trans",TI,Total interchange,1125,megawatthours
2026-01-08T23,SPA,Southwestern Power Administration,D,Demand,27,megawatthours
2026-01-08T23,SRP,Salt River Project Agricultural Improvement and Power District,D,Demand,3752,megawatthours
2026-01-08T23,SRP,Salt River Project Agricultural Improvement and Power District,DF,Day-ahead demand forecast,3489,megawatthours
2026-01-08T23,SRP,Salt River Project Agricultural Improvement and Power District,NG,Net generation,5463,megawatthours
2026-01-08T23,SRP,Salt River Project Agricultural Improvement and Power District,TI,Total interchange,1744,megawatthours
2026-01-08T23,SW,Southwest,D,Demand,12069,megawatthours
2026-01-08T23,SW,Southwest,DF,Day-ahead demand forecast,11916,megawatthours
2026-01-08T23,SW,Southwest,NG,Net generation,12493,megawatthours
2026-01-08T23,SW,Southwest,TI,Total interchange,405,megawatthours
2026-01-08T23,SWPP,Southwest Power Pool,D,Demand,31226,megawatthours
2026-01-08T23,SWPP,Southwest Power Pool,DF,Day-ahead demand forecast,35441,megawatthours
2026-01-08T23,SWPP,Southwest Power Pool,NG,Net generation,31204,megawatthours
2026-01-08T23,SWPP,Southwest Power Pool,TI,Total interchange,-161,megawatthours
2026-01-08T23,TAL,City of Tallahassee,D,Demand,298,megawatthours
2026-01-08T23,TAL,City of Tallahassee,DF,Day-ahead demand forecast,298,megawatthours
2026-01-08T23,TAL,City of Tallahassee,NG,Net generation,398,megawatthours
2026-01-08T23,TAL,City of Tallahassee,TI,Total interchange,99,megawatthours
2026-01-08T23,TEC,Tampa Electric Company,D,Demand,2637,megawatthours
2026-01-08T23,TEC,Tampa Electric Company,DF,Day-ahead demand forecast,2728,megawatthours
2026-01-08T23,TEC,Tampa Electric Company,NG,Net generation,2142,megawatthours
2026-01-08T23,TEC,Tampa Electric Company,TI,Total interchange,-495,megawatthours
2026-01-08T23,TEN,Tennessee,D,Demand,17804,megawatthours
2026-01-08T23,TEN,Tennessee,DF,Day-ahead demand forecast,17545,megawatthours
2026-01-08T23,TEN,Tennessee,NG,Net generation,17567,megawatthours
2026-01-08T23,TEN,Tennessee,TI,Total interchange,-239,megawatthours
2026-01-08T23,TEPC,Tucson Electric Power,D,Demand,1463,megawatthours
2026-01-08T23,TEPC,Tucson Electric Power,DF,Day-ahead demand forecast,1449,megawatthours
2026-01-08T23,TEPC,Tucson Electric Power,NG,Net generation,1211,megawatthours
2026-01-08T23,TEPC,Tucson Electric Power,TI,Total interchange,-252,megawatthours
2026-01-08T23,TEX,Texas,D,Demand,53644,megawatthours
2026-01-08T23,TEX,Texas,DF,Day-ahead demand forecast,54427,megawatthours
2026-01-08T23,TEX,Texas,NG,Net generation,53298,megawatthours
2026-01-08T23,TEX,Texas,TI,Total interchange,-346,megawatthours
2026-01-08T23,TIDC,Turlock Irrigation District,D,Demand,281,megawatthours
2026-01-08T23,TIDC,Turlock Irrigation District,DF,Day-ahead demand forecast,294,megawatthours
2026-01-08T23,TIDC,Turlock Irrigation District,NG,Net generation,164,megawatthours
2026-01-08T23,TIDC,Turlock Irrigation District,TI,Total interchange,-114,megawatthours
2026-01-08T23,TPWR,"City of Tacoma, Department of Public Utilities, Light Division",D,Demand,699,megawatthours
2026-01-08T23,TPWR,"City of Tacoma, Department of Public Utilities, Light Division",DF,Day-ahead demand forecast,700,megawatthours
2026-01-08T23,TPWR,"City of Tacoma, Department of Public Utilities, Light Division",NG,Net generation,526,megawatthours
2026-01-08T23,TPWR,"City of Tacoma, Department of Public Utilities, Light Division",TI,Total interchange,-173,megawatthours
2026-01-08T23,TVA,Tennessee Valley Authority,D,Demand,17804,megawatthours
2026-01-08T23,TVA,Tennessee Valley Authority,DF,Day-ahead demand forecast,17545,megawatthours
2026-01-08T23,TVA,Tennessee Valley Authority,NG,Net generation,17567,megawatthours
2026-01-08T23,TVA,Tennessee Valley Authority,TI,Total interchange,-239,megawatthours
2026-01-08T23,US48,United States Lower 48,D,Demand,488381,megawatthours
2026-01-08T23,US48,United States Lower 48,DF,Day-ahead demand forecast,478943,megawatthours
2026-01-08T23,US48,United States Lower 48,NG,Net generation,483348,megawatthours
2026-01-08T23,US48,United States Lower 48,TI,Total interchange,-3910,megawatthours
2026-01-08T23,WACM,Western Area Power Administration - Rocky Mountain Region,D,Demand,3879,megawatthours
2026-01-08T23,WACM,Western Area Power Administration - Rocky Mountain Region,DF,Day-ahead demand forecast,3460,megawatthours
2026-01-08T23,WACM,Western Area Power Administration - Rocky Mountain Region,NG,Net generation,3408,megawatthours
2026-01-08T23,WACM,Western Area Power Administration - Rocky Mountain Region,TI,Total interchange,-471,megawatthours
2026-01-08T23,WALC,Western Area Power Administration - Desert Southwest Region,D,Demand,863,megawatthours
2026-01-08T23,WALC,Western Area Power Administration - Desert Southwest Region,DF,Day-ahead demand forecast,805,megawatthours
2026-01-08T23,WALC,Western Area Power Administration - Desert Southwest Region,NG,Net generation,922,megawatthours
2026-01-08T23,WAUW,Western Area Power Administration - Upper Great Plains West,D,Demand,102,megawatthours
2026-01-08T23,WAUW,Western Area Power Administration - Upper Great Plains West,DF,Day-ahead demand forecast,98,megawatthours
2026-01-08T23,WAUW,Western Area Power Administration - Upper Great Plains West,NG,Net generation,38,megawatthours
2026-01-08T23,WAUW,Western Area Power Administration - Upper Great Plains West,TI,Total interchange,-64,megawatthours
2026-01-08T23,YAD,"Alcoa Power Generating, Inc. - Yadkin Division",NG,Net generation,0,megawatthours
2026-01-08T23,YAD,"Alcoa Power Generating, Inc. - Yadkin Division",TI,Total interchange,-1,megawatthours
2026-01-08T22,AECI,"Associated Electric Cooperative, Inc.",D,Demand,2048,megawatthours
2026-01-08T22,AECI,"Associated Electric Cooperative, Inc.",DF,Day-ahead demand forecast,2025,megawatthours
2026-01-08T22,AECI,"Associated Electric Cooperative, Inc.",NG,Net generation,2576,megawatthours
2026-01-08T22,AECI,"Associated Electric Cooperative, Inc.",TI,Total interchange,528,megawatthours
2026-01-08T22,AVA,Avista Corporation,D,Demand,1751,megawatthours
2026-01-08T22,AVA,Avista Corporation,DF,Day-ahead demand forecast,1767,megawatthours
2026-01-08T22,AVA,Avista Corporation,NG,Net generation,1133,megawatthours
2026-01-08T22,AVA,Avista Corporation,TI,Total interchange,-618,megawatthours
2026-01-08T22,AVRN,"Avangrid Renewables, LLC",NG,Net generation,1585,megawatthours
2026-01-08T22,AVRN,"Avangrid Renewables, LLC",TI,Total interchange,1585,megawatthours
2026-01-08T22,AZPS,Arizona Public Service Company,D,Demand,3520,megawatthours
2026-01-08T22,AZPS,Arizona Public Service Company,DF,Day-ahead demand forecast,3584,megawatthours
2026-01-08T22,AZPS,Arizona Public Service Company,NG,Net generation,2043,megawatthours
2026-01-08T22,AZPS,Arizona Public Service Company,TI,Total interchange,-1477,megawatthours
2026-01-08T22,BANC,Balancing Authority of Northern California,D,Demand,1891,megawatthours
2026-01-08T22,BANC,Balancing Authority of Northern California,DF,Day-ahead demand forecast,2004,megawatthours
2026-01-08T22,BANC,Balancing Authority of Northern California,NG,Net generation,1595,megawatthours
2026-01-08T22,BANC,Balancing Authority of Northern California,TI,Total interchange,-296,megawatthours
2026-01-08T22,BPAT,Bonneville Power Administration,D,Demand,8593,megawatthours
2026-01-08T22,BPAT,Bonneville Power Administration,DF,Day-ahead demand forecast,8449,megawatthours
2026-01-08T22,BPAT,Bonneville Power Administration,NG,Net generation,14806,megawatthours
2026-01-08T22,BPAT,Bonneville Power Administration,TI,Total interchange,6213,megawatthours
2026-01-08T22,CAL,California,D,Demand,33315,megawatthours
2026-01-08T22,CAL,California,DF,Day-ahead demand forecast,24860,megawatthours
2026-01-08T22,CAL,California,NG,Net generation,19132,megawatthours
2026-01-08T22,CAL,California,TI,Total interchange,-3579,megawatthours
2026-01-08T22,CAR,Carolinas,D,Demand,20919,megawatthours
2026-01-08T22,CAR,Carolinas,DF,Day-ahead demand forecast,20980,megawatthours
2026-01-08T22,CAR,Carolinas,NG,Net generation,20541,megawatthours
2026-01-08T22,CAR,Carolinas,TI,Total interchange,-402,megawatthours
2026-01-08T22,CENT,Central,D,Demand,31257,megawatthours
2026-01-08T22,CENT,Central,DF,Day-ahead demand forecast,35144,megawatthours
2026-01-08T22,CENT,Central,NG,Net generation,31204,megawatthours
2026-01-08T22,CENT,Central,TI,Total interchange,-161,megawatthours
2026-01-08T22,CHPD,Public Utility District No. 1 of Chelan County,D,Demand,278,megawatthours
2026-01-08T22,CHPD,Public Utility District No. 1 of Chelan County,DF,Day-ahead demand forecast,313,megawatthours
2026-01-08T22,CHPD,Public Utility District No. 1 of Chelan County,NG,Net generation,1413,megawatthours
2026-01-08T22,CHPD,Public Utility District No. 1 of Chelan County,TI,Total interchange,1135,megawatthours
2026-01-08T22,CISO,California Independent System Operator,D,Demand,28049,megawatthours
2026-01-08T22,CISO,California Independent System Operator,DF,Day-ahead demand forecast,19817,megawatthours
2026-01-08T22,CISO,California Independent System Operator,NG,Net generation,14395,megawatthours
2026-01-08T22,CISO,California Independent System Operator,TI,Total interchange,-3056,megawatthours
2026-01-08T22,CPLE,Duke Energy Progress East,D,Demand,6236,megawatthours
2026-01-08T22,CPLE,Duke Energy Progress East,DF,Day-ahead demand forecast,6127,megawatthours
2026-01-08T22,CPLE,Duke Energy Progress East,NG,Net generation,6456,megawatthours
2026-01-08T22,CPLE,Duke Energy Progress East,TI,Total interchange,220,megawatthours
2026-01-08T22,CPLW,Duke Energy Progress West,D,Demand,537,megawatthours
2026-01-08T22,CPLW,Duke Energy Progress West,DF,Day-ahead demand forecast,583,megawatthours
2026-01-08T22,CPLW,Duke Energy Progress West,NG,Net generation,520,megawatthours
2026-01-08T22,CPLW,Duke Energy Progress West,TI,Total interchange,-17,megawatthours
2026-01-08T22,DEAA,"Arlington Valley, LLC",NG,Net generation,325,megawatthours
2026-01-08T22,DEAA,"Arlington Valley, LLC",TI,Total interchange,325,megawatthours
2026-01-08T22,DOPD,PUD No. 1 of Douglas County,D,Demand,317,megawatthours
2026-01-08T22,DOPD,PUD No. 1 of Douglas County,DF,Day-ahead demand forecast,365,megawatthours
2026-01-08T22,DOPD,PUD No. 1 of Douglas County,NG,Net generation,678,megawatthours
2026-01-08T22,DOPD,PUD No. 1 of Douglas County,TI,Total interchange,361,megawatthours
2026-01-08T22,DUK,Duke Energy Carolinas,D,Demand,11447,megawatthours
2026-01-08T22,DUK,Duke Energy Carolinas,DF,Day-ahead demand forecast,11551,megawatthours
2026-01-08T22,DUK,Duke Energy Carolinas,NG,Net generation,12061,megawatthours
2026-01-08T22,DUK,Duke Energy Carolinas,TI,Total interchange,614,megawatthours
2026-01-08T22,EPE,El Paso Electric Company,D,Demand,843,megawatthours
2026-01-08T22,EPE,El Paso Electric Company,DF,Day-ahead demand forecast,815,megawatthours
2026-01-08T22,EPE,El Paso Electric Company,NG,Net generation,666,megawatthours
2026-01-08T22,EPE,El Paso Electric Company,TI,Total interchange,-178,megawatthours
2026-01-08T22,ERCO,"Electric Reliability Council of Texas, Inc.",D,Demand,53674,megawatthours
2026-01-08T22,ERCO,"Electric Reliability Council of Texas, Inc.",DF,Day-ahead demand forecast,54413,megawatthours
2026-01-08T22,ERCO,"Electric Reliability Council of Texas, Inc.",NG,Net generation,53364,megawatthours
2026-01-08T22,ERCO,"Electric Reliability Council of Texas, Inc.",TI,Total interchange,-310,megawatthours
2026-01-08T22,FLA,Florida,D,Demand,30352,megawatthours
2026-01-08T22,FLA,Florida,DF,Day-ahead demand forecast,29243,megawatthours
2026-01-08T22,FLA,Florida,NG,Net generation,30226,megawatthours
2026-01-08T22,FLA,Florida,TI,Total interchange,-114,megawatthours
2026-01-08T22,FMPP,Florida Municipal Power Pool,D,Demand,2216,megawatthours
2026-01-08T22,FMPP,Florida Municipal Power Pool,DF,Day-ahead demand forecast,2232,megawatthours
2026-01-08T22,FMPP,Florida Municipal Power Pool,NG,Net generation,2129,megawatthours
2026-01-08T22,FMPP,Florida Municipal Power Pool,TI,Total interchange,-87,megawatthours
2026-01-08T22,FPC,"Duke Energy Florida, Inc.",D,Demand,6433,megawatthours
2026-01-08T22,FPC,"Duke Energy Florida, Inc.",DF,Day-ahead demand forecast,5081,megawatthours
2026-01-08T22,FPC,"Duke Energy Florida, Inc.",NG,Net generation,4962,megawatthours
2026-01-08T22,FPC,"Duke Energy Florida, Inc.",TI,Total interchange,-1471,megawatthours
2026-01-08T22,FPL,Florida Power & Light Co.,D,Demand,16737,megawatthours
2026-01-08T22,FPL,Florida Power & Light Co.,DF,Day-ahead demand forecast,16965,megawatthours
2026-01-08T22,FPL,Florida Power & Light Co.,NG,Net generation,17770,megawatthours
2026-01-08T22,FPL,Florida Power & Light Co.,TI,Total interchange,1033,megawatthours
2026-01-08T22,GCPD,"Public Utility District No. 2 of Grant County, Washington",D,Demand,738,megawatthours
2026-01-08T22,GCPD,"Public Utility District No. 2 of Grant County, Washington",DF,Day-ahead demand forecast,759,megawatthours
2026-01-08T22,GCPD,"Public Utility District No. 2 of Grant County, Washington",NG,Net generation,1519,megawatthours
2026-01-08T22,GCPD,"Public Utility District No. 2 of Grant County, Washington",TI,Total interchange,788,megawatthours
2026-01-08T22,GRID,"Gridforce Energy Management, LLC",NG,Net generation,2186,megawatthours
2026-01-08T22,GRID,"Gridforce Energy Management, LLC",TI,Total interchange,2186,megawatthours
2026-01-08T22,GVL,Gainesville Regional Utilities,D,Demand,229,megawatthours
2026-01-08T22,GVL,Gainesville Regional Utilities,DF,Day-ahead demand forecast,210,megawatthours
2026-01-08T22,GVL,Gainesville Regional Utilities,NG,Net generation,125,megawatthours
2026-01-08T22,GVL,Gainesville Regional Utilities,TI,Total interchange,-95,megawatthours
2026-01-08T22,GWA,"NaturEner Power Watch, LLC",NG,Net generation,343,megawatthours
2026-01-08T22,GWA,"NaturEner Power Watch, LLC",TI,Total interchange,343,megawatthours
2026-01-08T22,HST,City of Homestead,D,Demand,76,megawatthours
2026-01-08T22,HST,City of Homestead,DF,Day-ahead demand forecast,79,megawatthours
2026-01-08T22,HST,City of Homestead,NG,Net generation,0,megawatthours
2026-01-08T22,HST,City of Homestead,TI,Total interchange,-76,megawatthours
2026-01-08T22,IID,Imperial Irrigation District,D,Demand,289,megawatthours
2026-01-08T22,IID,Imperial Irrigation District,DF,Day-ahead demand forecast,314,megawatthours
2026-01-08T22,IID,Imperial Irrigation District,NG,Net generation,814,megawatthours
2026-01-08T22,IID,Imperial Irrigation District,TI,Total interchange,529,megawatthours
2026-01-08T22,IPCO,Idaho Power Company,D,Demand,2175,megawatthours
2026-01-08T22,IPCO,Idaho Power Company,DF,Day-ahead demand forecast,2052,megawatthours
2026-01-08T22,IPCO,Idaho Power Company,NG,Net generation,1719,megawatthours
2026-01-08T22,IPCO,Idaho Power Company,TI,Total interchange,-452,megawatthours
2026-01-08T22,ISNE,ISO New England,D,Demand,15571,megawatthours
2026-01-08T22,ISNE,ISO New England,DF,Day-ahead demand forecast,15800,megawatthours
2026-01-08T22,ISNE,ISO New England,NG,Net generation,13883,megawatthours
2026-01-08T22,ISNE,ISO New England,TI,Total interchange,-1688,megawatthours
2026-01-08T22,JEA,JEA,D,Demand,1448,megawatthours
2026-01-08T22,JEA,JEA,DF,Day-ahead demand forecast,1531,megawatthours
2026-01-08T22,JEA,JEA,NG,Net generation,763,megawatthours
2026-01-08T22,JEA,JEA,TI,Total interchange,-682,megawatthours
2026-01-08T22,LDWP,Los Angeles Department of Water and Power,D,Demand,2811,megawatthours
2026-01-08T22,LDWP,Los Angeles Department of Water and Power,DF,Day-ahead demand forecast,2433,megawatthours
2026-01-08T22,LDWP,Los Angeles Department of Water and Power,NG,Net generation,2165,megawatthours
2026-01-08T22,LDWP,Los Angeles Department of Water and Power,TI,Total interchange,-646,megawatthours
2026-01-08T22,LGEE,LG&E and KU Services Company as agent for Louisville Gas and Electric Company and Kentucky Utilities Company,D,Demand,3972,megawatthours
2026-01-08T22,LGEE,LG&E and KU Services Company as agent for Louisville Gas and Electric Company and Kentucky Utilities Company,DF,Day-ahead demand forecast,3679,megawatthours
2026-01-08T22,LGEE,LG&E and KU Services Company as agent for Louisville Gas and Electric Company and Kentucky Utilities Company,NG,Net generation,3490,megawatthours
2026-01-08T22,MIDA,Mid-Atlantic,D,Demand,95096,megawatthours
2026-01-08T22,MIDA,Mid-Atlantic,DF,Day-ahead demand forecast,100113,megawatthours
2026-01-08T22,MIDA,Mid-Atlantic,NG,Net generation,98579,megawatthours
2026-01-08T22,MIDA,Mid-Atlantic,TI,Total interchange,1841,megawatthours
2026-01-08T22,MIDW,Midwest,D,Demand,81027,megawatthours
2026-01-08T22,MIDW,Midwest,DF,Day-ahead demand forecast,83419,megawatthours
2026-01-08T22,MIDW,Midwest,NG,Net generation,82500,megawatthours
2026-01-08T22,MIDW,Midwest,TI,Total interchange,-392,megawatthours
2026-01-08T22,MISO,"Midcontinent Independent System Operator, Inc.",D,Demand,75007,megawatthours
2026-01-08T22,MISO,"Midcontinent Independent System Operator, Inc.",DF,Day-ahead demand forecast,77715,megawatthours
2026-01-08T22,MISO,"Midcontinent Independent System Operator, Inc.",NG,Net generation,76425,megawatthours
2026-01-08T22,MISO,"Midcontinent Independent System Operator, Inc.",TI,Total interchange,-929,megawatthours
2026-01-08T22,NE,New England,D,Demand,15571,megawatthours
2026-01-08T22,NE,New England,DF,Day-ahead demand forecast,15800,megawatthours
2026-01-08T22,NE,New England,NG,Net generation,13883,megawatthours
2026-01-08T22,NE,New England,TI,Total interchange,-1688,megawatthours
2026-01-08T22,NEVP,Nevada Power Company,D,Demand,4590,megawatthours
2026-01-08T22,NEVP,Nevada Power Company,DF,Day-ahead demand forecast,3762,megawatthours
2026-01-08T22,NEVP,Nevada Power Company,NG,Net generation,4620,megawatthours
2026-01-08T22,NEVP,Nevada Power Company,TI,Total interchange,3,megawatthours
2026-01-08T22,NW,Northwest,D,Demand,48450,megawatthours
2026-01-08T22,NW,Northwest,DF,Day-ahead demand forecast,34151,megawatthours
2026-01-08T22,NW,Northwest,NG,Net generation,50848,megawatthours
2026-01-08T22,NW,Northwest,TI,Total interchange,2382,megawatthours
2026-01-08T22,NWMT,NorthWestern Corporation,D,Demand,1365,megawatthours
2026-01-08T22,NWMT,NorthWestern Corporation,DF,Day-ahead demand forecast,1466,megawatthours
2026-01-08T22,NWMT,NorthWestern Corporation,NG,Net generation,2026,megawatthours
2026-01-08T22,NWMT,NorthWestern Corporation,TI,Total interchange,661,megawatthours
2026-01-08T22,NY,New York,D,Demand,18853,megawatthours
2026-01-08T22,NY,New York,DF,Day-ahead demand forecast,18719,megawatthours
2026-01-08T22,NY,New York,NG,Net generation,16575,megawatthours
2026-01-08T22,NY,New York,TI,Total interchange,-2278,megawatthours
2026-01-08T22,NYIS,New York Independent System Operator,D,Demand,18853,megawatthours
2026-01-08T22,NYIS,New York Independent System Operator,DF,Day-ahead demand forecast,18719,megawatthours
2026-01-08T22,NYIS,New York Independent System Operator,NG,Net generation,16575,megawatthours
2026-01-08T22,NYIS,New York Independent System Operator,TI,Total interchange,-2278,megawatthours
2026-01-08T22,PACE,PacifiCorp East,D,Demand,6663,megawatthours
2026-01-08T22,PACE,PacifiCorp East,NG,Net generation,6188,megawatthours
2026-01-08T22,PACE,PacifiCorp East,TI,Total interchange,-475,megawatthours
2026-01-08T22,PACW,PacifiCorp West,D,Demand,2821,megawatthours
2026-01-08T22,PACW,PacifiCorp West,NG,Net generation,1082,megawatthours
2026-01-08T22,PACW,PacifiCorp West,TI,Total interchange,-1739,megawatthours
2026-01-08T22,PGE,Portland General Electric Company,D,Demand,3153,megawatthours
2026-01-08T22,PGE,Portland General Electric Company,DF,Day-ahead demand forecast,3218,megawatthours
2026-01-08T22,PGE,Portland General Electric Company,NG,Net generation,499,megawatthours
2026-01-08T22,PGE,Portland General Electric Company,TI,Total interchange,-2654,megawatthours
2026-01-08T22,PJM,"PJM Interconnection, LLC",D,Demand,95096,megawatthours
2026-01-08T22,PJM,"PJM Interconnection, LLC",DF,Day-ahead demand forecast,100113,megawatthours
2026-01-08T22,PJM,"PJM Interconnection, LLC",NG,Net generation,98579,megawatthours
2026-01-08T22,PJM,"PJM Interconnection, LLC",TI,Total interchange,1841,megawatthours
2026-01-08T22,PNM,Public Service Company of New Mexico,D,Demand,1694,megawatthours
2026-01-08T22,PNM,Public Service Company of New Mexico,DF,Day-ahead demand forecast,1460,megawatthours
2026-01-08T22,PNM,Public Service Company of New Mexico,NG,Net generation,2284,megawatthours
2026-01-08T22,PNM,Public Service Company of New Mexico,TI,Total interchange,598,megawatthours
2026-01-08T22,PSCO,Public Service Company of Colorado,D,Demand,6054,megawatthours
2026-01-08T22,PSCO,Public Service Company of Colorado,DF,Day-ahead demand forecast,5032,megawatthours
2026-01-08T22,PSCO,Public Service Company of Colorado,NG,Net generation,5929,megawatthours
2026-01-08T22,PSCO,Public Service Company of Colorado,TI,Total interchange,-125,megawatthours
2026-01-08T22,PSEI,"Puget Sound Energy, Inc.",D,Demand,3806,megawatthours
2026-01-08T22,PSEI,"Puget Sound Energy, Inc.",DF,Day-ahead demand forecast,1320,megawatthours
2026-01-08T22,PSEI,"Puget Sound Energy, Inc.",NG,Net generation,588,megawatthours
2026-01-08T22,PSEI,"Puget Sound Energy, Inc.",TI,Total interchange,-3218,megawatthours
2026-01-08T22,SC,South Carolina Public Service Authority,D,Demand,2699,megawatthours
2026-01-08T22,SC,South Carolina Public Service Authority,DF,Day-ahead demand forecast,2719,megawatthours
2026-01-08T22,SC,South Carolina Public Service Authority,NG,Net generation,1504,megawatthours
2026-01-08T22,SC,South Carolina Public Service Authority,TI,Total interchange,-1217,megawatthours
2026-01-08T22,SCL,Seattle City Light,D,Demand,1424,megawatthours
2026-01-08T22,SCL,Seattle City Light,DF,Day-ahead demand forecast,1379,megawatthours
2026-01-08T22,SCL,Seattle City Light,NG,Net generation,535,megawatthours
2026-01-08T22,SCL,Seattle City Light,TI,Total interchange,-889,megawatthours
2026-01-08T22,SE,Southeast,D,Demand,24130,megawatthours
2026-01-08T22,SE,Southeast,DF,Day-ahead demand forecast,25173,megawatthours
2026-01-08T22,SE,Southeast,NG,Net generation,25055,megawatthours
2026-01-08T22,SE,Southeast,TI,Total interchange,925,megawatthours
2026-01-08T22,SEC,Seminole Electric Cooperative,D,Demand,299,megawatthours
2026-01-08T22,SEC,Seminole Electric Cooperative,DF,Day-ahead demand forecast,205,megawatthours
2026-01-08T22,SEC,Seminole Electric Cooperative,NG,Net generation,1789,megawatthours
2026-01-08T22,SEC,Seminole Electric Cooperative,TI,Total interchange,1490,megawatthours
2026-01-08T22,SEPA,Southeastern Power Administration,NG,Net generation,30,megawatthours
2026-01-08T22,SEPA,Southeastern Power Administration,TI,Total interchange,30,megawatthours
2026-01-08T22,SIKE,Sikeston Board of Municipal Utilities,NG,Net generation,9,megawatthours
2026-01-08T22,SIKE,Sikeston Board of Municipal Utilities,TI,Total interchange,9,megawatthours
2026-01-08T22,SOCO,"Southern Company Services, Inc. - Trans",D,Demand,24130,megawatthours
2026-01-08T22,SOCO,"Southern Company Services, Inc. - Trans",DF,Day-ahead demand forecast,25173,megawatthours
2026-01-08T22,SOCO,"Southern Company Services, Inc. - Trans",NG,Net generation,25025,megawatthours
2026-01-08T22,SOCO,"Southern Company Services, Inc. - Trans",TI,Total interchange,895,megawatthours
2026-01-08T22,SPA,Southwestern Power Administration,D,Demand,31,megawatthours
2026-01-08T22,SRP,Salt River Project Agricultural Improvement and Power District,D,Demand,3815,megawatthours
2026-01-08T22,SRP,Salt River Project Agricultural Improvement and Power District,DF,Day-ahead demand forecast,3468,megawatthours
2026-01-08T22,SRP,Salt River Project Agricultural Improvement and Power District,NG,Net generation,5468,megawatthours
2026-01-08T22,SRP,Salt River Project Agricultural Improvement and Power District,TI,Total interchange,1666,megawatthours
2026-01-08T22,SW,Southwest,D,Demand,12195,megawatthours
2026-01-08T22,SW,Southwest,DF,Day-ahead demand forecast,11578,megawatthours
2026-01-08T22,SW,Southwest,NG,Net generation,13035,megawatthours
2026-01-08T22,SW,Southwest,TI,Total interchange,807,megawatthours
2026-01-08T22,SWPP,Southwest Power Pool,D,Demand,31226,megawatthours
2026-01-08T22,SWPP,Southwest Power Pool,DF,Day-ahead demand forecast,35144,megawatthours
2026-01-08T22,SWPP,Southwest Power Pool,NG,Net generation,31204,megawatthours
2026-01-08T22,SWPP,Southwest Power Pool,TI,Total interchange,-161,megawatthours
2026-01-08T22,TAL,City of Tallahassee,D,Demand,293,megawatthours
2026-01-08T22,TAL,City of Tallahassee,DF,Day-ahead demand forecast,290,megawatthours
2026-01-08T22,TAL,City of Tallahassee,NG,Net generation,391,megawatthours
2026-01-08T22,TAL,City of Tallahassee,TI,Total interchange,98,megawatthours
2026-01-08T22,TEC,Tampa Electric Company,D,Demand,2621,megawatthours
2026-01-08T22,TEC,Tampa Electric Company,DF,Day-ahead demand forecast,2650,megawatthours
2026-01-08T22,TEC,Tampa Electric Company,NG,Net generation,2297,megawatthours
2026-01-08T22,TEC,Tampa Electric Company,TI,Total interchange,-324,megawatthours
2026-01-08T22,TEN,Tennessee,D,Demand,17386,megawatthours
2026-01-08T22,TEN,Tennessee,DF,Day-ahead demand forecast,17382,megawatthours
2026-01-08T22,TEN,Tennessee,NG,Net generation,16773,megawatthours
2026-01-08T22,TEN,Tennessee,TI,Total interchange,-606,megawatthours
2026-01-08T22,TEPC,Tucson Electric Power,D,Demand,1437,megawatthours
2026-01-08T22,TEPC,Tucson Electric Power,DF,Day-ahead demand forecast,1418,megawatthours
2026-01-08T22,TEPC,Tucson Electric Power,NG,Net generation,1310,megawatthours
2026-01-08T22,TEPC,Tucson Electric Power,TI,Total interchange,-127,megawatthours
2026-01-08T22,TEX,Texas,D,Demand,53674,megawatthours
2026-01-08T22,TEX,Texas,DF,Day-ahead demand forecast,54413,megawatthours
2026-01-08T22,TEX,Texas,NG,Net generation,53364,megawatthours
2026-01-08T22,TEX,Texas,TI,Total interchange,-310,megawatthours
2026-01-08T22,TIDC,Turlock Irrigation District,D,Demand,275,megawatthours
2026-01-08T22,TIDC,Turlock Irrigation District,DF,Day-ahead demand forecast,292,megawatthours
2026-01-08T22,TIDC,Turlock Irrigation District,NG,Net generation,163,megawatthours
2026-01-08T22,TIDC,Turlock Irrigation District,TI,Total interchange,-110,megawatthours
2026-01-08T22,TPWR,"City of Tacoma, Department of Public Utilities, Light Division",D,Demand,701,megawatthours
2026-01-08T22,TPWR,"City of Tacoma, Department of Public Utilities, Light Division",DF,Day-ahead demand forecast,703,megawatthours
2026-01-08T22,TPWR,"City of Tacoma, Department of Public Utilities, Light Division",NG,Net generation,572,megawatthours
2026-01-08T22,TPWR,"City of Tacoma, Department of Public Utilities, Light Division",TI,Total interchange,-129,megawatthours
2026-01-08T22,TVA,Tennessee Valley Authority,D,Demand,17386,megawatthours
2026-01-08T22,TVA,Tennessee Valley Authority,DF,Day-ahead demand forecast,17382,megawatthours
2026-01-08T22,TVA,Tennessee Valley Authority,NG,Net generation,16773,megawatthours
2026-01-08T22,TVA,Tennessee Valley Authority,TI,Total interchange,-606,megawatthours
2026-01-08T22,US48,United States Lower 48,D,Demand,482225,megawatthours
2026-01-08T22,US48,United States Lower 48,DF,Day-ahead demand forecast,470975,megawatthours
2026-01-08T22,US48,United States Lower 48,NG,Net generation,471715,megawatthours
2026-01-08T22,US48,United States Lower 48,TI,Total interchange,-3575,megawatthours
2026-01-08T22,WACM,Western Area Power Administration - Rocky Mountain Region,D,Demand,3920,megawatthours
2026-01-08T22,WACM,Western Area Power Administration - Rocky Mountain Region,DF,Day-ahead demand forecast,3469,megawatthours
2026-01-08T22,WACM,Western Area Power Administration - Rocky Mountain Region,NG,Net generation,3390,megawatthours
2026-01-08T22,WACM,Western Area Power Administration - Rocky Mountain Region,TI,Total interchange,-530,megawatthours
2026-01-08T22,WALC,Western Area Power Administration - Desert Southwest Region,D,Demand,886,megawatthours
2026-01-08T22,WALC,Western Area Power Administration - Desert Southwest Region,DF,Day-ahead demand forecast,833,megawatthours
2026-01-08T22,WALC,Western Area Power Administration - Desert Southwest Region,NG,Net generation,939,megawatthours
2026-01-08T22,WAUW,Western Area Power Administration - Upper Great Plains West,D,Demand,101,megawatthours
2026-01-08T22,WAUW,Western Area Power Administration - Upper Great Plains West,DF,Day-ahead demand forecast,97,megawatthours
2026-01-08T22,WAUW,Western Area Power Administration - Upper Great Plains West,NG,Net generation,37,megawatthours
2026-01-08T22,WAUW,Western Area Power Administration - Upper Great Plains West,TI,Total interchange,-64,megawatthours
2026-01-08T22,YAD,"Alcoa Power Generating, Inc. - Yadkin Division",NG,Net generation,0,megawatthours
2026-01-08T22,YAD,"Alcoa Power Generating, Inc. - Yadkin Division",TI,Total interchange,-2,megawatthours
2026-01-08T21,AECI,"Associated Electric Cooperative, Inc.",D,Demand,2062,megawatthours
2026-01-08T21,AECI,"Associated Electric Cooperative, Inc.",DF,Day-ahead demand forecast,2021,megawatthours
2026-01-08T21,AECI,"Associated Electric Cooperative, Inc.",NG,Net generation,2675,megawatthours
2026-01-08T21,AECI,"Associated Electric Cooperative, Inc.",TI,Total interchange,613,megawatthours
2026-01-08T21,AVA,Avista Corporation,D,Demand,1772,megawatthours
2026-01-08T21,AVA,Avista Corporation,DF,Day-ahead demand forecast,1784,megawatthours
2026-01-08T21,AVA,Avista Corporation,NG,Net generation,1164,megawatthours
2026-01-08T21,AVA,Avista Corporation,TI,Total interchange,-608,megawatthours
2026-01-08T21,AVRN,"Avangrid Renewables, LLC",NG,Net generation,1839,megawatthours
2026-01-08T21,AVRN,"Avangrid Renewables, LLC",TI,Total interchange,1839,megawatthours
2026-01-08T21,AZPS,Arizona Public Service Company,D,Demand,3807,megawatthours
2026-01-08T21,AZPS,Arizona Public Service Company,DF,Day-ahead demand forecast,3542,megawatthours
2026-01-08T21,AZPS,Arizona Public Service Company,NG,Net generation,1787,megawatthours
2026-01-08T21,AZPS,Arizona Public Service Company,TI,Total interchange,-2020,megawatthours
2026-01-08T21,BANC,Balancing Authority of Northern California,D,Demand,1914,megawatthours
2026-01-08T21,BANC,Balancing Authority of Northern California,DF,Day-ahead demand forecast,2007,megawatthours
2026-01-08T21,BANC,Balancing Authority of Northern California,NG,Net generation,1616,megawatthours
2026-01-08T21,BANC,Balancing Authority of Northern California,TI,Total interchange,-298,megawatthours
2026-01-08T21,BPAT,Bonneville Power Administration,D,Demand,8691,megawatthours
2026-01-08T21,BPAT,Bonneville Power Administration,DF,Day-ahead demand forecast,8600,megawatthours
2026-01-08T21,BPAT,Bonneville Power Administration,NG,Net generation,14968,megawatthours
2026-01-08T21,BPAT,Bonneville Power Administration,TI,Total interchange,6277,megawatthours
2026-01-08T21,CAL,California,D,Demand,30797,megawatthours
2026-01-08T21,CAL,California,DF,Day-ahead demand forecast,24645,megawatthours
2026-01-08T21,CAL,California,NG,Net generation,18723,megawatthours
2026-01-08T21,CAL,California,TI,Total interchange,-3866,megawatthours
2026-01-08T21,CAR,Carolinas,D,Demand,20401,megawatthours
2026-01-08T21,CAR,Carolinas,DF,Day-ahead demand forecast,20451,megawatthours
2026-01-08T21,CAR,Carolinas,NG,Net generation,19925,megawatthours
2026-01-08T21,CAR,Carolinas,TI,Total interchange,-499,megawatthours
2026-01-08T21,CENT,Central,D,Demand,31244,megawatthours
2026-01-08T21,CENT,Central,DF,Day-ahead demand forecast,35187,megawatthours
2026-01-08T21,CENT,Central,NG,Net generation,31204,megawatthours
2026-01-08T21,CENT,Central,TI,Total interchange,-161,megawatthours
2026-01-08T21,CHPD,Public Utility District No. 1 of Chelan County,D,Demand,283,megawatthours
2026-01-08T21,CHPD,Public Utility District No. 1 of Chelan County,DF,Day-ahead demand forecast,320,megawatthours
2026-01-08T21,CHPD,Public Utility District No. 1 of Chelan County,NG,Net generation,1424,megawatthours
2026-01-08T21,CHPD,Public Utility District No. 1 of Chelan County,TI,Total interchange,1141,megawatthours
2026-01-08T21,CISO,California Independent System Operator,D,Demand,27585,megawatthours
2026-01-08T21,CISO,California Independent System Operator,DF,Day-ahead demand forecast,19618,megawatthours
2026-01-08T21,CISO,California Independent System Operator,NG,Net generation,13899,megawatthours
2026-01-08T21,CISO,California Independent System Operator,TI,Total interchange,-3441,megawatthours
2026-01-08T21,CPLE,Duke Energy Progress East,D,Demand,6012,megawatthours
2026-01-08T21,CPLE,Duke Energy Progress East,DF,Day-ahead demand forecast,5869,megawatthours
2026-01-08T21,CPLE,Duke Energy Progress East,NG,Net generation,6661,megawatthours
2026-01-08T21,CPLE,Duke Energy Progress East,TI,Total interchange,649,megawatthours
2026-01-08T21,CPLW,Duke Energy Progress West,D,Demand,516,megawatthours
2026-01-08T21,CPLW,Duke Energy Progress West,DF,Day-ahead demand forecast,555,megawatthours
2026-01-08T21,CPLW,Duke Energy Progress West,NG,Net generation,516,megawatthours
2026-01-08T21,CPLW,Duke Energy Progress West,TI,Total interchange,0,megawatthours
2026-01-08T21,DEAA,"Arlington Valley, LLC",NG,Net generation,325,megawatthours
2026-01-08T21,DEAA,"Arlington Valley, LLC",TI,Total interchange,325,megawatthours
2026-01-08T21,DOPD,PUD No. 1 of Douglas County,D,Demand,327,megawatthours
2026-01-08T21,DOPD,PUD No. 1 of Douglas County,DF,Day-ahead demand forecast,370,megawatthours
2026-01-08T21,DOPD,PUD No. 1 of Douglas County,NG,Net generation,695,megawatthours
2026-01-08T21,DOPD,PUD No. 1 of Douglas County,TI,Total interchange,368,megawatthours
2026-01-08T21,DUK,Duke Energy Carolinas,D,Demand,11185,megawatthours
2026-01-08T21,DUK,Duke Energy Carolinas,DF,Day-ahead demand forecast,11311,megawatthours
2026-01-08T21,DUK,Duke Energy Carolinas,NG,Net generation,11340,megawatthours
2026-01-08T21,DUK,Duke Energy Carolinas,TI,Total interchange,155,megawatthours
2026-01-08T21,EPE,El Paso Electric Company,D,Demand,857,megawatthours
2026-01-08T21,EPE,El Paso Electric Company,DF,Day-ahead demand forecast,816,megawatthours
2026-01-08T21,EPE,El Paso Electric Company,NG,Net generation,709,megawatthours
2026-01-08T21,EPE,El Paso Electric Company,TI,Total interchange,-149,megawatthours
2026-01-08T21,ERCO,"Electric Reliability Council of Texas, Inc.",D,Demand,53575,megawatthours
2026-01-08T21,ERCO,"Electric Reliability Council of Texas, Inc.",DF,Day-ahead demand forecast,54026,megawatthours
2026-01-08T21,ERCO,"Electric Reliability Council of Texas, Inc.",NG,Net generation,53274,megawatthours
2026-01-08T21,ERCO,"Electric Reliability Council of Texas, Inc.",TI,Total interchange,-301,megawatthours
2026-01-08T21,FLA,Florida,D,Demand,30126,megawatthours
2026-01-08T21,FLA,Florida,DF,Day-ahead demand forecast,29033,megawatthours
2026-01-08T21,FLA,Florida,NG,Net generation,30118,megawatthours
2026-01-08T21,FLA,Florida,TI,Total interchange,2,megawatthours
2026-01-08T21,FMPP,Florida Municipal Power Pool,D,Demand,2189,megawatthours
2026-01-08T21,FMPP,Florida Municipal Power Pool,DF,Day-ahead demand forecast,2222,megawatthours
2026-01-08T21,FMPP,Florida Municipal Power Pool,NG,Net generation,2098,megawatthours
2026-01-08T21,FMPP,Florida Municipal Power Pool,TI,Total interchange,-91,megawatthours
2026-01-08T21,FPC,"Duke Energy Florida, Inc.",D,Demand,6254,megawatthours
2026-01-08T21,FPC,"Duke Energy Florida, Inc.",DF,Day-ahead demand forecast,4927,megawatthours
2026-01-08T21,FPC,"Duke Energy Florida, Inc.",NG,Net generation,4964,megawatthours
2026-01-08T21,FPC,"Duke Energy Florida, Inc.",TI,Total interchange,-1290,megawatthours
2026-01-08T21,FPL,Florida Power & Light Co.,D,Demand,16775,megawatthours
2026-01-08T21,FPL,Florida Power & Light Co.,DF,Day-ahead demand forecast,16977,megawatthours
2026-01-08T21,FPL,Florida Power & Light Co.,NG,Net generation,17756,megawatthours
2026-01-08T21,FPL,Florida Power & Light Co.,TI,Total interchange,981,megawatthours
2026-01-08T21,GCPD,"Public Utility District No. 2 of Grant County, Washington",D,Demand,744,megawatthours
2026-01-08T21,GCPD,"Public Utility District No. 2 of Grant County, Washington",DF,Day-ahead demand forecast,771,megawatthours
2026-01-08T21,GCPD,"Public Utility District No. 2 of Grant County, Washington",NG,Net generation,1429,megawatthours
2026-01-08T21,GCPD,"Public Utility District No. 2 of Grant County, Washington",TI,Total interchange,788,megawatthours
2026-01-08T21,GRID,"Gridforce Energy Management, LLC",NG,Net generation,2196,megawatthours
2026-01-08T21,GRID,"Gridforce Energy Management, LLC",TI,Total interchange,2196,megawatthours
2026-01-08T21,GVL,Gainesville Regional Utilities,D,Demand,224,megawatthours
2026-01-08T21,GVL,Gainesville Regional Utilities,DF,Day-ahead demand forecast,202,megawatthours
2026-01-08T21,GVL,Gainesville Regional Utilities,NG,Net generation,121,megawatthours
2026-01-08T21,GVL,Gainesville Regional Utilities,TI,Total interchange,-95,megawatthours
2026-01-08T21,GWA,"NaturEner Power Watch, LLC",NG,Net generation,353,megawatthours
2026-01-08T21,GWA,"NaturEner Power Watch, LLC",TI,Total interchange,353,megawatthours
2026-01-08T21,HST,City of Homestead,D,Demand,75,megawatthours
2026-01-08T21,HST,City of Homestead,DF,Day-ahead demand forecast,77,megawatthours
2026-01-08T21,HST,City of Homestead,NG,Net generation,0,megawatthours
2026-01-08T21,HST,City of Homestead,TI,Total interchange,-75,megawatthours
2026-01-08T21,IID,Imperial Irrigation District,D,Demand,289,megawatthours
2026-01-08T21,IID,Imperial Irrigation District,DF,Day-ahead demand forecast,312,megawatthours
2026-01-08T21,IID,Imperial Irrigation District,NG,Net generation,900,megawatthours
2026-01-08T21,IID,Imperial Irrigation District,TI,Total interchange,614,megawatthours
2026-01-08T21,IPCO,Idaho Power Company,D,Demand,2208,megawatthours
2026-01-08T21,IPCO,Idaho Power Company,DF,Day-ahead demand forecast,2050,megawatthours
2026-01-08T21,IPCO,Idaho Power Company,NG,Net generation,1829,megawatthours
2026-01-08T21,IPCO,Idaho Power Company,TI,Total interchange,-375,megawatthours
2026-01-08T21,ISNE,ISO New England,D,Demand,14980,megawatthours
2026-01-08T21,ISNE,ISO New England,DF,Day-ahead demand forecast,14580,megawatthours
2026-01-08T21,ISNE,ISO New England,NG,Net generation,13366,megawatthours
2026-01-08T21,ISNE,ISO New England,TI,Total interchange,-1614,megawatthours
2026-01-08T21,JEA,JEA,D,Demand,1452,megawatthours
2026-01-08T21,JEA,JEA,DF,Day-ahead demand forecast,1524,megawatthours
2026-01-08T21,JEA,JEA,NG,Net generation,719,megawatthours
2026-01-08T21,JEA,JEA,TI,Total interchange,-731,megawatthours
2026-01-08T21,LDWP,Los Angeles Department of Water and Power,D,Demand,734,megawatthours
2026-01-08T21,LDWP,Los Angeles Department of Water and Power,DF,Day-ahead demand forecast,2415,megawatthours
2026-01-08T21,LDWP,Los Angeles Department of Water and Power,NG,Net generation,2145,megawatthours
2026-01-08T21,LDWP,Los Angeles Department of Water and Power,TI,Total interchange,-633,megawatthours
2026-01-08T21,LGEE,LG&E and KU Services Company as agent for Louisville Gas and Electric Company and Kentucky Utilities Company,D,Demand,4000,megawatthours
2026-01-08T21,LGEE,LG&E and KU Services Company as agent for Louisville Gas and Electric Company and Kentucky Utilities Company,DF,Day-ahead demand forecast,3720,megawatthours
2026-01-08T21,LGEE,LG&E and KU Services Company as agent for Louisville Gas and Electric Company and Kentucky Utilities Company,NG,Net generation,3405,megawatthours
2026-01-08T21,MIDA,Mid-Atlantic,D,Demand,93296,megawatthours
2026-01-08T21,MIDA,Mid-Atlantic,DF,Day-ahead demand forecast,95413,megawatthours
2026-01-08T21,MIDA,Mid-Atlantic,NG,Net generation,98456,megawatthours
2026-01-08T21,MIDA,Mid-Atlantic,TI,Total interchange,1662,megawatthours
2026-01-08T21,MIDW,Midwest,D,Demand,81159,megawatthours
2026-01-08T21,MIDW,Midwest,DF,Day-ahead demand forecast,83126,megawatthours
2026-01-08T21,MIDW,Midwest,NG,Net generation,80833,megawatthours
2026-01-08T21,MIDW,Midwest,TI,Total interchange,-1814,megawatthours
2026-01-08T21,MISO,"Midcontinent Independent System Operator, Inc.",D,Demand,75097,megawatthours
2026-01-08T21,MISO,"Midcontinent Independent System Operator, Inc.",DF,Day-ahead demand forecast,77385,megawatthours
2026-01-08T21,MISO,"Midcontinent Independent System Operator, Inc.",NG,Net generation,74744,megawatthours
2026-01-08T21,MISO,"Midcontinent Independent System Operator, Inc.",TI,Total interchange,-2436,megawatthours
2026-01-08T21,NE,New England,D,Demand,14980,megawatthours
2026-01-08T21,NE,New England,DF,Day-ahead demand forecast,14580,megawatthours
2026-01-08T21,NE,New England,NG,Net generation,13366,megawatthours
2026-01-08T21,NE,New England,TI,Total interchange,-1614,megawatthours
2026-01-08T21,NEVP,Nevada Power Company,D,Demand,4493,megawatthours
2026-01-08T21,NEVP,Nevada Power Company,DF,Day-ahead demand forecast,3712,megawatthours
2026-01-08T21,NEVP,Nevada Power Company,NG,Net generation,5226,megawatthours
2026-01-08T21,NEVP,Nevada Power Company,TI,Total interchange,705,megawatthours
2026-01-08T21,NW,Northwest,D,Demand,48894,megawatthours
2026-01-08T21,NW,Northwest,DF,Day-ahead demand forecast,34351,megawatthours
2026-01-08T21,NW,Northwest,NG,Net generation,51308,megawatthours
2026-01-08T21,NW,Northwest,TI,Total interchange,2493,megawatthours
2026-01-08T21,NWMT,NorthWestern Corporation,D,Demand,1371,megawatthours
2026-01-08T21,NWMT,NorthWestern Corporation,DF,Day-ahead demand forecast,1477,megawatthours
2026-01-08T21,NWMT,NorthWestern Corporation,NG,Net generation,2066,megawatthours
2026-01-08T21,NWMT,NorthWestern Corporation,TI,Total interchange,695,megawatthours
2026-01-08T21,NY,New York,D,Demand,17494,megawatthours
2026-01-08T21,NY,New York,DF,Day-ahead demand forecast,17956,megawatthours
2026-01-08T21,NY,New York,NG,Net generation,15404,megawatthours
2026-01-08T21,NY,New York,TI,Total interchange,-2090,megawatthours
2026-01-08T21,NYIS,New York Independent System Operator,D,Demand,17494,megawatthours
2026-01-08T21,NYIS,New York Independent System Operator,DF,Day-ahead demand forecast,17956,megawatthours
2026-01-08T21,NYIS,New York Independent System Operator,NG,Net generation,15404,megawatthours
2026-01-08T21,NYIS,New York Independent System Operator,TI,Total interchange,-2090,megawatthours
2026-01-08T21,PACE,PacifiCorp East,D,Demand,6751,megawatthours
2026-01-08T21,PACE,PacifiCorp East,NG,Net generation,5559,megawatthours
2026-01-08T21,PACE,PacifiCorp East,TI,Total interchange,-1192,megawatthours
2026-01-08T21,PACW,PacifiCorp West,D,Demand,2969,megawatthours
2026-01-08T21,PACW,PacifiCorp West,NG,Net generation,1109,megawatthours
2026-01-08T21,PACW,PacifiCorp West,TI,Total interchange,-1860,megawatthours
2026-01-08T21,PGE,Portland General Electric Company,D,Demand,3227,megawatthours
2026-01-08T21,PGE,Portland General Electric Company,DF,Day-ahead demand forecast,3245,megawatthours
2026-01-08T21,PGE,Portland General Electric Company,NG,Net generation,549,megawatthours
2026-01-08T21,PGE,Portland General Electric Company,TI,Total interchange,-2678,megawatthours
2026-01-08T21,PJM,"PJM Interconnection, LLC",D,Demand,93296,megawatthours
2026-01-08T21,PJM,"PJM Interconnection, LLC",DF,Day-ahead demand forecast,95413,megawatthours
2026-01-08T21,PJM,"PJM Interconnection, LLC",NG,Net generation,98456,megawatthours
2026-01-08T21,PJM,"PJM Interconnection, LLC",TI,Total interchange,1662,megawatthours
2026-01-08T21,PNM,Public Service Company of New Mexico,D,Demand,1729,megawatthours
2026-01-08T21,PNM,Public Service Company of New Mexico,DF,Day-ahead demand forecast,1458,megawatthours
2026-01-08T21,PNM,Public Service Company of New Mexico,NG,Net generation,2199,megawatthours
2026-01-08T21,PNM,Public Service Company of New Mexico,TI,Total interchange,472,megawatthours
2026-01-08T21,PSCO,Public Service Company of Colorado,D,Demand,6073,megawatthours
2026-01-08T21,PSCO,Public Service Company of Colorado,DF,Day-ahead demand forecast,5045,megawatthours
2026-01-08T21,PSCO,Public Service Company of Colorado,NG,Net generation,5714,megawatthours
2026-01-08T21,PSCO,Public Service Company of Colorado,TI,Total interchange,-359,megawatthours
2026-01-08T21,PSEI,"Puget Sound Energy, Inc.",D,Demand,3847,megawatthours
2026-01-08T21,PSEI,"Puget Sound Energy, Inc.",DF,Day-ahead demand forecast,1301,megawatthours
2026-01-08T21,PSEI,"Puget Sound Energy, Inc.",NG,Net generation,568,megawatthours
