unique_id,ds,y
1,2026-01-05 21:00:00,24
1,2026-01-05 21:00:00,27680
1,2026-01-05 21:00:00,4116
1,2026-01-05 21:00:00,-1216
1,2026-01-05 21:00:00,16224
1,2026-01-05 21:00:00,17460
1,2026-01-05 21:00:00,17440
1,2026-01-05 21:00:00,1735
1,2026-01-05 21:00:00,109166
1,2026-01-05 21:00:00,76553
1,2026-01-05 21:00:00,74485
1,2026-01-05 21:00:00,-1657
1,2026-01-05 21:00:00,81348
1,2026-01-05 21:00:00,82475
1,2026-01-05 21:00:00,80822
1,2026-01-05 21:00:00,-2078
1,2026-01-05 21:00:00,74590
1,2026-01-05 21:00:00,103852
1,2026-01-05 21:00:00,103
1,2026-01-05 21:00:00,-646
1,2026-01-05 21:00:00,3600
1,2026-01-05 21:00:00,3834
1,2026-01-05 21:00:00,4246
1,2026-01-05 21:00:00,0
1,2026-01-05 21:00:00,103
1,2026-01-05 21:00:00,17460
1,2026-01-05 21:00:00,103900
1,2026-01-05 21:00:00,-503
1,2026-01-05 21:00:00,833
1,2026-01-05 21:00:00,1392
1,2026-01-05 21:00:00,1338
1,2026-01-05 21:00:00,-1216
1,2026-01-05 21:00:00,16224
1,2026-01-05 21:00:00,2577
1,2026-01-05 21:00:00,64
1,2026-01-05 21:00:00,17440
1,2026-01-05 21:00:00,1373
1,2026-01-05 21:00:00,2009
1,2026-01-05 21:00:00,1831
1,2026-01-05 21:00:00,2056
1,2026-01-05 21:00:00,560
1,2026-01-05 21:00:00,847
1,2026-01-05 21:00:00,-73
1,2026-01-05 21:00:00,1831
1,2026-01-05 21:00:00,0
1,2026-01-05 21:00:00,270
1,2026-01-05 21:00:00,270
1,2026-01-05 21:00:00,-88
1,2026-01-05 21:00:00,108
1,2026-01-05 21:00:00,204
1,2026-01-05 21:00:00,73
1,2026-01-05 21:00:00,292
1,2026-01-05 21:00:00,3597
1,2026-01-05 21:00:00,15759
1,2026-01-05 21:00:00,4467
1,2026-01-05 21:00:00,761
1,2026-01-05 21:00:00,740
1,2026-01-05 21:00:00,684
1,2026-01-05 21:00:00,16436
1,2026-01-05 21:00:00,-679
1,2026-01-05 21:00:00,15752
1,2026-01-05 21:00:00,501
1,2026-01-05 21:00:00,1249
1,2026-01-05 21:00:00,4478
1,2026-01-05 21:00:00,5517
1,2026-01-05 21:00:00,-159
1,2026-01-05 21:00:00,1814
1,2026-01-05 21:00:00,1985
1,2026-01-05 21:00:00,1973
1,2026-01-05 21:00:00,-1050
1,2026-01-05 21:00:00,4188
1,2026-01-05 21:00:00,180
1,2026-01-05 21:00:00,17851
1,2026-01-05 21:00:00,3
1,2026-01-05 21:00:00,51284
1,2026-01-05 21:00:00,51130
1,2026-01-05 21:00:00,51281
1,2026-01-05 21:00:00,-294
1,2026-01-05 21:00:00,526
1,2026-01-05 21:00:00,331
1,2026-01-05 21:00:00,331
1,2026-01-05 21:00:00,-368
1,2026-01-05 21:00:00,12222
1,2026-01-05 21:00:00,12059
1,2026-01-05 21:00:00,12590
1,2026-01-05 21:00:00,362
1,2026-01-05 21:00:00,693
1,2026-01-05 21:00:00,814
1,2026-01-05 21:00:00,819
1,2026-01-05 21:00:00,298
1,2026-01-05 21:00:00,6669
1,2026-01-05 21:00:00,26569
1,2026-01-05 21:00:00,7
1,2026-01-05 21:00:00,578
1,2026-01-05 21:00:00,513
1,2026-01-05 21:00:00,864
1,2026-01-05 21:00:00,7533
1,2026-01-05 21:00:00,303
1,2026-01-05 21:00:00,298
1,2026-01-05 21:00:00,-5515
1,2026-01-05 21:00:00,15425
1,2026-01-05 21:00:00,22845
1,2026-01-05 21:00:00,27484
1,2026-01-05 21:00:00,1194
1,2026-01-05 21:00:00,1482
1,2026-01-05 21:00:00,7071
1,2026-01-05 21:00:00,27625
1,2026-01-05 21:00:00,520
1,2026-01-05 21:00:00,33283
1,2026-01-05 21:00:00,34889
1,2026-01-05 21:00:00,32440
1,2026-01-05 21:00:00,-505
1,2026-01-05 21:00:00,24710
1,2026-01-05 21:00:00,288
1,2026-01-05 21:00:00,25189
1,2026-01-05 21:00:00,-790
1,2026-01-05 21:00:00,1313
1,2026-01-05 21:00:00,27874
1,2026-01-05 21:00:00,30265
1,2026-01-05 21:00:00,6508
1,2026-01-05 21:00:00,14540
1,2026-01-05 21:00:00,8032
1,2026-01-05 21:00:00,7823
1,2026-01-05 21:00:00,-5862
1,2026-01-05 21:00:00,2154
1,2026-01-05 21:00:00,24885
1,2026-01-05 21:00:00,1099
1,2026-01-05 21:00:00,-2318
1,2026-01-05 21:00:00,856
1,2026-01-05 21:00:00,3331
1,2026-01-05 21:00:00,3604
1,2026-01-05 21:00:00,795
1,2026-01-05 21:00:00,795
1,2026-01-05 21:00:00,2103
1,2026-01-05 21:00:00,1286
1,2026-01-05 21:00:00,1695
1,2026-01-05 21:00:00,1678
1,2026-01-05 21:00:00,1058
1,2026-01-05 21:00:00,3149
1,2026-01-05 21:00:00,2088
1,2026-01-05 21:00:00,2091
1,2026-01-05 21:00:00,-579
1,2026-01-05 22:00:00,3766
1,2026-01-05 22:00:00,3274
1,2026-01-05 22:00:00,3427
1,2026-01-05 22:00:00,-339
1,2026-01-05 22:00:00,818
1,2026-01-05 22:00:00,713
1,2026-01-05 22:00:00,97
1,2026-01-05 22:00:00,276
1,2026-01-05 22:00:00,93
1,2026-01-05 22:00:00,40
1,2026-01-05 22:00:00,-57
1,2026-01-05 22:00:00,0
1,2026-01-05 22:00:00,1094
1,2026-01-05 22:00:00,-2039
1,2026-01-05 22:00:00,492699
1,2026-01-05 22:00:00,482142
1,2026-01-05 22:00:00,667
1,2026-01-05 22:00:00,108
1,2026-01-05 22:00:00,17413
1,2026-01-05 22:00:00,17909
1,2026-01-05 22:00:00,17404
1,2026-01-05 22:00:00,28
1,2026-01-05 22:00:00,491482
1,2026-01-05 22:00:00,654
1,2026-01-05 22:00:00,639
1,2026-01-05 22:00:00,-126
1,2026-01-05 22:00:00,163
1,2026-01-05 22:00:00,301
1,2026-01-05 22:00:00,294
1,2026-01-05 22:00:00,216
1,2026-01-05 22:00:00,51222
1,2026-01-05 22:00:00,-1144
1,2026-01-05 22:00:00,904
1,2026-01-05 22:00:00,51622
1,2026-01-05 22:00:00,1203
1,2026-01-05 22:00:00,9
1,2026-01-05 22:00:00,108
1,2026-01-05 22:00:00,17413
1,2026-01-05 22:00:00,17909
1,2026-01-05 22:00:00,17404
1,2026-01-05 22:00:00,-220
1,2026-01-05 22:00:00,2059
1,2026-01-05 22:00:00,2378
1,2026-01-05 22:00:00,2279
1,2026-01-05 22:00:00,50
1,2026-01-05 22:00:00,326
1,2026-01-05 22:00:00,275
1,2026-01-05 22:00:00,275
1,2026-01-05 22:00:00,631
1,2026-01-05 22:00:00,32768
1,2026-01-05 22:00:00,24478
1,2026-01-05 22:00:00,24711
1,2026-01-05 22:00:00,2413
1,2026-01-05 22:00:00,34733
1,2026-01-05 22:00:00,32137
1,2026-01-05 22:00:00,1965
1,2026-01-05 22:00:00,12889
1,2026-01-05 22:00:00,51840
1,2026-01-05 22:00:00,10933
1,2026-01-05 22:00:00,5381
1,2026-01-05 22:00:00,-37
1,2026-01-05 22:00:00,3251
1,2026-01-05 22:00:00,3077
1,2026-01-05 22:00:00,24
1,2026-01-05 22:00:00,25615
1,2026-01-05 22:00:00,11076
1,2026-01-05 22:00:00,0
1,2026-01-05 22:00:00,3616
1,2026-01-05 22:00:00,108496
1,2026-01-05 22:00:00,1654
1,2026-01-05 22:00:00,181
1,2026-01-05 22:00:00,272
1,2026-01-05 22:00:00,906
1,2026-01-05 22:00:00,25615
1,2026-01-05 22:00:00,24478
1,2026-01-05 22:00:00,24711
1,2026-01-05 22:00:00,1581
1,2026-01-05 22:00:00,733
1,2026-01-05 22:00:00,1298
1,2026-01-05 22:00:00,1413
1,2026-01-05 22:00:00,2604
1,2026-01-05 22:00:00,2383
1,2026-01-05 22:00:00,185
1,2026-01-05 22:00:00,-1104
1,2026-01-05 22:00:00,1358
1,2026-01-05 22:00:00,2639
1,2026-01-05 22:00:00,1334
1,2026-01-05 22:00:00,3532
1,2026-01-05 22:00:00,1672
1,2026-01-05 22:00:00,2836
1,2026-01-05 22:00:00,2751
1,2026-01-05 22:00:00,-3153
1,2026-01-05 22:00:00,1382
1,2026-01-05 22:00:00,379
1,2026-01-05 22:00:00,5750
1,2026-01-05 22:00:00,65
1,2026-01-05 22:00:00,2419
1,2026-01-05 22:00:00,4383
1,2026-01-05 22:00:00,5685
1,2026-01-05 22:00:00,1102
1,2026-01-05 22:00:00,1107
1,2026-01-05 22:00:00,2
1,2026-01-05 22:00:00,0
1,2026-01-05 22:00:00,1626
1,2026-01-05 22:00:00,106085
1,2026-01-05 22:00:00,-2585
1,2026-01-05 22:00:00,425
1,2026-01-05 22:00:00,2936
1,2026-01-05 22:00:00,3010
1,2026-01-05 22:00:00,-1751
1,2026-01-05 22:00:00,922
1,2026-01-05 22:00:00,2673
1,2026-01-05 22:00:00,1139
1,2026-01-05 22:00:00,7763
1,2026-01-05 22:00:00,6624
1,2026-01-05 22:00:00,-1575
1,2026-01-05 22:00:00,20030
1,2026-01-05 22:00:00,21022
1,2026-01-05 22:00:00,21605
1,2026-01-05 22:00:00,-1575
1,2026-01-05 22:00:00,9
1,2026-01-05 22:00:00,1383
1,2026-01-05 22:00:00,20030
1,2026-01-05 22:00:00,21022
1,2026-01-05 22:00:00,21605
1,2026-01-05 22:00:00,940
1,2026-01-05 22:00:00,2323
1,2026-01-05 22:00:00,-680
1,2026-01-05 22:00:00,1393
1,2026-01-05 22:00:00,111212
1,2026-01-05 22:00:00,49630
1,2026-01-05 22:00:00,31564
1,2026-01-05 22:00:00,45839
1,2026-01-05 22:00:00,263
1,2026-01-05 22:00:00,4362
1,2026-01-05 22:00:00,3785
1,2026-01-05 22:00:00,1166
1,2026-01-05 22:00:00,-5703
1,2026-01-05 22:00:00,2003
1,2026-01-05 22:00:00,18256
1,2026-01-05 22:00:00,-2318
1,2026-01-05 22:00:00,74624
1,2026-01-05 22:00:00,77054
1,2026-01-05 22:00:00,74746
1,2026-01-05 22:00:00,-1924
1,2026-01-05 22:00:00,81324
1,2026-01-05 22:00:00,82970
1,2026-01-05 22:00:00,81052
1,2026-01-05 22:00:00,1626
1,2026-01-05 22:00:00,111212
1,2026-01-05 22:00:00,108496
1,2026-01-05 22:00:00,106085
1,2026-01-05 22:00:00,-702
1,2026-01-05 22:00:00,3551
1,2026-01-05 22:00:00,3844
1,2026-01-05 22:00:00,1302
1,2026-01-05 22:00:00,1403
1,2026-01-05 22:00:00,0
1,2026-01-05 22:00:00,108
1,2026-01-05 22:00:00,2581
1,2026-01-05 22:00:00,108
1,2026-01-05 22:00:00,-457
1,2026-01-05 22:00:00,28604
1,2026-01-05 22:00:00,888
1,2026-01-05 22:00:00,557
1,2026-01-05 22:00:00,-1144
1,2026-01-05 22:00:00,17112
1,2026-01-05 22:00:00,18210
1,2026-01-05 22:00:00,18256
1,2026-01-05 22:00:00,-756
1,2026-01-05 22:00:00,1347
1,2026-01-05 22:00:00,216
1,2026-01-05 22:00:00,2062
1,2026-01-05 22:00:00,829
1,2026-01-05 22:00:00,4050
1,2026-01-05 22:00:00,1110
1,2026-01-05 22:00:00,377
1,2026-01-05 22:00:00,1815
1,2026-01-05 22:00:00,1815
1,2026-01-05 22:00:00,182
1,2026-01-05 22:00:00,-75
1,2026-01-05 22:00:00,-94
1,2026-01-05 22:00:00,273
1,2026-01-05 22:00:00,311
1,2026-01-05 22:00:00,75
1,2026-01-05 22:00:00,0
1,2026-01-05 22:00:00,105
1,2026-01-05 22:00:00,747
1,2026-01-05 22:00:00,26982
1,2026-01-05 22:00:00,546
1,2026-01-05 22:00:00,299
1,2026-01-05 22:00:00,5758
1,2026-01-05 22:00:00,16255
1,2026-01-05 22:00:00,15842
1,2026-01-05 22:00:00,15709
1,2026-01-05 22:00:00,-1176
1,2026-01-05 22:00:00,4582
1,2026-01-05 22:00:00,4253
1,2026-01-05 22:00:00,4704
1,2026-01-05 22:00:00,734
1,2026-01-05 22:00:00,2692
1,2026-01-05 22:00:00,2017
1,2026-01-05 22:00:00,2682
1,2026-01-05 22:00:00,-34
1,2026-01-05 22:00:00,28561
1,2026-01-05 22:00:00,10
1,2026-01-05 22:00:00,32768
1,2026-01-05 22:00:00,207
1,2026-01-05 22:00:00,-514
1,2026-01-05 22:00:00,522
1,2026-01-05 22:00:00,843
1,2026-01-05 22:00:00,844
1,2026-01-05 22:00:00,86
1,2026-01-05 22:00:00,12780
1,2026-01-05 22:00:00,12366
1,2026-01-05 22:00:00,12694
1,2026-01-05 22:00:00,330
1,2026-01-05 22:00:00,653
1,2026-01-05 22:00:00,327
1,2026-01-05 22:00:00,323
1,2026-01-05 22:00:00,301
1,2026-01-05 22:00:00,301
1,2026-01-05 22:00:00,-9
1,2026-01-05 22:00:00,-323
1,2026-01-05 22:00:00,522
1,2026-01-05 22:00:00,296
1,2026-01-05 22:00:00,1447
1,2026-01-05 22:00:00,1168
1,2026-01-05 22:00:00,26215
1,2026-01-05 22:00:00,23024
1,2026-01-05 22:00:00,51840
1,2026-01-05 22:00:00,15922
1,2026-01-05 22:00:00,6851
1,2026-01-05 22:00:00,7377
1,2026-01-05 22:00:00,7179
1,2026-01-05 22:00:00,328
1,2026-01-05 22:00:00,531
1,2026-01-05 22:00:00,611
1,2026-01-05 22:00:00,51222
1,2026-01-05 22:00:00,279
1,2026-01-05 22:00:00,51622
1,2026-01-05 22:00:00,17112
1,2026-01-05 22:00:00,18210
1,2026-01-05 22:00:00,631
1,2026-01-05 22:00:00,24757
1,2026-01-05 22:00:00,25573
1,2026-01-05 22:00:00,25246
1,2026-01-05 22:00:00,-6085
1,2026-01-05 22:00:00,18331
1,2026-01-05 22:00:00,28050
1,2026-01-05 22:00:00,29038
1,2026-01-05 22:00:00,6395
1,2026-01-05 22:00:00,7757
1,2026-01-05 22:00:00,7915
1,2026-01-05 22:00:00,-813
1,2026-01-05 22:00:00,1309
1,2026-01-05 22:00:00,32161
1,2026-01-05 22:00:00,2144
1,2026-01-05 22:00:00,14310
1,2026-01-05 22:00:00,1786
1,2026-01-05 22:00:00,34733
1,2026-01-05 22:00:00,-1767
1,2026-01-05 22:00:00,2053
1,2026-01-05 22:00:00,2072
1,2026-01-05 22:00:00,3140
1,2026-01-05 22:00:00,1087
1,2026-01-05 22:00:00,1654
1,2026-01-05 22:00:00,2122
1,2026-01-05 22:00:00,1038
1,2026-01-05 22:00:00,3434
1,2026-01-05 22:00:00,-616
1,2026-01-05 22:00:00,891
1,2026-01-05 22:00:00,891
1,2026-01-05 22:00:00,3553
1,2026-01-05 22:00:00,1680
1,2026-01-05 23:00:00,3272
1,2026-01-05 23:00:00,3475
1,2026-01-05 23:00:00,-190
1,2026-01-05 23:00:00,815
1,2026-01-05 23:00:00,626
1,2026-01-05 23:00:00,94
1,2026-01-05 23:00:00,297
1,2026-01-05 23:00:00,93
1,2026-01-05 23:00:00,42
1,2026-01-05 23:00:00,-52
1,2026-01-05 23:00:00,0
1,2026-01-05 23:00:00,3665
1,2026-01-05 23:00:00,1112
1,2026-01-05 23:00:00,-2506
1,2026-01-05 23:00:00,468
1,2026-01-05 23:00:00,493144
1,2026-01-05 23:00:00,500959
1,2026-01-05 23:00:00,-1051
1,2026-01-05 23:00:00,18317
1,2026-01-05 23:00:00,18494
1,2026-01-05 23:00:00,17861
1,2026-01-05 23:00:00,5
1,2026-01-05 23:00:00,502014
1,2026-01-05 23:00:00,651
1,2026-01-05 23:00:00,632
1,2026-01-05 23:00:00,-123
1,2026-01-05 23:00:00,174
1,2026-01-05 23:00:00,300
1,2026-01-05 23:00:00,300
1,2026-01-05 23:00:00,254
1,2026-01-05 23:00:00,25762
1,2026-01-05 23:00:00,52196
1,2026-01-05 23:00:00,32038
1,2026-01-05 23:00:00,51941
1,2026-01-05 23:00:00,1397
1,2026-01-05 23:00:00,637
1,2026-01-05 23:00:00,1309
1,2026-01-05 23:00:00,468
1,2026-01-05 23:00:00,18317
1,2026-01-05 23:00:00,18494
1,2026-01-05 23:00:00,17861
1,2026-01-05 23:00:00,-228
1,2026-01-05 23:00:00,2125
1,2026-01-05 23:00:00,2527
1,2026-01-05 23:00:00,2352
1,2026-01-05 23:00:00,48
1,2026-01-05 23:00:00,334
1,2026-01-05 23:00:00,283
1,2026-01-05 23:00:00,285
1,2026-01-05 23:00:00,1187
1,2026-01-05 23:00:00,194
1,2026-01-05 23:00:00,32232
1,2026-01-05 23:00:00,25223
1,2026-01-05 23:00:00,26786
1,2026-01-05 23:00:00,1024
1,2026-01-05 23:00:00,23
1,2026-01-05 23:00:00,3053
1,2026-01-05 23:00:00,51502
1,2026-01-05 23:00:00,3269
1,2026-01-05 23:00:00,2497
1,2026-01-05 23:00:00,11247
1,2026-01-05 23:00:00,11168
1,2026-01-05 23:00:00,13576
1,2026-01-05 23:00:00,2496
1,2026-01-05 23:00:00,35158
1,2026-01-05 23:00:00,5433
1,2026-01-05 23:00:00,9
1,2026-01-05 23:00:00,1379
1,2026-01-05 23:00:00,64
1,2026-01-05 23:00:00,1514
1,2026-01-05 23:00:00,1798
1,2026-01-05 23:00:00,193
1,2026-01-05 23:00:00,284
1,2026-01-05 23:00:00,1088
1,2026-01-05 23:00:00,26851
1,2026-01-05 23:00:00,25223
1,2026-01-05 23:00:00,25762
1,2026-01-05 23:00:00,1631
1,2026-01-05 23:00:00,745
1,2026-01-05 23:00:00,1276
1,2026-01-05 23:00:00,1394
1,2026-01-05 23:00:00,2698
1,2026-01-05 23:00:00,2514
1,2026-01-05 23:00:00,171
1,2026-01-05 23:00:00,-1230
1,2026-01-05 23:00:00,1413
1,2026-01-05 23:00:00,3917
1,2026-01-05 23:00:00,3515
1,2026-01-05 23:00:00,1718
1,2026-01-05 23:00:00,2960
1,2026-01-05 23:00:00,-3169
1,2026-01-05 23:00:00,346
1,2026-01-05 23:00:00,65
1,2026-01-05 23:00:00,1158
1,2026-01-05 23:00:00,-258
1,2026-01-05 23:00:00,2527
1,2026-01-05 23:00:00,4544
1,2026-01-05 23:00:00,4710
1,2026-01-05 23:00:00,852
1,2026-01-05 23:00:00,2432
1,2026-01-05 23:00:00,4808
1,2026-01-05 23:00:00,-1
1,2026-01-05 23:00:00,-649
1,2026-01-05 23:00:00,1607
1,2026-01-05 23:00:00,109843
1,2026-01-05 23:00:00,110272
1,2026-01-05 23:00:00,-2567
1,2026-01-05 23:00:00,410
1,2026-01-05 23:00:00,2925
1,2026-01-05 23:00:00,2977
1,2026-01-05 23:00:00,-1795
1,2026-01-05 23:00:00,832
1,2026-01-05 23:00:00,2627
1,2026-01-05 23:00:00,1478
1,2026-01-05 23:00:00,8027
1,2026-01-05 23:00:00,6549
1,2026-01-05 23:00:00,-1236
1,2026-01-05 23:00:00,20915
1,2026-01-05 23:00:00,21797
1,2026-01-05 23:00:00,22151
1,2026-01-05 23:00:00,-1236
1,2026-01-05 23:00:00,20915
1,2026-01-05 23:00:00,21797
1,2026-01-05 23:00:00,22151
1,2026-01-05 23:00:00,790
1,2026-01-05 23:00:00,2169
1,2026-01-05 23:00:00,1408
1,2026-01-05 23:00:00,3686
1,2026-01-05 23:00:00,4449
1,2026-01-05 23:00:00,49194
1,2026-01-05 23:00:00,31798
1,2026-01-05 23:00:00,44347
1,2026-01-05 23:00:00,507
1,2026-01-05 23:00:00,4472
1,2026-01-05 23:00:00,9
1,2026-01-05 23:00:00,116042
1,2026-01-05 23:00:00,-122
1,2026-01-05 23:00:00,2922
1,2026-01-05 23:00:00,7468
1,2026-01-05 23:00:00,-3612
1,2026-01-05 23:00:00,75087
1,2026-01-05 23:00:00,79374
1,2026-01-05 23:00:00,76458
1,2026-01-05 23:00:00,-3047
1,2026-01-05 23:00:00,82078
1,2026-01-05 23:00:00,85516
1,2026-01-05 23:00:00,82884
1,2026-01-05 23:00:00,1607
1,2026-01-05 23:00:00,116042
1,2026-01-05 23:00:00,109843
1,2026-01-05 23:00:00,110272
1,2026-01-05 23:00:00,-615
1,2026-01-05 23:00:00,3677
1,2026-01-05 23:00:00,28138
1,2026-01-05 23:00:00,3979
1,2026-01-05 23:00:00,2015
1,2026-01-05 23:00:00,1415
1,2026-01-05 23:00:00,-634
1,2026-01-05 23:00:00,18722
1,2026-01-05 23:00:00,18900
1,2026-01-05 23:00:00,17671
1,2026-01-05 23:00:00,501
1,2026-01-05 23:00:00,-1051
1,2026-01-05 23:00:00,1482
1,2026-01-05 23:00:00,968
1,2026-01-05 23:00:00,-429
1,2026-01-05 23:00:00,117
1,2026-01-05 23:00:00,2604
1,2026-01-05 23:00:00,117
1,2026-01-05 23:00:00,4292
1,2026-01-05 23:00:00,2053
1,2026-01-05 23:00:00,0
1,2026-01-05 23:00:00,799
1,2026-01-05 23:00:00,425
1,2026-01-05 23:00:00,1878
1,2026-01-05 23:00:00,17671
1,2026-01-05 23:00:00,1878
1,2026-01-05 23:00:00,217
1,2026-01-05 23:00:00,113
1,2026-01-05 23:00:00,18722
1,2026-01-05 23:00:00,298
1,2026-01-05 23:00:00,298
1,2026-01-05 23:00:00,75
1,2026-01-05 23:00:00,0
1,2026-01-05 23:00:00,-75
1,2026-01-05 23:00:00,323
1,2026-01-05 23:00:00,-96
1,2026-01-05 23:00:00,1151
1,2026-01-05 23:00:00,28479
1,2026-01-05 23:00:00,728
1,2026-01-05 23:00:00,746
1,2026-01-05 23:00:00,11
1,2026-01-05 23:00:00,2048
1,2026-01-05 23:00:00,2075
1,2026-01-05 23:00:00,2124
1,2026-01-05 23:00:00,76
1,2026-01-05 23:00:00,1402
1,2026-01-05 23:00:00,6009
1,2026-01-05 23:00:00,4710
1,2026-01-05 23:00:00,-1299
1,2026-01-05 23:00:00,15807
1,2026-01-05 23:00:00,16479
1,2026-01-05 23:00:00,16307
1,2026-01-05 23:00:00,500
1,2026-01-05 23:00:00,4914
1,2026-01-05 23:00:00,28479
1,2026-01-05 23:00:00,185
1,2026-01-05 23:00:00,52196
1,2026-01-05 23:00:00,51502
1,2026-01-05 23:00:00,51941
1,2026-01-05 23:00:00,-328
1,2026-01-05 23:00:00,535
1,2026-01-05 23:00:00,879
1,2026-01-05 23:00:00,862
1,2026-01-05 23:00:00,647
1,2026-01-05 23:00:00,13933
1,2026-01-05 23:00:00,13003
1,2026-01-05 23:00:00,13286
1,2026-01-05 23:00:00,328
1,2026-01-05 23:00:00,644
1,2026-01-05 23:00:00,329
1,2026-01-05 23:00:00,324
1,2026-01-05 23:00:00,324
1,2026-01-05 23:00:00,-46
1,2026-01-05 23:00:00,295
1,2026-01-05 23:00:00,269
1,2026-01-05 23:00:00,525
1,2026-01-05 23:00:00,658
1,2026-01-05 23:00:00,571
1,2026-01-05 23:00:00,-198
1,2026-01-05 23:00:00,7270
1,2026-01-05 23:00:00,194
1,2026-01-05 23:00:00,7996
1,2026-01-05 23:00:00,32232
1,2026-01-05 23:00:00,15847
1,2026-01-05 23:00:00,23450
1,2026-01-05 23:00:00,25592
1,2026-01-05 23:00:00,1209
1,2026-01-05 23:00:00,1478
1,2026-01-05 23:00:00,-6716
1,2026-01-05 23:00:00,35158
1,2026-01-05 23:00:00,316
1,2026-01-05 23:00:00,1016
1,2026-01-05 23:00:00,254
1,2026-01-05 23:00:00,26144
1,2026-01-05 23:00:00,27131
1,2026-01-05 23:00:00,26774
1,2026-01-05 23:00:00,-7082
1,2026-01-05 23:00:00,18319
1,2026-01-05 23:00:00,28476
1,2026-01-05 23:00:00,28458
1,2026-01-05 23:00:00,6328
1,2026-01-05 23:00:00,7736
1,2026-01-05 23:00:00,7888
1,2026-01-05 23:00:00,-744
1,2026-01-05 23:00:00,1382
1,2026-01-05 23:00:00,2122
1,2026-01-05 23:00:00,2126
1,2026-01-05 23:00:00,14216
1,2026-01-05 23:00:00,18900
1,2026-01-05 23:00:00,2553
1,2026-01-05 23:00:00,-1024
1,2026-01-05 23:00:00,3577
1,2026-01-05 23:00:00,1135
1,2026-01-05 23:00:00,1135
1,2026-01-05 23:00:00,-618
1,2026-01-05 23:00:00,1664
1,2026-01-05 23:00:00,3584
1,2026-01-05 23:00:00,1634
1,2026-01-05 23:00:00,1171
1,2026-01-05 23:00:00,3305
1,2026-01-05 23:00:00,2163
1,2026-01-05 23:00:00,2134
1,2026-01-05 23:00:00,-657
1,2026-01-05 23:00:00,32061
1,2026-01-06 00:00:00,3690
1,2026-01-06 00:00:00,3402
1,2026-01-06 00:00:00,3747
1,2026-01-06 00:00:00,57
1,2026-01-06 00:00:00,889
1,2026-01-06 00:00:00,663
1,2026-01-06 00:00:00,100
1,2026-01-06 00:00:00,195
1,2026-01-06 00:00:00,101
1,2026-01-06 00:00:00,40
1,2026-01-06 00:00:00,-60
1,2026-01-06 00:00:00,-4078
1,2026-01-06 00:00:00,1084
1,2026-01-06 00:00:00,513099
1,2026-01-06 00:00:00,389
1,2026-01-06 00:00:00,511975
1,2026-01-06 00:00:00,0
1,2026-01-06 00:00:00,19350
1,2026-01-06 00:00:00,19460
1,2026-01-06 00:00:00,18956
1,2026-01-06 00:00:00,30
1,2026-01-06 00:00:00,672
1,2026-01-06 00:00:00,502826
1,2026-01-06 00:00:00,642
1,2026-01-06 00:00:00,-116
1,2026-01-06 00:00:00,191
1,2026-01-06 00:00:00,305
1,2026-01-06 00:00:00,312
1,2026-01-06 00:00:00,197
1,2026-01-06 00:00:00,52657
1,2026-01-06 00:00:00,27127
1,2026-01-06 00:00:00,51956
1,2026-01-06 00:00:00,1502
1,2026-01-06 00:00:00,-21
1,2026-01-06 00:00:00,660
1,2026-01-06 00:00:00,1459
1,2026-01-06 00:00:00,389
1,2026-01-06 00:00:00,19350
1,2026-01-06 00:00:00,19460
1,2026-01-06 00:00:00,18956
1,2026-01-06 00:00:00,-229
1,2026-01-06 00:00:00,2240
1,2026-01-06 00:00:00,2493
1,2026-01-06 00:00:00,2470
1,2026-01-06 00:00:00,49
1,2026-01-06 00:00:00,359
1,2026-01-06 00:00:00,289
1,2026-01-06 00:00:00,309
1,2026-01-06 00:00:00,1438
1,2026-01-06 00:00:00,-130
1,2026-01-06 00:00:00,36333
1,2026-01-06 00:00:00,32720
1,2026-01-06 00:00:00,26366
1,2026-01-06 00:00:00,28295
1,2026-01-06 00:00:00,1168
1,2026-01-06 00:00:00,11
1,2026-01-06 00:00:00,3180
1,2026-01-06 00:00:00,0
1,2026-01-06 00:00:00,3325
1,2026-01-06 00:00:00,2890
1,2026-01-06 00:00:00,12221
1,2026-01-06 00:00:00,11794
1,2026-01-06 00:00:00,14906
1,2026-01-06 00:00:00,2766
1,2026-01-06 00:00:00,32851
1,2026-01-06 00:00:00,6001
1,2026-01-06 00:00:00,9
1,2026-01-06 00:00:00,1415
1,2026-01-06 00:00:00,247
1,2026-01-06 00:00:00,242
1,2026-01-06 00:00:00,1571
1,2026-01-06 00:00:00,1867
1,2026-01-06 00:00:00,205
1,2026-01-06 00:00:00,296
1,2026-01-06 00:00:00,1415
1,2026-01-06 00:00:00,28537
1,2026-01-06 00:00:00,26366
1,2026-01-06 00:00:00,-596
1,2026-01-06 00:00:00,786
1,2026-01-06 00:00:00,1284
1,2026-01-06 00:00:00,1382
1,2026-01-06 00:00:00,189
1,2026-01-06 00:00:00,2818
1,2026-01-06 00:00:00,27127
1,2026-01-06 00:00:00,2629
1,2026-01-06 00:00:00,2633
1,2026-01-06 00:00:00,4045
1,2026-01-06 00:00:00,-1348
1,2026-01-06 00:00:00,1782
1,2026-01-06 00:00:00,3154
1,2026-01-06 00:00:00,3103
1,2026-01-06 00:00:00,-3245
1,2026-01-06 00:00:00,1750
1,2026-01-06 00:00:00,315
1,2026-01-06 00:00:00,3560
1,2026-01-06 00:00:00,-527
1,2026-01-06 00:00:00,4390
1,2026-01-06 00:00:00,4815
1,2026-01-06 00:00:00,5151
1,2026-01-06 00:00:00,653
1,2026-01-06 00:00:00,2390
1,2026-01-06 00:00:00,-1147
1,2026-01-06 00:00:00,1514
1,2026-01-06 00:00:00,1559
1,2026-01-06 00:00:00,109478
1,2026-01-06 00:00:00,111191
1,2026-01-06 00:00:00,-2212
1,2026-01-06 00:00:00,802
1,2026-01-06 00:00:00,2992
1,2026-01-06 00:00:00,3014
1,2026-01-06 00:00:00,-1917
1,2026-01-06 00:00:00,735
1,2026-01-06 00:00:00,2652
1,2026-01-06 00:00:00,1143
1,2026-01-06 00:00:00,7845
1,2026-01-06 00:00:00,6702
1,2026-01-06 00:00:00,-1209
1,2026-01-06 00:00:00,9
1,2026-01-06 00:00:00,21534
1,2026-01-06 00:00:00,21868
1,2026-01-06 00:00:00,-1209
1,2026-01-06 00:00:00,20659
1,2026-01-06 00:00:00,21534
1,2026-01-06 00:00:00,21868
1,2026-01-06 00:00:00,689
1,2026-01-06 00:00:00,2104
1,2026-01-06 00:00:00,1455
1,2026-01-06 00:00:00,20659
1,2026-01-06 00:00:00,4779
1,2026-01-06 00:00:00,49925
1,2026-01-06 00:00:00,32875
1,2026-01-06 00:00:00,45376
1,2026-01-06 00:00:00,277
1,2026-01-06 00:00:00,4337
1,2026-01-06 00:00:00,3834
1,2026-01-06 00:00:00,117427
1,2026-01-06 00:00:00,52459
1,2026-01-06 00:00:00,1348
1,2026-01-06 00:00:00,7854
1,2026-01-06 00:00:00,-3528
1,2026-01-06 00:00:00,77430
1,2026-01-06 00:00:00,81736
1,2026-01-06 00:00:00,78727
1,2026-01-06 00:00:00,-2922
1,2026-01-06 00:00:00,84869
1,2026-01-06 00:00:00,88211
1,2026-01-06 00:00:00,85560
1,2026-01-06 00:00:00,1559
1,2026-01-06 00:00:00,117427
1,2026-01-06 00:00:00,109478
1,2026-01-06 00:00:00,111191
1,2026-01-06 00:00:00,-481
1,2026-01-06 00:00:00,4015
1,2026-01-06 00:00:00,28033
1,2026-01-06 00:00:00,4110
1,2026-01-06 00:00:00,2076
1,2026-01-06 00:00:00,1513
1,2026-01-06 00:00:00,-574
1,2026-01-06 00:00:00,18478
1,2026-01-06 00:00:00,18520
1,2026-01-06 00:00:00,17331
1,2026-01-06 00:00:00,351
1,2026-01-06 00:00:00,-1147
1,2026-01-06 00:00:00,1510
1,2026-01-06 00:00:00,1139
1,2026-01-06 00:00:00,-367
1,2026-01-06 00:00:00,130
1,2026-01-06 00:00:00,2639
1,2026-01-06 00:00:00,130
1,2026-01-06 00:00:00,4496
1,2026-01-06 00:00:00,2091
1,2026-01-06 00:00:00,0
1,2026-01-06 00:00:00,664
1,2026-01-06 00:00:00,191
1,2026-01-06 00:00:00,563
1,2026-01-06 00:00:00,1981
1,2026-01-06 00:00:00,1981
1,2026-01-06 00:00:00,230
1,2026-01-06 00:00:00,125
1,2026-01-06 00:00:00,18478
1,2026-01-06 00:00:00,290
1,2026-01-06 00:00:00,290
1,2026-01-06 00:00:00,80
1,2026-01-06 00:00:00,0
1,2026-01-06 00:00:00,-80
1,2026-01-06 00:00:00,338
1,2026-01-06 00:00:00,-98
1,2026-01-06 00:00:00,1288
1,2026-01-06 00:00:00,29736
1,2026-01-06 00:00:00,732
1,2026-01-06 00:00:00,749
1,2026-01-06 00:00:00,-68
1,2026-01-06 00:00:00,2128
1,2026-01-06 00:00:00,2099
1,2026-01-06 00:00:00,2225
1,2026-01-06 00:00:00,97
1,2026-01-06 00:00:00,1506
1,2026-01-06 00:00:00,6366
1,2026-01-06 00:00:00,4893
1,2026-01-06 00:00:00,-1473
1,2026-01-06 00:00:00,16426
1,2026-01-06 00:00:00,16241
1,2026-01-06 00:00:00,16888
1,2026-01-06 00:00:00,462
1,2026-01-06 00:00:00,5005
1,2026-01-06 00:00:00,29811
1,2026-01-06 00:00:00,17331
1,2026-01-06 00:00:00,52657
1,2026-01-06 00:00:00,51956
1,2026-01-06 00:00:00,52459
1,2026-01-06 00:00:00,-301
1,2026-01-06 00:00:00,583
1,2026-01-06 00:00:00,909
1,2026-01-06 00:00:00,883
1,2026-01-06 00:00:00,1077
1,2026-01-06 00:00:00,14929
1,2026-01-06 00:00:00,13474
1,2026-01-06 00:00:00,13852
1,2026-01-06 00:00:00,339
1,2026-01-06 00:00:00,658
1,2026-01-06 00:00:00,335
1,2026-01-06 00:00:00,325
1,2026-01-06 00:00:00,325
1,2026-01-06 00:00:00,-90
1,2026-01-06 00:00:00,302
1,2026-01-06 00:00:00,277
1,2026-01-06 00:00:00,524
1,2026-01-06 00:00:00,695
1,2026-01-06 00:00:00,614
1,2026-01-06 00:00:00,-717
1,2026-01-06 00:00:00,7137
1,2026-01-06 00:00:00,-130
1,2026-01-06 00:00:00,8458
1,2026-01-06 00:00:00,32720
1,2026-01-06 00:00:00,15289
1,2026-01-06 00:00:00,24775
1,2026-01-06 00:00:00,25077
1,2026-01-06 00:00:00,1347
1,2026-01-06 00:00:00,1624
1,2026-01-06 00:00:00,-8414
1,2026-01-06 00:00:00,36333
1,2026-01-06 00:00:00,319
1,2026-01-06 00:00:00,1138
1,2026-01-06 00:00:00,197
1,2026-01-06 00:00:00,27190
1,2026-01-06 00:00:00,28414
1,2026-01-06 00:00:00,28052
1,2026-01-06 00:00:00,-8818
1,2026-01-06 00:00:00,17792
1,2026-01-06 00:00:00,29852
1,2026-01-06 00:00:00,28014
1,2026-01-06 00:00:00,6614
1,2026-01-06 00:00:00,7856
1,2026-01-06 00:00:00,7974
1,2026-01-06 00:00:00,-639
1,2026-01-06 00:00:00,1518
1,2026-01-06 00:00:00,2133
1,2026-01-06 00:00:00,2157
1,2026-01-06 00:00:00,14588
1,2026-01-06 00:00:00,18520
1,2026-01-06 00:00:00,3085
1,2026-01-06 00:00:00,-975
1,2026-01-06 00:00:00,4060
1,2026-01-06 00:00:00,1072
1,2026-01-06 00:00:00,1072
1,2026-01-06 00:00:00,-492
1,2026-01-06 00:00:00,1666
1,2026-01-06 00:00:00,3881
1,2026-01-06 00:00:00,1630
1,2026-01-06 00:00:00,1078
1,2026-01-06 00:00:00,3415
1,2026-01-06 00:00:00,2365
1,2026-01-06 00:00:00,2337
1,2026-01-06 00:00:00,-889
1,2026-01-06 00:00:00,32862
1,2026-01-06 01:00:00,3906
1,2026-01-06 01:00:00,-12
1,2026-01-06 01:00:00,946
1,2026-01-06 01:00:00,873
1,2026-01-06 01:00:00,1386
1,2026-01-06 01:00:00,440
1,2026-01-06 01:00:00,39
1,2026-01-06 01:00:00,105
1,2026-01-06 01:00:00,-68
1,2026-01-06 01:00:00,0
1,2026-01-06 01:00:00,0
1,2026-01-06 01:00:00,3547
1,2026-01-06 01:00:00,107
1,2026-01-06 01:00:00,3918
1,2026-01-06 01:00:00,505498
1,2026-01-06 01:00:00,517420
1,2026-01-06 01:00:00,-1193
1,2026-01-06 01:00:00,516746
1,2026-01-06 01:00:00,234
1,2026-01-06 01:00:00,19514
1,2026-01-06 01:00:00,19568
1,2026-01-06 01:00:00,19277
1,2026-01-06 01:00:00,-4873
1,2026-01-06 01:00:00,676
1,2026-01-06 01:00:00,687
1,2026-01-06 01:00:00,679
1,2026-01-06 01:00:00,-104
1,2026-01-06 01:00:00,214
1,2026-01-06 01:00:00,317
1,2026-01-06 01:00:00,321
1,2026-01-06 01:00:00,27391
1,2026-01-06 01:00:00,-33
1,2026-01-06 01:00:00,1796
1,2026-01-06 01:00:00,52729
1,2026-01-06 01:00:00,-3
1,2026-01-06 01:00:00,1608
1,2026-01-06 01:00:00,1577
1,2026-01-06 01:00:00,234
1,2026-01-06 01:00:00,19514
1,2026-01-06 01:00:00,19568
1,2026-01-06 01:00:00,19277
1,2026-01-06 01:00:00,-224
1,2026-01-06 01:00:00,2188
1,2026-01-06 01:00:00,2415
1,2026-01-06 01:00:00,2412
1,2026-01-06 01:00:00,51
1,2026-01-06 01:00:00,361
1,2026-01-06 01:00:00,288
1,2026-01-06 01:00:00,53357
1,2026-01-06 01:00:00,310
1,2026-01-06 01:00:00,33829
1,2026-01-06 01:00:00,505
1,2026-01-06 01:00:00,26513
1,2026-01-06 01:00:00,28371
1,2026-01-06 01:00:00,980
1,2026-01-06 01:00:00,3392
1,2026-01-06 01:00:00,3481
1,2026-01-06 01:00:00,53323
1,2026-01-06 01:00:00,6581
1,2026-01-06 01:00:00,13139
1,2026-01-06 01:00:00,12583
1,2026-01-06 01:00:00,16204
1,2026-01-06 01:00:00,3103
1,2026-01-06 01:00:00,33325
1,2026-01-06 01:00:00,36641
1,2026-01-06 01:00:00,3197
1,2026-01-06 01:00:00,9
1,2026-01-06 01:00:00,1492
1,2026-01-06 01:00:00,367
1,2026-01-06 01:00:00,1421
1,2026-01-06 01:00:00,1328
1,2026-01-06 01:00:00,1081
1,2026-01-06 01:00:00,-340
1,2026-01-06 01:00:00,27391
1,2026-01-06 01:00:00,2800
1,2026-01-06 01:00:00,26513
1,2026-01-06 01:00:00,1347
1,2026-01-06 01:00:00,296
1,2026-01-06 01:00:00,205
1,2026-01-06 01:00:00,1813
1,2026-01-06 01:00:00,1517
1,2026-01-06 01:00:00,1873
1,2026-01-06 01:00:00,28735
1,2026-01-06 01:00:00,2668
1,2026-01-06 01:00:00,364
1,2026-01-06 01:00:00,-1281
1,2026-01-06 01:00:00,4344
1,2026-01-06 01:00:00,1821
1,2026-01-06 01:00:00,3191
1,2026-01-06 01:00:00,3076
1,2026-01-06 01:00:00,-3371
1,2026-01-06 01:00:00,403
1,2026-01-06 01:00:00,161
1,2026-01-06 01:00:00,1477
1,2026-01-06 01:00:00,-500
1,2026-01-06 01:00:00,5342
1,2026-01-06 01:00:00,5842
1,2026-01-06 01:00:00,697
1,2026-01-06 01:00:00,2540
1,2026-01-06 01:00:00,2639
1,2026-01-06 01:00:00,5112
1,2026-01-06 01:00:00,219
1,2026-01-06 01:00:00,1649
1,2026-01-06 01:00:00,1595
1,2026-01-06 01:00:00,108254
1,2026-01-06 01:00:00,109966
1,2026-01-06 01:00:00,-1846
1,2026-01-06 01:00:00,1308
1,2026-01-06 01:00:00,3121
1,2026-01-06 01:00:00,3154
1,2026-01-06 01:00:00,-1986
1,2026-01-06 01:00:00,782
1,2026-01-06 01:00:00,2768
1,2026-01-06 01:00:00,438
1,2026-01-06 01:00:00,7479
1,2026-01-06 01:00:00,7041
1,2026-01-06 01:00:00,-1490
1,2026-01-06 01:00:00,19897
1,2026-01-06 01:00:00,21039
1,2026-01-06 01:00:00,21387
1,2026-01-06 01:00:00,-1490
1,2026-01-06 01:00:00,19897
1,2026-01-06 01:00:00,21039
1,2026-01-06 01:00:00,21387
1,2026-01-06 01:00:00,797
1,2026-01-06 01:00:00,2289
1,2026-01-06 01:00:00,1521
1,2026-01-06 01:00:00,4045
1,2026-01-06 01:00:00,4087
1,2026-01-06 01:00:00,52312
1,2026-01-06 01:00:00,34485
1,2026-01-06 01:00:00,48231
1,2026-01-06 01:00:00,-403
1,2026-01-06 01:00:00,3941
1,2026-01-06 01:00:00,9
1,2026-01-06 01:00:00,116018
1,2026-01-06 01:00:00,3774
1,2026-01-06 01:00:00,16892
1,2026-01-06 01:00:00,7953
1,2026-01-06 01:00:00,-3271
1,2026-01-06 01:00:00,78296
1,2026-01-06 01:00:00,81630
1,2026-01-06 01:00:00,79277
1,2026-01-06 01:00:00,-2866
1,2026-01-06 01:00:00,85565
1,2026-01-06 01:00:00,88169
1,2026-01-06 01:00:00,86141
1,2026-01-06 01:00:00,1595
1,2026-01-06 01:00:00,116018
1,2026-01-06 01:00:00,108254
1,2026-01-06 01:00:00,109966
1,2026-01-06 01:00:00,-564
1,2026-01-06 01:00:00,3882
1,2026-01-06 01:00:00,27084
1,2026-01-06 01:00:00,4110
1,2026-01-06 01:00:00,1608
1,2026-01-06 01:00:00,-576
1,2026-01-06 01:00:00,18085
1,2026-01-06 01:00:00,18070
1,2026-01-06 01:00:00,16892
1,2026-01-06 01:00:00,-1193
1,2026-01-06 01:00:00,2188
1,2026-01-06 01:00:00,1470
1,2026-01-06 01:00:00,1125
1,2026-01-06 01:00:00,-343
1,2026-01-06 01:00:00,177
1,2026-01-06 01:00:00,2703
1,2026-01-06 01:00:00,177
1,2026-01-06 01:00:00,0
1,2026-01-06 01:00:00,4446
1,2026-01-06 01:00:00,18085
1,2026-01-06 01:00:00,242
1,2026-01-06 01:00:00,767
1,2026-01-06 01:00:00,2418
1,2026-01-06 01:00:00,2050
1,2026-01-06 01:00:00,2050
1,2026-01-06 01:00:00,229
1,2026-01-06 01:00:00,190
1,2026-01-06 01:00:00,125
1,2026-01-06 01:00:00,-95
1,2026-01-06 01:00:00,0
1,2026-01-06 01:00:00,295
1,2026-01-06 01:00:00,79
1,2026-01-06 01:00:00,-79
1,2026-01-06 01:00:00,359
1,2026-01-06 01:00:00,562
1,2026-01-06 01:00:00,790
1,2026-01-06 01:00:00,295
1,2026-01-06 01:00:00,1544
1,2026-01-06 01:00:00,29226
1,2026-01-06 01:00:00,-14
1,2026-01-06 01:00:00,2073
1,2026-01-06 01:00:00,2034
1,2026-01-06 01:00:00,2169
1,2026-01-06 01:00:00,96
1,2026-01-06 01:00:00,6224
1,2026-01-06 01:00:00,1505
1,2026-01-06 01:00:00,4913
1,2026-01-06 01:00:00,-1378
1,2026-01-06 01:00:00,16158
1,2026-01-06 01:00:00,15534
1,2026-01-06 01:00:00,16599
1,2026-01-06 01:00:00,441
1,2026-01-06 01:00:00,756
1,2026-01-06 01:00:00,4846
1,2026-01-06 01:00:00,29251
1,2026-01-06 01:00:00,2129
1,2026-01-06 01:00:00,53323
1,2026-01-06 01:00:00,52729
1,2026-01-06 01:00:00,53357
1,2026-01-06 01:00:00,-319
1,2026-01-06 01:00:00,634
1,2026-01-06 01:00:00,951
1,2026-01-06 01:00:00,953
1,2026-01-06 01:00:00,1195
1,2026-01-06 01:00:00,15059
1,2026-01-06 01:00:00,13551
1,2026-01-06 01:00:00,13864
1,2026-01-06 01:00:00,328
1,2026-01-06 01:00:00,667
1,2026-01-06 01:00:00,333
1,2026-01-06 01:00:00,326
1,2026-01-06 01:00:00,326
1,2026-01-06 01:00:00,-93
1,2026-01-06 01:00:00,316
1,2026-01-06 01:00:00,524
1,2026-01-06 01:00:00,298
1,2026-01-06 01:00:00,702
1,2026-01-06 01:00:00,617
1,2026-01-06 01:00:00,-842
1,2026-01-06 01:00:00,7111
1,2026-01-06 01:00:00,505
1,2026-01-06 01:00:00,8638
1,2026-01-06 01:00:00,-33
1,2026-01-06 01:00:00,15807
1,2026-01-06 01:00:00,26390
1,2026-01-06 01:00:00,25961
1,2026-01-06 01:00:00,1311
1,2026-01-06 01:00:00,1609
1,2026-01-06 01:00:00,-9027
1,2026-01-06 01:00:00,33829
1,2026-01-06 01:00:00,339
1,2026-01-06 01:00:00,27315
1,2026-01-06 01:00:00,-860
1,2026-01-06 01:00:00,36641
1,2026-01-06 01:00:00,28750
1,2026-01-06 01:00:00,28149
1,2026-01-06 01:00:00,-9288
1,2026-01-06 01:00:00,18590
1,2026-01-06 01:00:00,31613
1,2026-01-06 01:00:00,29047
1,2026-01-06 01:00:00,6603
1,2026-01-06 01:00:00,8246
1,2026-01-06 01:00:00,8377
1,2026-01-06 01:00:00,-399
1,2026-01-06 01:00:00,1830
1,2026-01-06 01:00:00,33325
1,2026-01-06 01:00:00,2203
1,2026-01-06 01:00:00,14980
1,2026-01-06 01:00:00,2941
1,2026-01-06 01:00:00,2229
1,2026-01-06 01:00:00,-1457
1,2026-01-06 01:00:00,2429
1,2026-01-06 01:00:00,3378
1,2026-01-06 01:00:00,960
1,2026-01-06 01:00:00,1733
1,2026-01-06 01:00:00,1751
1,2026-01-06 01:00:00,18070
1,2026-01-06 01:00:00,-374
1,2026-01-06 01:00:00,954
1,2026-01-06 01:00:00,954
1,2026-01-06 01:00:00,4398
1,2026-01-06 01:00:00,4021
1,2026-01-06 01:00:00,1359
1,2026-01-06 02:00:00,-4051
1,2026-01-06 02:00:00,3909
1,2026-01-06 02:00:00,3515
1,2026-01-06 02:00:00,3840
1,2026-01-06 02:00:00,-69
1,2026-01-06 02:00:00,813
1,2026-01-06 02:00:00,98
1,2026-01-06 02:00:00,515
1,2026-01-06 02:00:00,101
1,2026-01-06 02:00:00,39
1,2026-01-06 02:00:00,-59
1,2026-01-06 02:00:00,0
1,2026-01-06 02:00:00,515256
1,2026-01-06 02:00:00,1446
1,2026-01-06 02:00:00,501013
1,2026-01-06 02:00:00,669
1,2026-01-06 02:00:00,336
1,2026-01-06 02:00:00,335
1,2026-01-06 02:00:00,215
1,2026-01-06 02:00:00,-119
1,2026-01-06 02:00:00,726
1,2026-01-06 02:00:00,9
1,2026-01-06 02:00:00,716
1,2026-01-06 02:00:00,-57
1,2026-01-06 02:00:00,19239
1,2026-01-06 02:00:00,19354
1,2026-01-06 02:00:00,19345
1,2026-01-06 02:00:00,104
1,2026-01-06 02:00:00,513555
1,2026-01-06 02:00:00,-1
1,2026-01-06 02:00:00,-81
1,2026-01-06 02:00:00,16036
1,2026-01-06 02:00:00,1662
1,2026-01-06 02:00:00,52287
1,2026-01-06 02:00:00,9
1,2026-01-06 02:00:00,1615
1,2026-01-06 02:00:00,104
1,2026-01-06 02:00:00,19345
1,2026-01-06 02:00:00,19354
1,2026-01-06 02:00:00,19239
1,2026-01-06 02:00:00,-218
1,2026-01-06 02:00:00,2084
1,2026-01-06 02:00:00,2302
1,2026-01-06 02:00:00,51
1,2026-01-06 02:00:00,355
1,2026-01-06 02:00:00,284
1,2026-01-06 02:00:00,303
1,2026-01-06 02:00:00,219
1,2026-01-06 02:00:00,1046
1,2026-01-06 02:00:00,36466
1,2026-01-06 02:00:00,33014
1,2026-01-06 02:00:00,52671
1,2026-01-06 02:00:00,34061
1,2026-01-06 02:00:00,27115
1,2026-01-06 02:00:00,26364
1,2026-01-06 02:00:00,28023
1,2026-01-06 02:00:00,908
1,2026-01-06 02:00:00,52590
1,2026-01-06 02:00:00,3533
1,2026-01-06 02:00:00,6931
1,2026-01-06 02:00:00,3398
1,2026-01-06 02:00:00,13610
1,2026-01-06 02:00:00,12845
1,2026-01-06 02:00:00,16427
1,2026-01-06 02:00:00,2847
1,2026-01-06 02:00:00,3660
1,2026-01-06 02:00:00,931
1,2026-01-06 02:00:00,3986
1,2026-01-06 02:00:00,108398
1,2026-01-06 02:00:00,1795
1,2026-01-06 02:00:00,199
1,2026-01-06 02:00:00,279
1,2026-01-06 02:00:00,1238
1,2026-01-06 02:00:00,28350
1,2026-01-06 02:00:00,26364
1,2026-01-06 02:00:00,27115
1,2026-01-06 02:00:00,1453
1,2026-01-06 02:00:00,1122
1,2026-01-06 02:00:00,1394
1,2026-01-06 02:00:00,1499
1,2026-01-06 02:00:00,188
1,2026-01-06 02:00:00,2795
1,2026-01-06 02:00:00,2604
1,2026-01-06 02:00:00,-377
1,2026-01-06 02:00:00,-1274
1,2026-01-06 02:00:00,2607
1,2026-01-06 02:00:00,1834
1,2026-01-06 02:00:00,1830
1,2026-01-06 02:00:00,3164
1,2026-01-06 02:00:00,3078
1,2026-01-06 02:00:00,-3559
1,2026-01-06 02:00:00,427
1,2026-01-06 02:00:00,1516
1,2026-01-06 02:00:00,1460
1,2026-01-06 02:00:00,-377
1,2026-01-06 02:00:00,5762
1,2026-01-06 02:00:00,5008
1,2026-01-06 02:00:00,6139
1,2026-01-06 02:00:00,491
1,2026-01-06 02:00:00,2349
1,2026-01-06 02:00:00,1707
1,2026-01-06 02:00:00,327
1,2026-01-06 02:00:00,1888
1,2026-01-06 02:00:00,114163
1,2026-01-06 02:00:00,-2010
1,2026-01-06 02:00:00,1320
1,2026-01-06 02:00:00,3293
1,2026-01-06 02:00:00,3330
1,2026-01-06 02:00:00,-2160
1,2026-01-06 02:00:00,782
1,2026-01-06 02:00:00,2942
1,2026-01-06 02:00:00,393
1,2026-01-06 02:00:00,7277
1,2026-01-06 02:00:00,6884
1,2026-01-06 02:00:00,-1364
1,2026-01-06 02:00:00,19336
1,2026-01-06 02:00:00,20363
1,2026-01-06 02:00:00,20700
1,2026-01-06 02:00:00,-1364
1,2026-01-06 02:00:00,19336
1,2026-01-06 02:00:00,4265
1,2026-01-06 02:00:00,1499
1,2026-01-06 02:00:00,20363
1,2026-01-06 02:00:00,20700
1,2026-01-06 02:00:00,1040
1,2026-01-06 02:00:00,2539
1,2026-01-06 02:00:00,4583
1,2026-01-06 02:00:00,330
1,2026-01-06 02:00:00,1530
1,2026-01-06 02:00:00,105676
1,2026-01-06 02:00:00,54218
1,2026-01-06 02:00:00,35292
1,2026-01-06 02:00:00,49847
1,2026-01-06 02:00:00,-427
1,2026-01-06 02:00:00,4200
1,2026-01-06 02:00:00,4335
1,2026-01-06 02:00:00,-1342
1,2026-01-06 02:00:00,1453
1,2026-01-06 02:00:00,17380
1,2026-01-06 02:00:00,77366
1,2026-01-06 02:00:00,80542
1,2026-01-06 02:00:00,78286
1,2026-01-06 02:00:00,-2912
1,2026-01-06 02:00:00,84583
1,2026-01-06 02:00:00,87088
1,2026-01-06 02:00:00,85155
1,2026-01-06 02:00:00,2301
1,2026-01-06 02:00:00,114163
1,2026-01-06 02:00:00,105676
1,2026-01-06 02:00:00,108398
1,2026-01-06 02:00:00,-590
1,2026-01-06 02:00:00,3851
1,2026-01-06 02:00:00,4077
1,2026-01-06 02:00:00,-3260
1,2026-01-06 02:00:00,4441
1,2026-01-06 02:00:00,1672
1,2026-01-06 02:00:00,-557
1,2026-01-06 02:00:00,17378
1,2026-01-06 02:00:00,17380
1,2026-01-06 02:00:00,16036
1,2026-01-06 02:00:00,240
1,2026-01-06 02:00:00,-1342
1,2026-01-06 02:00:00,1485
1,2026-01-06 02:00:00,1072
1,2026-01-06 02:00:00,-369
1,2026-01-06 02:00:00,214
1,2026-01-06 02:00:00,2867
1,2026-01-06 02:00:00,214
1,2026-01-06 02:00:00,1444
1,2026-01-06 02:00:00,2115
1,2026-01-06 02:00:00,2233
1,2026-01-06 02:00:00,0
1,2026-01-06 02:00:00,564
1,2026-01-06 02:00:00,221
1,2026-01-06 02:00:00,1543
1,2026-01-06 02:00:00,772
1,2026-01-06 02:00:00,2192
1,2026-01-06 02:00:00,2192
1,2026-01-06 02:00:00,184
1,2026-01-06 02:00:00,-75
1,2026-01-06 02:00:00,-94
1,2026-01-06 02:00:00,276
1,2026-01-06 02:00:00,276
1,2026-01-06 02:00:00,75
1,2026-01-06 02:00:00,0
1,2026-01-06 02:00:00,25701
1,2026-01-06 02:00:00,118
1,2026-01-06 02:00:00,774
1,2026-01-06 02:00:00,4626
1,2026-01-06 02:00:00,458
1,2026-01-06 02:00:00,775
1,2026-01-06 02:00:00,359
1,2026-01-06 02:00:00,27967
1,2026-01-06 02:00:00,0
1,2026-01-06 02:00:00,1997
1,2026-01-06 02:00:00,1914
1,2026-01-06 02:00:00,-81
1,2026-01-06 02:00:00,2092
1,2026-01-06 02:00:00,5990
1,2026-01-06 02:00:00,4666
1,2026-01-06 02:00:00,-1364
1,2026-01-06 02:00:00,15367
1,2026-01-06 02:00:00,14667
1,2026-01-06 02:00:00,15825
1,2026-01-06 02:00:00,95
1,2026-01-06 02:00:00,2428
1,2026-01-06 02:00:00,27977
1,2026-01-06 02:00:00,33014
1,2026-01-06 02:00:00,-347
1,2026-01-06 02:00:00,634
1,2026-01-06 02:00:00,971
1,2026-01-06 02:00:00,981
1,2026-01-06 02:00:00,1268
1,2026-01-06 02:00:00,14941
1,2026-01-06 02:00:00,13288
1,2026-01-06 02:00:00,13673
1,2026-01-06 02:00:00,337
1,2026-01-06 02:00:00,682
1,2026-01-06 02:00:00,336
1,2026-01-06 02:00:00,345
1,2026-01-06 02:00:00,324
1,2026-01-06 02:00:00,324
1,2026-01-06 02:00:00,-83
1,2026-01-06 02:00:00,525
1,2026-01-06 02:00:00,318
1,2026-01-06 02:00:00,52287
1,2026-01-06 02:00:00,694
1,2026-01-06 02:00:00,608
1,2026-01-06 02:00:00,-883
1,2026-01-06 02:00:00,17378
1,2026-01-06 02:00:00,7019
1,2026-01-06 02:00:00,52671
1,2026-01-06 02:00:00,8615
1,2026-01-06 02:00:00,52590
1,2026-01-06 02:00:00,18330
1,2026-01-06 02:00:00,28322
1,2026-01-06 02:00:00,27388
1,2026-01-06 02:00:00,1291
1,2026-01-06 02:00:00,1603
1,2026-01-06 02:00:00,-8172
1,2026-01-06 02:00:00,312
1,2026-01-06 02:00:00,7902
1,2026-01-06 02:00:00,6963
1,2026-01-06 02:00:00,-785
1,2026-01-06 02:00:00,27110
1,2026-01-06 02:00:00,28365
1,2026-01-06 02:00:00,27868
1,2026-01-06 02:00:00,-8590
1,2026-01-06 02:00:00,21070
1,2026-01-06 02:00:00,33832
1,2026-01-06 02:00:00,30583
1,2026-01-06 02:00:00,1046
1,2026-01-06 02:00:00,15760
1,2026-01-06 02:00:00,8658
1,2026-01-06 02:00:00,8797
1,2026-01-06 02:00:00,-539
1,2026-01-06 02:00:00,1747
1,2026-01-06 02:00:00,2286
1,2026-01-06 02:00:00,36466
1,2026-01-06 02:00:00,2909
1,2026-01-06 02:00:00,34061
1,2026-01-06 02:00:00,2308
1,2026-01-06 02:00:00,2469
1,2026-01-06 02:00:00,3357
1,2026-01-06 02:00:00,-1753
1,2026-01-06 02:00:00,1790
1,2026-01-06 02:00:00,1809
1,2026-01-06 02:00:00,929
1,2026-01-06 02:00:00,-442
1,2026-01-06 02:00:00,1165
1,2026-01-06 02:00:00,1165
1,2026-01-06 02:00:00,4662
1,2026-01-06 02:00:00,4032
1,2026-01-06 02:00:00,1348
1,2026-01-06 03:00:00,908
1,2026-01-06 03:00:00,3881
1,2026-01-06 03:00:00,3485
1,2026-01-06 03:00:00,3934
1,2026-01-06 03:00:00,53
1,2026-01-06 03:00:00,770
1,2026-01-06 03:00:00,667
1,2026-01-06 03:00:00,551
1,2026-01-06 03:00:00,102
1,2026-01-06 03:00:00,102
1,2026-01-06 03:00:00,39
1,2026-01-06 03:00:00,-63
1,2026-01-06 03:00:00,-1344
1,2026-01-06 03:00:00,1459
1,2026-01-06 03:00:00,-4914
1,2026-01-06 03:00:00,501443
1,2026-01-06 03:00:00,488748
1,2026-01-06 03:00:00,0
1,2026-01-06 03:00:00,-47
1,2026-01-06 03:00:00,18779
1,2026-01-06 03:00:00,19036
1,2026-01-06 03:00:00,18823
1,2026-01-06 03:00:00,-64
1,2026-01-06 03:00:00,502998
1,2026-01-06 03:00:00,722
1,2026-01-06 03:00:00,731
1,2026-01-06 03:00:00,-126
1,2026-01-06 03:00:00,203
1,2026-01-06 03:00:00,338
1,2026-01-06 03:00:00,334
1,2026-01-06 03:00:00,-98
1,2026-01-06 03:00:00,51385
1,2026-01-06 03:00:00,51515
1,2026-01-06 03:00:00,25968
1,2026-01-06 03:00:00,9
1,2026-01-06 03:00:00,1641
1,2026-01-06 03:00:00,1581
1,2026-01-06 03:00:00,-47
1,2026-01-06 03:00:00,18779
1,2026-01-06 03:00:00,19036
1,2026-01-06 03:00:00,18823
1,2026-01-06 03:00:00,-193
1,2026-01-06 03:00:00,2025
1,2026-01-06 03:00:00,2146
1,2026-01-06 03:00:00,2218
1,2026-01-06 03:00:00,51
1,2026-01-06 03:00:00,345
1,2026-01-06 03:00:00,273
1,2026-01-06 03:00:00,293
1,2026-01-06 03:00:00,51614
1,2026-01-06 03:00:00,718
1,2026-01-06 03:00:00,26336
1,2026-01-06 03:00:00,27557
1,2026-01-06 03:00:00,1221
1,2026-01-06 03:00:00,3466
1,2026-01-06 03:00:00,3643
1,2026-01-06 03:00:00,29
1,2026-01-06 03:00:00,6791
1,2026-01-06 03:00:00,13381
1,2026-01-06 03:00:00,12728
1,2026-01-06 03:00:00,16392
1,2026-01-06 03:00:00,3050
1,2026-01-06 03:00:00,32599
1,2026-01-06 03:00:00,36281
1,2026-01-06 03:00:00,3324
1,2026-01-06 03:00:00,33317
1,2026-01-06 03:00:00,9
1,2026-01-06 03:00:00,-59
1,2026-01-06 03:00:00,0
1,2026-01-06 03:00:00,1265
1,2026-01-06 03:00:00,261
1,2026-01-06 03:00:00,1295
1,2026-01-06 03:00:00,27557
1,2026-01-06 03:00:00,25968
1,2026-01-06 03:00:00,26336
1,2026-01-06 03:00:00,-378
1,2026-01-06 03:00:00,1105
1,2026-01-06 03:00:00,1381
1,2026-01-06 03:00:00,182
1,2026-01-06 03:00:00,2690
1,2026-01-06 03:00:00,2511
1,2026-01-06 03:00:00,2508
1,2026-01-06 03:00:00,-1210
1,2026-01-06 03:00:00,1483
1,2026-01-06 03:00:00,3138
1,2026-01-06 03:00:00,1883
1,2026-01-06 03:00:00,1610
1,2026-01-06 03:00:00,2995
1,2026-01-06 03:00:00,-3521
1,2026-01-06 03:00:00,433
1,2026-01-06 03:00:00,1445
1,2026-01-06 03:00:00,1464
1,2026-01-06 03:00:00,1706
1,2026-01-06 03:00:00,3954
1,2026-01-06 03:00:00,5949
1,2026-01-06 03:00:00,4895
1,2026-01-06 03:00:00,6008
1,2026-01-06 03:00:00,512
1,2026-01-06 03:00:00,2355
1,2026-01-06 03:00:00,1808
1,2026-01-06 03:00:00,1715
1,2026-01-06 03:00:00,0
1,2026-01-06 03:00:00,188
1,2026-01-06 03:00:00,111503
1,2026-01-06 03:00:00,105354
1,2026-01-06 03:00:00,-2104
1,2026-01-06 03:00:00,1234
1,2026-01-06 03:00:00,3316
1,2026-01-06 03:00:00,3338
1,2026-01-06 03:00:00,-2191
1,2026-01-06 03:00:00,786
1,2026-01-06 03:00:00,2977
1,2026-01-06 03:00:00,459
1,2026-01-06 03:00:00,7272
1,2026-01-06 03:00:00,6813
1,2026-01-06 03:00:00,18075
1,2026-01-06 03:00:00,19512
1,2026-01-06 03:00:00,19735
1,2026-01-06 03:00:00,101541
1,2026-01-06 03:00:00,-1660
1,2026-01-06 03:00:00,19512
1,2026-01-06 03:00:00,18075
1,2026-01-06 03:00:00,74
1,2026-01-06 03:00:00,4320
1,2026-01-06 03:00:00,4398
1,2026-01-06 03:00:00,-218
1,2026-01-06 03:00:00,49579
1,2026-01-06 03:00:00,-1660
1,2026-01-06 03:00:00,35167
1,2026-01-06 03:00:00,4882
1,2026-01-06 03:00:00,1469
1,2026-01-06 03:00:00,1507
1,2026-01-06 03:00:00,2465
1,2026-01-06 03:00:00,996
1,2026-01-06 03:00:00,19735
1,2026-01-06 03:00:00,54528
1,2026-01-06 03:00:00,4543
1,2026-01-06 03:00:00,2198
1,2026-01-06 03:00:00,15115
1,2026-01-06 03:00:00,-3664
1,2026-01-06 03:00:00,75015
1,2026-01-06 03:00:00,78803
1,2026-01-06 03:00:00,76351
1,2026-01-06 03:00:00,-3314
1,2026-01-06 03:00:00,82139
1,2026-01-06 03:00:00,85274
1,2026-01-06 03:00:00,83125
1,2026-01-06 03:00:00,1265
1,2026-01-06 03:00:00,111503
1,2026-01-06 03:00:00,101541
1,2026-01-06 03:00:00,105354
1,2026-01-06 03:00:00,-622
1,2026-01-06 03:00:00,3789
1,2026-01-06 03:00:00,16459
1,2026-01-06 03:00:00,3986
1,2026-01-06 03:00:00,-601
1,2026-01-06 03:00:00,16459
1,2026-01-06 03:00:00,16370
1,2026-01-06 03:00:00,15115
1,2026-01-06 03:00:00,-1344
1,2026-01-06 03:00:00,175
1,2026-01-06 03:00:00,1358
1,2026-01-06 03:00:00,971
1,2026-01-06 03:00:00,-386
1,2026-01-06 03:00:00,203
1,2026-01-06 03:00:00,2895
1,2026-01-06 03:00:00,203
1,2026-01-06 03:00:00,0
1,2026-01-06 03:00:00,1431
1,2026-01-06 03:00:00,1593
1,2026-01-06 03:00:00,27011
1,2026-01-06 03:00:00,2080
1,2026-01-06 03:00:00,4411
1,2026-01-06 03:00:00,750
1,2026-01-06 03:00:00,2155
1,2026-01-06 03:00:00,2155
1,2026-01-06 03:00:00,208
1,2026-01-06 03:00:00,176
1,2026-01-06 03:00:00,253
1,2026-01-06 03:00:00,-93
1,2026-01-06 03:00:00,253
1,2026-01-06 03:00:00,69
1,2026-01-06 03:00:00,0
1,2026-01-06 03:00:00,-69
1,2026-01-06 03:00:00,108
1,2026-01-06 03:00:00,777
1,2026-01-06 03:00:00,24113
1,2026-01-06 03:00:00,425
1,2026-01-06 03:00:00,353
1,2026-01-06 03:00:00,26955
1,2026-01-06 03:00:00,525
1,2026-01-06 03:00:00,5642
1,2026-01-06 03:00:00,14846
1,2026-01-06 03:00:00,13767
1,2026-01-06 03:00:00,14421
1,2026-01-06 03:00:00,-1281
1,2026-01-06 03:00:00,-98
1,2026-01-06 03:00:00,4361
1,2026-01-06 03:00:00,52
1,2026-01-06 03:00:00,776
1,2026-01-06 03:00:00,2593
1,2026-01-06 03:00:00,1792
1,2026-01-06 03:00:00,2541
1,2026-01-06 03:00:00,-49
1,2026-01-06 03:00:00,4340
1,2026-01-06 03:00:00,718
1,2026-01-06 03:00:00,1524
1,2026-01-06 03:00:00,-523
1,2026-01-06 03:00:00,632
1,2026-01-06 03:00:00,961
1,2026-01-06 03:00:00,970
1,2026-01-06 03:00:00,1466
1,2026-01-06 03:00:00,14740
1,2026-01-06 03:00:00,12833
1,2026-01-06 03:00:00,13274
1,2026-01-06 03:00:00,355
1,2026-01-06 03:00:00,699
1,2026-01-06 03:00:00,335
1,2026-01-06 03:00:00,344
1,2026-01-06 03:00:00,324
1,2026-01-06 03:00:00,324
1,2026-01-06 03:00:00,523
1,2026-01-06 03:00:00,-338
1,2026-01-06 03:00:00,315
1,2026-01-06 03:00:00,1529
1,2026-01-06 03:00:00,1214
1,2026-01-06 03:00:00,27257
1,2026-01-06 03:00:00,28295
1,2026-01-06 03:00:00,51515
1,2026-01-06 03:00:00,17889
1,2026-01-06 03:00:00,7653
1,2026-01-06 03:00:00,8398
1,2026-01-06 03:00:00,6757
1,2026-01-06 03:00:00,-896
1,2026-01-06 03:00:00,588
1,2026-01-06 03:00:00,668
1,2026-01-06 03:00:00,-8662
1,2026-01-06 03:00:00,51385
1,2026-01-06 03:00:00,321
1,2026-01-06 03:00:00,51614
1,2026-01-06 03:00:00,-65
1,2026-01-06 03:00:00,33317
1,2026-01-06 03:00:00,16370
1,2026-01-06 03:00:00,27548
1,2026-01-06 03:00:00,27018
1,2026-01-06 03:00:00,-9089
1,2026-01-06 03:00:00,20605
1,2026-01-06 03:00:00,33824
1,2026-01-06 03:00:00,30409
1,2026-01-06 03:00:00,7149
1,2026-01-06 03:00:00,16025
1,2026-01-06 03:00:00,8876
1,2026-01-06 03:00:00,-476
1,2026-01-06 03:00:00,1785
1,2026-01-06 03:00:00,32599
1,2026-01-06 03:00:00,2296
1,2026-01-06 03:00:00,-1352
1,2026-01-06 03:00:00,8684
1,2026-01-06 03:00:00,26518
1,2026-01-06 03:00:00,36281
1,2026-01-06 03:00:00,3221
1,2026-01-06 03:00:00,2363
1,2026-01-06 03:00:00,2485
1,2026-01-06 03:00:00,3326
1,2026-01-06 03:00:00,963
1,2026-01-06 03:00:00,1771
1,2026-01-06 03:00:00,2262
1,2026-01-06 03:00:00,1376
1,2026-01-06 03:00:00,-395
1,2026-01-06 03:00:00,1092
1,2026-01-06 03:00:00,1092
1,2026-01-06 03:00:00,4573
1,2026-01-06 03:00:00,3998
1,2026-01-06 03:00:00,1778
1,2026-01-06 04:00:00,3065
1,2026-01-06 04:00:00,3888
1,2026-01-06 04:00:00,40
1,2026-01-06 04:00:00,861
1,2026-01-06 04:00:00,748
1,2026-01-06 04:00:00,1132
1,2026-01-06 04:00:00,104
1,2026-01-06 04:00:00,98
1,2026-01-06 04:00:00,40
1,2026-01-06 04:00:00,-58
1,2026-01-06 04:00:00,0
1,2026-01-06 04:00:00,3848
1,2026-01-06 04:00:00,271
1,2026-01-06 04:00:00,-4500
1,2026-01-06 04:00:00,-58
1,2026-01-06 04:00:00,330
1,2026-01-06 04:00:00,-1
1,2026-01-06 04:00:00,472036
1,2026-01-06 04:00:00,482700
1,2026-01-06 04:00:00,-379
1,2026-01-06 04:00:00,17891
1,2026-01-06 04:00:00,18398
1,2026-01-06 04:00:00,484768
1,2026-01-06 04:00:00,18267
1,2026-01-06 04:00:00,50090
1,2026-01-06 04:00:00,706
1,2026-01-06 04:00:00,722
1,2026-01-06 04:00:00,-123
1,2026-01-06 04:00:00,204
1,2026-01-06 04:00:00,334
1,2026-01-06 04:00:00,664
1,2026-01-06 04:00:00,-1253
1,2026-01-06 04:00:00,1607
1,2026-01-06 04:00:00,49889
1,2026-01-06 04:00:00,9
1,2026-01-06 04:00:00,1539
1,2026-01-06 04:00:00,-379
1,2026-01-06 04:00:00,17891
1,2026-01-06 04:00:00,18398
1,2026-01-06 04:00:00,18267
1,2026-01-06 04:00:00,-26
1,2026-01-06 04:00:00,2017
1,2026-01-06 04:00:00,1948
1,2026-01-06 04:00:00,2043
1,2026-01-06 04:00:00,52
1,2026-01-06 04:00:00,330
1,2026-01-06 04:00:00,257
1,2026-01-06 04:00:00,278
1,2026-01-06 04:00:00,988
1,2026-01-06 04:00:00,25222
1,2026-01-06 04:00:00,26354
1,2026-01-06 04:00:00,25151
1,2026-01-06 04:00:00,13150
1,2026-01-06 04:00:00,32925
1,2026-01-06 04:00:00,35691
1,2026-01-06 04:00:00,31937
1,2026-01-06 04:00:00,3038
1,2026-01-06 04:00:00,-43
1,2026-01-06 04:00:00,16148
1,2026-01-06 04:00:00,3550
1,2026-01-06 04:00:00,50134
1,2026-01-06 04:00:00,6918
1,2026-01-06 04:00:00,3585
1,2026-01-06 04:00:00,3368
1,2026-01-06 04:00:00,1203
1,2026-01-06 04:00:00,12484
1,2026-01-06 04:00:00,97463
1,2026-01-06 04:00:00,1401
1,2026-01-06 04:00:00,97463
1,2026-01-06 04:00:00,1886
1,2026-01-06 04:00:00,1546
1,2026-01-06 04:00:00,172
1,2026-01-06 04:00:00,1141
1,2026-01-06 04:00:00,26354
1,2026-01-06 04:00:00,25222
1,2026-01-06 04:00:00,25151
1,2026-01-06 04:00:00,-367
1,2026-01-06 04:00:00,1078
1,2026-01-06 04:00:00,1342
1,2026-01-06 04:00:00,1445
1,2026-01-06 04:00:00,191
1,2026-01-06 04:00:00,2573
1,2026-01-06 04:00:00,231
1,2026-01-06 04:00:00,0
1,2026-01-06 04:00:00,2382
1,2026-01-06 04:00:00,2539
1,2026-01-06 04:00:00,2395
1,2026-01-06 04:00:00,4782
1,2026-01-06 04:00:00,65
1,2026-01-06 04:00:00,3876
1,2026-01-06 04:00:00,5852
1,2026-01-06 04:00:00,5787
1,2026-01-06 04:00:00,510
1,2026-01-06 04:00:00,-3366
1,2026-01-06 04:00:00,-1189
1,2026-01-06 04:00:00,2875
1,2026-01-06 04:00:00,1709
1,2026-01-06 04:00:00,1482
1,2026-01-06 04:00:00,1454
1,2026-01-06 04:00:00,693
1,2026-01-06 04:00:00,1315
1,2026-01-06 04:00:00,1715
1,2026-01-06 04:00:00,5179
1,2026-01-06 04:00:00,101409
1,2026-01-06 04:00:00,-1966
1,2026-01-06 04:00:00,1334
1,2026-01-06 04:00:00,3279
1,2026-01-06 04:00:00,3300
1,2026-01-06 04:00:00,-2134
1,2026-01-06 04:00:00,805
1,2026-01-06 04:00:00,2939
1,2026-01-06 04:00:00,845
1,2026-01-06 04:00:00,7487
1,2026-01-06 04:00:00,6642
1,2026-01-06 04:00:00,-1867
1,2026-01-06 04:00:00,16689
1,2026-01-06 04:00:00,18470
1,2026-01-06 04:00:00,18556
1,2026-01-06 04:00:00,-1867
1,2026-01-06 04:00:00,4238
1,2026-01-06 04:00:00,1336
1,2026-01-06 04:00:00,16689
1,2026-01-06 04:00:00,18470
1,2026-01-06 04:00:00,18556
1,2026-01-06 04:00:00,949
1,2026-01-06 04:00:00,2350
1,2026-01-06 04:00:00,-62
1,2026-01-06 04:00:00,1476
1,2026-01-06 04:00:00,107721
1,2026-01-06 04:00:00,34636
1,2026-01-06 04:00:00,48663
1,2026-01-06 04:00:00,-282
1,2026-01-06 04:00:00,4291
1,2026-01-06 04:00:00,9
1,2026-01-06 04:00:00,53906
1,2026-01-06 04:00:00,-85
1,2026-01-06 04:00:00,3447
1,2026-01-06 04:00:00,2090
1,2026-01-06 04:00:00,72404
1,2026-01-06 04:00:00,76592
1,2026-01-06 04:00:00,73810
1,2026-01-06 04:00:00,-3253
1,2026-01-06 04:00:00,79249
1,2026-01-06 04:00:00,82833
1,2026-01-06 04:00:00,80306
1,2026-01-06 04:00:00,1336
1,2026-01-06 04:00:00,107721
1,2026-01-06 04:00:00,2305
1,2026-01-06 04:00:00,101409
1,2026-01-06 04:00:00,-548
1,2026-01-06 04:00:00,3643
1,2026-01-06 04:00:00,3860
1,2026-01-06 04:00:00,22186
1,2026-01-06 04:00:00,4191
1,2026-01-06 04:00:00,-538
1,2026-01-06 04:00:00,15296
1,2026-01-06 04:00:00,15210
1,2026-01-06 04:00:00,14043
1,2026-01-06 04:00:00,-1253
1,2026-01-06 04:00:00,2147
1,2026-01-06 04:00:00,1242
1,2026-01-06 04:00:00,841
1,2026-01-06 04:00:00,-397
1,2026-01-06 04:00:00,201
1,2026-01-06 04:00:00,2862
1,2026-01-06 04:00:00,201
1,2026-01-06 04:00:00,0
1,2026-01-06 04:00:00,1375
1,2026-01-06 04:00:00,1605
1,2026-01-06 04:00:00,15296
1,2026-01-06 04:00:00,2004
1,2026-01-06 04:00:00,-3602
1,2026-01-06 04:00:00,4499
1,2026-01-06 04:00:00,2090
1,2026-01-06 04:00:00,193
1,2026-01-06 04:00:00,166
1,2026-01-06 04:00:00,104
1,2026-01-06 04:00:00,-82
1,2026-01-06 04:00:00,61
1,2026-01-06 04:00:00,245
1,2026-01-06 04:00:00,0
1,2026-01-06 04:00:00,-61
1,2026-01-06 04:00:00,345
1,2026-01-06 04:00:00,696
1,2026-01-06 04:00:00,245
1,2026-01-06 04:00:00,24251
1,2026-01-06 04:00:00,781
1,2026-01-06 04:00:00,521
1,2026-01-06 04:00:00,52
1,2026-01-06 04:00:00,176
1,2026-01-06 04:00:00,3974
1,2026-01-06 04:00:00,505
1,2026-01-06 04:00:00,13821
1,2026-01-06 04:00:00,12665
1,2026-01-06 04:00:00,13316
1,2026-01-06 04:00:00,24210
1,2026-01-06 04:00:00,-1161
1,2026-01-06 04:00:00,5134
1,2026-01-06 04:00:00,781
1,2026-01-06 04:00:00,-93
1,2026-01-06 04:00:00,1619
1,2026-01-06 04:00:00,1629
1,2026-01-06 04:00:00,1712
1,2026-01-06 04:00:00,3973
1,2026-01-06 04:00:00,320
1,2026-01-06 04:00:00,1471
1,2026-01-06 04:00:00,-381
1,2026-01-06 04:00:00,-324
1,2026-01-06 04:00:00,628
1,2026-01-06 04:00:00,945
1,2026-01-06 04:00:00,952
1,2026-01-06 04:00:00,1416
1,2026-01-06 04:00:00,14049
1,2026-01-06 04:00:00,12221
1,2026-01-06 04:00:00,12633
1,2026-01-06 04:00:00,342
1,2026-01-06 04:00:00,684
1,2026-01-06 04:00:00,332
1,2026-01-06 04:00:00,342
1,2026-01-06 04:00:00,324
1,2026-01-06 04:00:00,324
1,2026-01-06 04:00:00,-38
1,2026-01-06 04:00:00,315
1,2026-01-06 04:00:00,1486
1,2026-01-06 04:00:00,14043
1,2026-01-06 04:00:00,50090
1,2026-01-06 04:00:00,7335
1,2026-01-06 04:00:00,525
1,2026-01-06 04:00:00,638
1,2026-01-06 04:00:00,563
1,2026-01-06 04:00:00,50134
1,2026-01-06 04:00:00,-760
1,2026-01-06 04:00:00,-8625
1,2026-01-06 04:00:00,-43
1,2026-01-06 04:00:00,17424
1,2026-01-06 04:00:00,27738
1,2026-01-06 04:00:00,26750
1,2026-01-06 04:00:00,1171
1,2026-01-06 04:00:00,6575
1,2026-01-06 04:00:00,49889
1,2026-01-06 04:00:00,8060
1,2026-01-06 04:00:00,32925
1,2026-01-06 04:00:00,26379
1,2026-01-06 04:00:00,25431
1,2026-01-06 04:00:00,988
1,2026-01-06 04:00:00,25788
1,2026-01-06 04:00:00,-9058
1,2026-01-06 04:00:00,20070
1,2026-01-06 04:00:00,29833
1,2026-01-06 04:00:00,6879
1,2026-01-06 04:00:00,15656
1,2026-01-06 04:00:00,8600
1,2026-01-06 04:00:00,8777
1,2026-01-06 04:00:00,-486
1,2026-01-06 04:00:00,1720
1,2026-01-06 04:00:00,31937
1,2026-01-06 04:00:00,2241
1,2026-01-06 04:00:00,33175
1,2026-01-06 04:00:00,3153
1,2026-01-06 04:00:00,2207
1,2026-01-06 04:00:00,-1391
1,2026-01-06 04:00:00,2381
1,2026-01-06 04:00:00,3193
1,2026-01-06 04:00:00,1744
1,2026-01-06 04:00:00,1743
1,2026-01-06 04:00:00,35691
1,2026-01-06 04:00:00,888
1,2026-01-06 04:00:00,-423
1,2026-01-06 04:00:00,3884
1,2026-01-06 04:00:00,1321
1,2026-01-06 04:00:00,4544
1,2026-01-06 04:00:00,15210
1,2026-01-06 04:00:00,1049
1,2026-01-06 04:00:00,1049
1,2026-01-06 05:00:00,3368
1,2026-01-06 05:00:00,94
1,2026-01-06 05:00:00,243
1,2026-01-06 05:00:00,93
1,2026-01-06 05:00:00,798
1,2026-01-06 05:00:00,854
1,2026-01-06 05:00:00,38
1,2026-01-06 05:00:00,-38
1,2026-01-06 05:00:00,3716
1,2026-01-06 05:00:00,1097
1,2026-01-06 05:00:00,17603
1,2026-01-06 05:00:00,454074
1,2026-01-06 05:00:00,463815
1,2026-01-06 05:00:00,-484
1,2026-01-06 05:00:00,16997
1,2026-01-06 05:00:00,17477
1,2026-01-06 05:00:00,-36
1,2026-01-06 05:00:00,665
1,2026-01-06 05:00:00,687
1,2026-01-06 05:00:00,701
1,2026-01-06 05:00:00,-56
1,2026-01-06 05:00:00,-116
1,2026-01-06 05:00:00,204
1,2026-01-06 05:00:00,3754
1,2026-01-06 05:00:00,53923
1,2026-01-06 05:00:00,264
1,2026-01-06 05:00:00,324
1,2026-01-06 05:00:00,47912
1,2026-01-06 05:00:00,3481
1,2026-01-06 05:00:00,-64
1,2026-01-06 05:00:00,1415
1,2026-01-06 05:00:00,1555
1,2026-01-06 05:00:00,1479
1,2026-01-06 05:00:00,-484
1,2026-01-06 05:00:00,16997
1,2026-01-06 05:00:00,17603
1,2026-01-06 05:00:00,17477
1,2026-01-06 05:00:00,1813
1,2026-01-06 05:00:00,47838
1,2026-01-06 05:00:00,1857
1,2026-01-06 05:00:00,1025
1,2026-01-06 05:00:00,31890
1,2026-01-06 05:00:00,34852
1,2026-01-06 05:00:00,30865
1,2026-01-06 05:00:00,2666
1,2026-01-06 05:00:00,15461
1,2026-01-06 05:00:00,12119
1,2026-01-06 05:00:00,12824
1,2026-01-06 05:00:00,3232
1,2026-01-06 05:00:00,6468
1,2026-01-06 05:00:00,244
1,2026-01-06 05:00:00,-73
1,2026-01-06 05:00:00,329
1,2026-01-06 05:00:00,3235
1,2026-01-06 05:00:00,24460
1,2026-01-06 05:00:00,602
1,2026-01-06 05:00:00,9
1,2026-01-06 05:00:00,9
1,2026-01-06 05:00:00,-100
1,2026-01-06 05:00:00,0
1,2026-01-06 05:00:00,158
1,2026-01-06 05:00:00,206
1,2026-01-06 05:00:00,502
1,2026-01-06 05:00:00,24460
1,2026-01-06 05:00:00,24428
1,2026-01-06 05:00:00,23858
1,2026-01-06 05:00:00,-575
1,2026-01-06 05:00:00,5949
1,2026-01-06 05:00:00,23858
1,2026-01-06 05:00:00,634
1,2026-01-06 05:00:00,-3135
1,2026-01-06 05:00:00,2722
1,2026-01-06 05:00:00,1555
1,2026-01-06 05:00:00,2255
1,2026-01-06 05:00:00,2285
1,2026-01-06 05:00:00,1406
1,2026-01-06 05:00:00,1305
1,2026-01-06 05:00:00,831
1,2026-01-06 05:00:00,2956
1,2026-01-06 05:00:00,47701
1,2026-01-06 05:00:00,3769
1,2026-01-06 05:00:00,24428
1,2026-01-06 05:00:00,209
1,2026-01-06 05:00:00,1290
1,2026-01-06 05:00:00,603
1,2026-01-06 05:00:00,2401
1,2026-01-06 05:00:00,1679
1,2026-01-06 05:00:00,1828
1,2026-01-06 05:00:00,93842
1,2026-01-06 05:00:00,98692
1,2026-01-06 05:00:00,-1922
1,2026-01-06 05:00:00,1312
1,2026-01-06 05:00:00,3212
1,2026-01-06 05:00:00,3234
1,2026-01-06 05:00:00,-2100
1,2026-01-06 05:00:00,5740
1,2026-01-06 05:00:00,780
1,2026-01-06 05:00:00,547
1,2026-01-06 05:00:00,7197
1,2026-01-06 05:00:00,17486
1,2026-01-06 05:00:00,17472
1,2026-01-06 05:00:00,17486
1,2026-01-06 05:00:00,17472
1,2026-01-06 05:00:00,2719
1,2026-01-06 05:00:00,1417
1,2026-01-06 05:00:00,4
1,2026-01-06 05:00:00,1429
1,2026-01-06 05:00:00,2880
1,2026-01-06 05:00:00,4659
1,2026-01-06 05:00:00,1539
1,2026-01-06 05:00:00,5950
1,2026-01-06 05:00:00,6650
1,2026-01-06 05:00:00,33924
1,2026-01-06 05:00:00,4231
1,2026-01-06 05:00:00,4237
1,2026-01-06 05:00:00,4417
1,2026-01-06 05:00:00,14210
1,2026-01-06 05:00:00,14286
1,2026-01-06 05:00:00,74056
1,2026-01-06 05:00:00,70685
1,2026-01-06 05:00:00,79980
1,2026-01-06 05:00:00,76950
1,2026-01-06 05:00:00,93842
1,2026-01-06 05:00:00,3717
1,2026-01-06 05:00:00,-260
1,2026-01-06 05:00:00,4118
1,2026-01-06 05:00:00,135
1,2026-01-06 05:00:00,2814
1,2026-01-06 05:00:00,135
1,2026-01-06 05:00:00,1290
1,2026-01-06 05:00:00,1162
1,2026-01-06 05:00:00,14210
1,2026-01-06 05:00:00,14286
1,2026-01-06 05:00:00,-495
1,2026-01-06 05:00:00,1550
1,2026-01-06 05:00:00,1896
1,2026-01-06 05:00:00,153
1,2026-01-06 05:00:00,0
1,2026-01-06 05:00:00,591
1,2026-01-06 05:00:00,-328
1,2026-01-06 05:00:00,98692
1,2026-01-06 05:00:00,1234
1,2026-01-06 05:00:00,778
1,2026-01-06 05:00:00,761
1,2026-01-06 05:00:00,53
1,2026-01-06 05:00:00,2086
1,2026-01-06 05:00:00,155
1,2026-01-06 05:00:00,782
1,2026-01-06 05:00:00,302
1,2026-01-06 05:00:00,2086
1,2026-01-06 05:00:00,179
1,2026-01-06 05:00:00,1453
1,2026-01-06 05:00:00,2049
1,2026-01-06 05:00:00,11997
1,2026-01-06 05:00:00,4663
1,2026-01-06 05:00:00,1490
1,2026-01-06 05:00:00,20346
1,2026-01-06 05:00:00,21834
1,2026-01-06 05:00:00,-73
1,2026-01-06 05:00:00,47838
1,2026-01-06 05:00:00,47701
1,2026-01-06 05:00:00,329
1,2026-01-06 05:00:00,47912
1,2026-01-06 05:00:00,11577
1,2026-01-06 05:00:00,482
1,2026-01-06 05:00:00,3619
1,2026-01-06 05:00:00,29186
1,2026-01-06 05:00:00,302
1,2026-01-06 05:00:00,32293
1,2026-01-06 05:00:00,344
1,2026-01-06 05:00:00,683
1,2026-01-06 05:00:00,328
1,2026-01-06 05:00:00,339
1,2026-01-06 05:00:00,324
1,2026-01-06 05:00:00,324
1,2026-01-06 05:00:00,604
1,2026-01-06 05:00:00,536
1,2026-01-06 05:00:00,7751
1,2026-01-06 05:00:00,7007
1,2026-01-06 05:00:00,-8977
1,2026-01-06 05:00:00,12028
1,2026-01-06 05:00:00,16606
1,2026-01-06 05:00:00,26240
1,2026-01-06 05:00:00,1542
1,2026-01-06 05:00:00,316
1,2026-01-06 05:00:00,308
1,2026-01-06 05:00:00,1025
1,2026-01-06 05:00:00,31890
1,2026-01-06 05:00:00,34852
1,2026-01-06 05:00:00,-176
1,2026-01-06 05:00:00,24392
1,2026-01-06 05:00:00,907
1,2026-01-06 05:00:00,919
1,2026-01-06 05:00:00,26964
1,2026-01-06 05:00:00,11694
1,2026-01-06 05:00:00,30869
1,2026-01-06 05:00:00,24548
1,2026-01-06 05:00:00,25290
1,2026-01-06 05:00:00,6972
1,2026-01-06 05:00:00,15622
1,2026-01-06 05:00:00,47907
1,2026-01-06 05:00:00,8650
1,2026-01-06 05:00:00,-381
1,2026-01-06 05:00:00,1776
1,2026-01-06 05:00:00,2186
1,2026-01-06 05:00:00,2158
1,2026-01-06 05:00:00,-1344
1,2026-01-06 05:00:00,19203
1,2026-01-06 05:00:00,3165
1,2026-01-06 05:00:00,8376
1,2026-01-06 05:00:00,1205
1,2026-01-06 05:00:00,4509
1,2026-01-06 05:00:00,3699
1,2026-01-06 05:00:00,2207
1,2026-01-06 05:00:00,3241
1,2026-01-06 05:00:00,1094
1,2026-01-06 05:00:00,2147
1,2026-01-06 05:00:00,1705
1,2026-01-06 05:00:00,1697
1,2026-01-06 05:00:00,1322
1,2026-01-06 05:00:00,-383
1,2026-01-06 05:00:00,1205
1,2026-01-06 05:00:00,-9321
1,2026-01-06 06:00:00,40
1,2026-01-06 06:00:00,92
1,2026-01-06 06:00:00,89
1,2026-01-06 06:00:00,283
1,2026-01-06 06:00:00,1103
1,2026-01-06 06:00:00,817
1,2026-01-06 06:00:00,820
1,2026-01-06 06:00:00,-186
1,2026-01-06 06:00:00,3566
1,2026-01-06 06:00:00,-49
1,2026-01-06 06:00:00,16887
1,2026-01-06 06:00:00,3752
1,2026-01-06 06:00:00,436606
1,2026-01-06 06:00:00,449164
1,2026-01-06 06:00:00,16911
1,2026-01-06 06:00:00,-11
1,2026-01-06 06:00:00,666
1,2026-01-06 06:00:00,653
1,2026-01-06 06:00:00,677
1,2026-01-06 06:00:00,-112
1,2026-01-06 06:00:00,318
1,2026-01-06 06:00:00,3253
1,2026-01-06 06:00:00,198
1,2026-01-06 06:00:00,29924
1,2026-01-06 06:00:00,23483
1,2026-01-06 06:00:00,-134
1,2026-01-06 06:00:00,22886
1,2026-01-06 06:00:00,1295
1,2026-01-06 06:00:00,1487
1,2026-01-06 06:00:00,1429
1,2026-01-06 06:00:00,16887
1,2026-01-06 06:00:00,16911
1,2026-01-06 06:00:00,1637
1,2026-01-06 06:00:00,1684
1,2026-01-06 06:00:00,250
1,2026-01-06 06:00:00,251
1,2026-01-06 06:00:00,33836
1,2026-01-06 06:00:00,2840
1,2026-01-06 06:00:00,15006
1,2026-01-06 06:00:00,4264
1,2026-01-06 06:00:00,12191
1,2026-01-06 06:00:00,3349
1,2026-01-06 06:00:00,6384
1,2026-01-06 06:00:00,3307
1,2026-01-06 06:00:00,3035
1,2026-01-06 06:00:00,45376
1,2026-01-06 06:00:00,313
1,2026-01-06 06:00:00,11558
1,2026-01-06 06:00:00,23483
1,2026-01-06 06:00:00,3085
1,2026-01-06 06:00:00,1246
1,2026-01-06 06:00:00,1354
1,2026-01-06 06:00:00,2228
1,2026-01-06 06:00:00,2228
1,2026-01-06 06:00:00,2828
1,2026-01-06 06:00:00,2828
1,2026-01-06 06:00:00,-2957
1,2026-01-06 06:00:00,752
1,2026-01-06 06:00:00,1494
1,2026-01-06 06:00:00,622
1,2026-01-06 06:00:00,1747
1,2026-01-06 06:00:00,1617
1,2026-01-06 06:00:00,2369
1,2026-01-06 06:00:00,647
1,2026-01-06 06:00:00,22886
1,2026-01-06 06:00:00,4445
1,2026-01-06 06:00:00,6014
1,2026-01-06 06:00:00,310
1,2026-01-06 06:00:00,3579
1,2026-01-06 06:00:00,5704
1,2026-01-06 06:00:00,45686
1,2026-01-06 06:00:00,96151
1,2026-01-06 06:00:00,-602
1,2026-01-06 06:00:00,91001
1,2026-01-06 06:00:00,7091
1,2026-01-06 06:00:00,3122
1,2026-01-06 06:00:00,-2000
1,2026-01-06 06:00:00,742
1,2026-01-06 06:00:00,703
1,2026-01-06 06:00:00,138
1,2026-01-06 06:00:00,6388
1,2026-01-06 06:00:00,16493
1,2026-01-06 06:00:00,16724
1,2026-01-06 06:00:00,16493
1,2026-01-06 06:00:00,16724
1,2026-01-06 06:00:00,171
1,2026-01-06 06:00:00,1321
1,2026-01-06 06:00:00,1340
1,2026-01-06 06:00:00,1320
1,2026-01-06 06:00:00,6578
1,2026-01-06 06:00:00,52034
1,2026-01-06 06:00:00,32539
1,2026-01-06 06:00:00,46265
1,2026-01-06 06:00:00,-187
1,2026-01-06 06:00:00,3274
1,2026-01-06 06:00:00,1140
1,2026-01-06 06:00:00,-1982
1,2026-01-06 06:00:00,2641
1,2026-01-06 06:00:00,4068
1,2026-01-06 06:00:00,6889
1,2026-01-06 06:00:00,13230
1,2026-01-06 06:00:00,71446
1,2026-01-06 06:00:00,70424
1,2026-01-06 06:00:00,77063
1,2026-01-06 06:00:00,76383
1,2026-01-06 06:00:00,91001
1,2026-01-06 06:00:00,96151
1,2026-01-06 06:00:00,3523
1,2026-01-06 06:00:00,3920
1,2026-01-06 06:00:00,0
1,2026-01-06 06:00:00,131
1,2026-01-06 06:00:00,2717
1,2026-01-06 06:00:00,1171
1,2026-01-06 06:00:00,1089
1,2026-01-06 06:00:00,13230
1,2026-01-06 06:00:00,13671
1,2026-01-06 06:00:00,-386
1,2026-01-06 06:00:00,1533
1,2026-01-06 06:00:00,1792
1,2026-01-06 06:00:00,1923
1,2026-01-06 06:00:00,291
1,2026-01-06 06:00:00,312
1,2026-01-06 06:00:00,591
1,2026-01-06 06:00:00,847
1,2026-01-06 06:00:00,593
1,2026-01-06 06:00:00,46
1,2026-01-06 06:00:00,778
1,2026-01-06 06:00:00,142
1,2026-01-06 06:00:00,169
1,2026-01-06 06:00:00,2012
1,2026-01-06 06:00:00,2012
1,2026-01-06 06:00:00,774
1,2026-01-06 06:00:00,2742
1,2026-01-06 06:00:00,771
1,2026-01-06 06:00:00,254
1,2026-01-06 06:00:00,1383
1,2026-01-06 06:00:00,10752
1,2026-01-06 06:00:00,3340
1,2026-01-06 06:00:00,4325
1,2026-01-06 06:00:00,1532
1,2026-01-06 06:00:00,18738
1,2026-01-06 06:00:00,20019
1,2026-01-06 06:00:00,45376
1,2026-01-06 06:00:00,45686
1,2026-01-06 06:00:00,-279
1,2026-01-06 06:00:00,254
1,2026-01-06 06:00:00,10677
1,2026-01-06 06:00:00,131
1,2026-01-06 06:00:00,-9850
1,2026-01-06 06:00:00,1550
1,2026-01-06 06:00:00,31288
1,2026-01-06 06:00:00,352
1,2026-01-06 06:00:00,681
1,2026-01-06 06:00:00,323
1,2026-01-06 06:00:00,329
1,2026-01-06 06:00:00,330
1,2026-01-06 06:00:00,330
1,2026-01-06 06:00:00,586
1,2026-01-06 06:00:00,529
1,2026-01-06 06:00:00,7629
1,2026-01-06 06:00:00,24045
1,2026-01-06 06:00:00,15385
1,2026-01-06 06:00:00,26173
1,2026-01-06 06:00:00,25481
1,2026-01-06 06:00:00,1215
1,2026-01-06 06:00:00,1512
1,2026-01-06 06:00:00,306
1,2026-01-06 06:00:00,297
1,2026-01-06 06:00:00,29924
1,2026-01-06 06:00:00,24392
1,2026-01-06 06:00:00,-9651
1,2026-01-06 06:00:00,11843
1,2026-01-06 06:00:00,11571
1,2026-01-06 06:00:00,25114
1,2026-01-06 06:00:00,33836
1,2026-01-06 06:00:00,870
1,2026-01-06 06:00:00,13671
1,2026-01-06 06:00:00,7279
1,2026-01-06 06:00:00,28309
1,2026-01-06 06:00:00,8048
1,2026-01-06 06:00:00,8326
1,2026-01-06 06:00:00,-378
1,2026-01-06 06:00:00,1694
1,2026-01-06 06:00:00,2080
1,2026-01-06 06:00:00,2072
1,2026-01-06 06:00:00,18001
1,2026-01-06 06:00:00,-1356
1,2026-01-06 06:00:00,15605
1,2026-01-06 06:00:00,4290
1,2026-01-06 06:00:00,3483
1,2026-01-06 06:00:00,2094
1,2026-01-06 06:00:00,1621
1,2026-01-06 06:00:00,1623
1,2026-01-06 06:00:00,2039
1,2026-01-06 06:00:00,-421
1,2026-01-06 06:00:00,1139
1,2026-01-06 06:00:00,1139
1,2026-01-06 06:00:00,1200
1,2026-01-06 06:00:00,2934
1,2026-01-06 07:00:00,1643
1,2026-01-06 07:00:00,43965
1,2026-01-06 07:00:00,3313
1,2026-01-06 07:00:00,133
1,2026-01-06 07:00:00,22382
1,2026-01-06 07:00:00,22382
1,2026-01-06 07:00:00,21
1,2026-01-06 07:00:00,43449
1,2026-01-06 07:00:00,1120
1,2026-01-06 07:00:00,1383
1,2026-01-06 07:00:00,16240
1,2026-01-06 07:00:00,16435
1,2026-01-06 07:00:00,4292
1,2026-01-06 07:00:00,1581
1,2026-01-06 07:00:00,244
1,2026-01-06 07:00:00,32825
1,2026-01-06 07:00:00,29270
1,2026-01-06 07:00:00,1435
1,2026-01-06 07:00:00,691
1,2026-01-06 07:00:00,22382
1,2026-01-06 07:00:00,2783
1,2026-01-06 07:00:00,10894
1,2026-01-06 07:00:00,-10195
1,2026-01-06 07:00:00,15936
1,2026-01-06 07:00:00,29610
1,2026-01-06 07:00:00,26806
1,2026-01-06 07:00:00,29291
1,2026-01-06 07:00:00,1070
1,2026-01-06 07:00:00,11596
1,2026-01-06 07:00:00,-2622
1,2026-01-06 07:00:00,156
1,2026-01-06 07:00:00,22382
1,2026-01-06 07:00:00,-518
1,2026-01-06 07:00:00,735
1,2026-01-06 07:00:00,1154
1,2026-01-06 07:00:00,1253
1,2026-01-06 07:00:00,2202
1,2026-01-06 07:00:00,2202
1,2026-01-06 07:00:00,2783
1,2026-01-06 07:00:00,163
1,2026-01-06 07:00:00,11647
1,2026-01-06 07:00:00,3867
1,2026-01-06 07:00:00,2863
1,2026-01-06 07:00:00,1279
1,2026-01-06 07:00:00,31478
1,2026-01-06 07:00:00,94510
1,2026-01-06 07:00:00,905
1,2026-01-06 07:00:00,2908
1,2026-01-06 07:00:00,2929
1,2026-01-06 07:00:00,-1815
1,2026-01-06 07:00:00,767
1,2026-01-06 07:00:00,43853
1,2026-01-06 07:00:00,-2024
1,2026-01-06 07:00:00,1275
1,2026-01-06 07:00:00,2582
1,2026-01-06 07:00:00,16218
1,2026-01-06 07:00:00,16023
1,2026-01-06 07:00:00,89946
1,2026-01-06 07:00:00,16218
1,2026-01-06 07:00:00,16023
1,2026-01-06 07:00:00,23696
1,2026-01-06 07:00:00,6164
1,2026-01-06 07:00:00,3128
1,2026-01-06 07:00:00,74257
1,2026-01-06 07:00:00,2557
1,2026-01-06 07:00:00,243
1,2026-01-06 07:00:00,5309
1,2026-01-06 07:00:00,1553
1,2026-01-06 07:00:00,1657
1,2026-01-06 07:00:00,3240
1,2026-01-06 07:00:00,4017
1,2026-01-06 07:00:00,4072
1,2026-01-06 07:00:00,12850
1,2026-01-06 07:00:00,1560
1,2026-01-06 07:00:00,13301
1,2026-01-06 07:00:00,68425
1,2026-01-06 07:00:00,-244
1,2026-01-06 07:00:00,74990
1,2026-01-06 07:00:00,89946
1,2026-01-06 07:00:00,94510
1,2026-01-06 07:00:00,3401
1,2026-01-06 07:00:00,0
1,2026-01-06 07:00:00,156
1,2026-01-06 07:00:00,69523
1,2026-01-06 07:00:00,24767
1,2026-01-06 07:00:00,600
1,2026-01-06 07:00:00,32825
1,2026-01-06 07:00:00,43965
1,2026-01-06 07:00:00,785
1,2026-01-06 07:00:00,802
1,2026-01-06 07:00:00,11355
1,2026-01-06 07:00:00,358
1,2026-01-06 07:00:00,673
1,2026-01-06 07:00:00,317
1,2026-01-06 07:00:00,315
1,2026-01-06 07:00:00,587
1,2026-01-06 07:00:00,3131
1,2026-01-06 07:00:00,10052
1,2026-01-06 07:00:00,10088
1,2026-01-06 07:00:00,763
1,2026-01-06 07:00:00,13301
1,2026-01-06 07:00:00,-326
1,2026-01-06 07:00:00,1484
1,2026-01-06 07:00:00,1727
1,2026-01-06 07:00:00,43449
1,2026-01-06 07:00:00,18809
1,2026-01-06 07:00:00,17714
1,2026-01-06 07:00:00,1353
1,2026-01-06 07:00:00,619
1,2026-01-06 07:00:00,611
1,2026-01-06 07:00:00,666
1,2026-01-06 07:00:00,47
1,2026-01-06 07:00:00,16435
1,2026-01-06 07:00:00,16240
1,2026-01-06 07:00:00,3621
1,2026-01-06 07:00:00,423168
1,2026-01-06 07:00:00,1814
1,2026-01-06 07:00:00,3158
1,2026-01-06 07:00:00,89
1,2026-01-06 07:00:00,-104
1,2026-01-06 07:00:00,435169
1,2026-01-06 07:00:00,23889
1,2026-01-06 07:00:00,188
1,2026-01-06 07:00:00,295
1,2026-01-06 07:00:00,4142
1,2026-01-06 07:00:00,1314
1,2026-01-06 07:00:00,683
1,2026-01-06 07:00:00,192
1,2026-01-06 07:00:00,87
1,2026-01-06 07:00:00,533
1,2026-01-06 07:00:00,1533
1,2026-01-06 07:00:00,1518
1,2026-01-06 07:00:00,2066
1,2026-01-06 07:00:00,1965
1,2026-01-06 07:00:00,302
1,2026-01-06 07:00:00,7930
1,2026-01-06 07:00:00,7702
1,2026-01-06 07:00:00,14493
1,2026-01-06 07:00:00,6563
1,2026-01-06 07:00:00,13539
1,2026-01-06 07:00:00,24817
1,2026-01-06 07:00:00,1110
1,2026-01-06 07:00:00,1395
1,2026-01-06 07:00:00,296
1,2026-01-06 07:00:00,285
1,2026-01-06 07:00:00,6823
1,2026-01-06 07:00:00,479
1,2026-01-06 07:00:00,1212
1,2026-01-06 07:00:00,-306
1,2026-01-06 07:00:00,24139
1,2026-01-06 07:00:00,1045
1,2026-01-06 07:00:00,289
1,2026-01-06 07:00:00,1045
1,2026-01-06 07:00:00,132
1,2026-01-06 07:00:00,162
1,2026-01-06 07:00:00,2021
1,2026-01-06 07:00:00,633
1,2026-01-06 07:00:00,1393
1,2026-01-06 07:00:00,756
1,2026-01-06 07:00:00,42
1,2026-01-06 07:00:00,2021
1,2026-01-06 07:00:00,7599
1,2026-01-06 07:00:00,-9930
1,2026-01-06 07:00:00,4259
1,2026-01-06 07:00:00,-353
1,2026-01-06 07:00:00,1574
1,2026-01-06 07:00:00,1934
1,2026-01-06 07:00:00,1927
1,2026-01-06 07:00:00,12850
1,2026-01-06 07:00:00,3386
1,2026-01-06 08:00:00,11
1,2026-01-06 08:00:00,578
1,2026-01-06 08:00:00,16362
1,2026-01-06 08:00:00,15970
1,2026-01-06 08:00:00,426089
1,2026-01-06 08:00:00,415245
1,2026-01-06 08:00:00,674
1,2026-01-06 08:00:00,3095
1,2026-01-06 08:00:00,587
1,2026-01-06 08:00:00,81
1,2026-01-06 08:00:00,587
1,2026-01-06 08:00:00,3926
1,2026-01-06 08:00:00,3557
1,2026-01-06 08:00:00,286
1,2026-01-06 08:00:00,240
1,2026-01-06 08:00:00,42208
1,2026-01-06 08:00:00,42915
1,2026-01-06 08:00:00,1330
1,2026-01-06 08:00:00,1346
1,2026-01-06 08:00:00,15970
1,2026-01-06 08:00:00,16362
1,2026-01-06 08:00:00,1539
1,2026-01-06 08:00:00,242
1,2026-01-06 08:00:00,32601
1,2026-01-06 08:00:00,28859
1,2026-01-06 08:00:00,10614
1,2026-01-06 08:00:00,11191
1,2026-01-06 08:00:00,22073
1,2026-01-06 08:00:00,3013
1,2026-01-06 08:00:00,278
1,2026-01-06 08:00:00,83
1,2026-01-06 08:00:00,22073
1,2026-01-06 08:00:00,22073
1,2026-01-06 08:00:00,2716
1,2026-01-06 08:00:00,2743
1,2026-01-06 08:00:00,4205
1,2026-01-06 08:00:00,3073
1,2026-01-06 08:00:00,1562
1,2026-01-06 08:00:00,161
1,2026-01-06 08:00:00,2743
1,2026-01-06 08:00:00,1165
1,2026-01-06 08:00:00,2198
1,2026-01-06 08:00:00,2198
1,2026-01-06 08:00:00,1071
1,2026-01-06 08:00:00,22073
1,2026-01-06 08:00:00,1546
1,2026-01-06 08:00:00,4515
1,2026-01-06 08:00:00,41695
1,2026-01-06 08:00:00,1597
1,2026-01-06 08:00:00,89818
1,2026-01-06 08:00:00,93868
1,2026-01-06 08:00:00,2731
1,2026-01-06 08:00:00,2752
1,2026-01-06 08:00:00,2436
1,2026-01-06 08:00:00,6222
1,2026-01-06 08:00:00,15742
1,2026-01-06 08:00:00,15913
1,2026-01-06 08:00:00,15742
1,2026-01-06 08:00:00,15913
1,2026-01-06 08:00:00,1266
1,2026-01-06 08:00:00,1244
1,2026-01-06 08:00:00,30366
1,2026-01-06 08:00:00,132
1,2026-01-06 08:00:00,3867
1,2026-01-06 08:00:00,7623
1,2026-01-06 08:00:00,12670
1,2026-01-06 08:00:00,68374
1,2026-01-06 08:00:00,18274
1,2026-01-06 08:00:00,67466
1,2026-01-06 08:00:00,73759
1,2026-01-06 08:00:00,73252
1,2026-01-06 08:00:00,89818
1,2026-01-06 08:00:00,93868
1,2026-01-06 08:00:00,3360
1,2026-01-06 08:00:00,2394
1,2026-01-06 08:00:00,158
1,2026-01-06 08:00:00,1099
1,2026-01-06 08:00:00,1055
1,2026-01-06 08:00:00,13034
1,2026-01-06 08:00:00,3818
1,2026-01-06 08:00:00,3006
1,2026-01-06 08:00:00,1322
1,2026-01-06 08:00:00,265
1,2026-01-06 08:00:00,39
1,2026-01-06 08:00:00,126
1,2026-01-06 08:00:00,159
1,2026-01-06 08:00:00,748
1,2026-01-06 08:00:00,17143
1,2026-01-06 08:00:00,757
1,2026-01-06 08:00:00,9737
1,2026-01-06 08:00:00,9671
1,2026-01-06 08:00:00,4086
1,2026-01-06 08:00:00,1296
1,2026-01-06 08:00:00,1758
1,2026-01-06 08:00:00,1507
1,2026-01-06 08:00:00,1697
1,2026-01-06 08:00:00,42208
1,2026-01-06 08:00:00,12670
1,2026-01-06 08:00:00,779
1,2026-01-06 08:00:00,42915
1,2026-01-06 08:00:00,24614
1,2026-01-06 08:00:00,11460
1,2026-01-06 08:00:00,11220
1,2026-01-06 08:00:00,311
1,2026-01-06 08:00:00,313
1,2026-01-06 08:00:00,590
1,2026-01-06 08:00:00,540
1,2026-01-06 08:00:00,6821
1,2026-01-06 08:00:00,23191
1,2026-01-06 08:00:00,22623
1,2026-01-06 08:00:00,289
1,2026-01-06 08:00:00,272
1,2026-01-06 08:00:00,32601
1,2026-01-06 08:00:00,28870
1,2026-01-06 08:00:00,762
1,2026-01-06 08:00:00,13034
1,2026-01-06 08:00:00,23522
1,2026-01-06 08:00:00,1968
1,2026-01-06 08:00:00,2025
1,2026-01-06 08:00:00,1441
1,2026-01-06 08:00:00,1454
1,2026-01-06 08:00:00,3359
1,2026-01-06 08:00:00,4096
1,2026-01-06 08:00:00,1796
1,2026-01-06 08:00:00,7596
1,2026-01-06 08:00:00,7409
1,2026-01-06 08:00:00,25121
1,2026-01-06 08:00:00,27667
1,2026-01-06 08:00:00,1797
1,2026-01-06 09:00:00,562
1,2026-01-06 09:00:00,424734
1,2026-01-06 09:00:00,559
1,2026-01-06 09:00:00,16277
1,2026-01-06 09:00:00,15807
1,2026-01-06 09:00:00,412315
1,2026-01-06 09:00:00,21895
1,2026-01-06 09:00:00,3065
1,2026-01-06 09:00:00,663
1,2026-01-06 09:00:00,593
1,2026-01-06 09:00:00,78
1,2026-01-06 09:00:00,270
1,2026-01-06 09:00:00,19
1,2026-01-06 09:00:00,3546
1,2026-01-06 09:00:00,264
1,2026-01-06 09:00:00,1503
1,2026-01-06 09:00:00,42224
1,2026-01-06 09:00:00,1323
1,2026-01-06 09:00:00,1326
1,2026-01-06 09:00:00,15807
1,2026-01-06 09:00:00,16277
1,2026-01-06 09:00:00,85
1,2026-01-06 09:00:00,241
1,2026-01-06 09:00:00,243
1,2026-01-06 09:00:00,32491
1,2026-01-06 09:00:00,28757
1,2026-01-06 09:00:00,10510
1,2026-01-06 09:00:00,10992
1,2026-01-06 09:00:00,2944
1,2026-01-06 09:00:00,41498
1,2026-01-06 09:00:00,12610
1,2026-01-06 09:00:00,2217
1,2026-01-06 09:00:00,3612
1,2026-01-06 09:00:00,2645
1,2026-01-06 09:00:00,4383
1,2026-01-06 09:00:00,4163
1,2026-01-06 09:00:00,2922
1,2026-01-06 09:00:00,1445
1,2026-01-06 09:00:00,2798
1,2026-01-06 09:00:00,2798
1,2026-01-06 09:00:00,1075
1,2026-01-06 09:00:00,2217
1,2026-01-06 09:00:00,1105
1,2026-01-06 09:00:00,22080
1,2026-01-06 09:00:00,21895
1,2026-01-06 09:00:00,163
1,2026-01-06 09:00:00,1574
1,2026-01-06 09:00:00,133
1,2026-01-06 09:00:00,1525
1,2026-01-06 09:00:00,91235
1,2026-01-06 09:00:00,93395
1,2026-01-06 09:00:00,2661
1,2026-01-06 09:00:00,2629
1,2026-01-06 09:00:00,2360
1,2026-01-06 09:00:00,5889
1,2026-01-06 09:00:00,22080
1,2026-01-06 09:00:00,15804
1,2026-01-06 09:00:00,15655
1,2026-01-06 09:00:00,15804
1,2026-01-06 09:00:00,1255
1,2026-01-06 09:00:00,1218
1,2026-01-06 09:00:00,29236
1,2026-01-06 09:00:00,40398
1,2026-01-06 09:00:00,15655
1,2026-01-06 09:00:00,3842
1,2026-01-06 09:00:00,547
1,2026-01-06 09:00:00,13003
1,2026-01-06 09:00:00,66834
1,2026-01-06 09:00:00,18330
1,2026-01-06 09:00:00,73256
1,2026-01-06 09:00:00,72522
1,2026-01-06 09:00:00,91235
1,2026-01-06 09:00:00,93395
1,2026-01-06 09:00:00,3334
1,2026-01-06 09:00:00,3725
1,2026-01-06 09:00:00,2240
1,2026-01-06 09:00:00,2735
1,2026-01-06 09:00:00,1066
1,2026-01-06 09:00:00,12610
1,2026-01-06 09:00:00,13003
1,2026-01-06 09:00:00,1785
1,2026-01-06 09:00:00,1101
1,2026-01-06 09:00:00,255
1,2026-01-06 09:00:00,9611
1,2026-01-06 09:00:00,16992
1,2026-01-06 09:00:00,252
1,2026-01-06 09:00:00,1306
1,2026-01-06 09:00:00,4099
1,2026-01-06 09:00:00,2973
1,2026-01-06 09:00:00,9722
1,2026-01-06 09:00:00,1312
1,2026-01-06 09:00:00,756
1,2026-01-06 09:00:00,159
1,2026-01-06 09:00:00,124
1,2026-01-06 09:00:00,37
1,2026-01-06 09:00:00,746
1,2026-01-06 09:00:00,1723
1,2026-01-06 09:00:00,41498
1,2026-01-06 09:00:00,1529
1,2026-01-06 09:00:00,746
1,2026-01-06 09:00:00,274
1,2026-01-06 09:00:00,749
1,2026-01-06 09:00:00,11523
1,2026-01-06 09:00:00,11246
1,2026-01-06 09:00:00,315
1,2026-01-06 09:00:00,304
1,2026-01-06 09:00:00,592
1,2026-01-06 09:00:00,7776
1,2026-01-06 09:00:00,6878
1,2026-01-06 09:00:00,21722
1,2026-01-06 09:00:00,22239
1,2026-01-06 09:00:00,273
1,2026-01-06 09:00:00,32491
1,2026-01-06 09:00:00,28776
1,2026-01-06 09:00:00,42224
1,2026-01-06 09:00:00,23686
1,2026-01-06 09:00:00,24906
1,2026-01-06 09:00:00,1963
1,2026-01-06 09:00:00,2000
1,2026-01-06 09:00:00,1390
1,2026-01-06 09:00:00,1404
1,2026-01-06 09:00:00,3379
1,2026-01-06 09:00:00,4035
1,2026-01-06 09:00:00,1757
1,2026-01-06 09:00:00,1737
1,2026-01-06 09:00:00,7417
1,2026-01-06 09:00:00,6793
1,2026-01-06 09:00:00,27247
1,2026-01-06 09:00:00,26224
1,2026-01-06 09:00:00,67922
1,2026-01-06 10:00:00,425956
1,2026-01-06 10:00:00,548
1,2026-01-06 10:00:00,16334
1,2026-01-06 10:00:00,15807
1,2026-01-06 10:00:00,417886
1,2026-01-06 10:00:00,85
1,2026-01-06 10:00:00,3058
1,2026-01-06 10:00:00,668
1,2026-01-06 10:00:00,580
1,2026-01-06 10:00:00,85
1,2026-01-06 10:00:00,546
1,2026-01-06 10:00:00,3775
1,2026-01-06 10:00:00,3543
1,2026-01-06 10:00:00,261
1,2026-01-06 10:00:00,1555
1,2026-01-06 10:00:00,41350
1,2026-01-06 10:00:00,41834
1,2026-01-06 10:00:00,1313
1,2026-01-06 10:00:00,15807
1,2026-01-06 10:00:00,16334
1,2026-01-06 10:00:00,1564
1,2026-01-06 10:00:00,248
1,2026-01-06 10:00:00,250
1,2026-01-06 10:00:00,32775
1,2026-01-06 10:00:00,28895
1,2026-01-06 10:00:00,10459
1,2026-01-06 10:00:00,10896
1,2026-01-06 10:00:00,2571
1,2026-01-06 10:00:00,2913
1,2026-01-06 10:00:00,256
1,2026-01-06 10:00:00,24
1,2026-01-06 10:00:00,95339
1,2026-01-06 10:00:00,22406
1,2026-01-06 10:00:00,2279
1,2026-01-06 10:00:00,3509
1,2026-01-06 10:00:00,2832
1,2026-01-06 10:00:00,1196
1,2026-01-06 10:00:00,2905
1,2026-01-06 10:00:00,2905
1,2026-01-06 10:00:00,142
1,2026-01-06 10:00:00,2279
1,2026-01-06 10:00:00,1068
1,2026-01-06 10:00:00,1040
1,2026-01-06 10:00:00,22406
1,2026-01-06 10:00:00,22441
1,2026-01-06 10:00:00,175
1,2026-01-06 10:00:00,1519
1,2026-01-06 10:00:00,1323
1,2026-01-06 10:00:00,4294
1,2026-01-06 10:00:00,1564
1,2026-01-06 10:00:00,94395
1,2026-01-06 10:00:00,2582
1,2026-01-06 10:00:00,2554
1,2026-01-06 10:00:00,2320
1,2026-01-06 10:00:00,5823
1,2026-01-06 10:00:00,15882
1,2026-01-06 10:00:00,16025
1,2026-01-06 10:00:00,15882
1,2026-01-06 10:00:00,16025
1,2026-01-06 10:00:00,1231
1,2026-01-06 10:00:00,1210
1,2026-01-06 10:00:00,28794
1,2026-01-06 10:00:00,22441
1,2026-01-06 10:00:00,39807
1,2026-01-06 10:00:00,4137
1,2026-01-06 10:00:00,13000
1,2026-01-06 10:00:00,41350
1,2026-01-06 10:00:00,17515
1,2026-01-06 10:00:00,67010
1,2026-01-06 10:00:00,73668
1,2026-01-06 10:00:00,72825
1,2026-01-06 10:00:00,95339
1,2026-01-06 10:00:00,94395
1,2026-01-06 10:00:00,3378
1,2026-01-06 10:00:00,3814
1,2026-01-06 10:00:00,2146
1,2026-01-06 10:00:00,2651
1,2026-01-06 10:00:00,1155
1,2026-01-06 10:00:00,1101
1,2026-01-06 10:00:00,13000
1,2026-01-06 10:00:00,68262
1,2026-01-06 10:00:00,1707
1,2026-01-06 10:00:00,749
1,2026-01-06 10:00:00,1352
1,2026-01-06 10:00:00,4214
1,2026-01-06 10:00:00,3056
1,2026-01-06 10:00:00,9810
1,2026-01-06 10:00:00,9880
1,2026-01-06 10:00:00,1342
1,2026-01-06 10:00:00,748
1,2026-01-06 10:00:00,127
1,2026-01-06 10:00:00,39
1,2026-01-06 10:00:00,239
1,2026-01-06 10:00:00,245
1,2026-01-06 10:00:00,163
1,2026-01-06 10:00:00,2001
1,2026-01-06 10:00:00,1748
1,2026-01-06 10:00:00,18658
1,2026-01-06 10:00:00,13303
1,2026-01-06 10:00:00,41834
1,2026-01-06 10:00:00,272
1,2026-01-06 10:00:00,744
1,2026-01-06 10:00:00,11829
1,2026-01-06 10:00:00,11507
1,2026-01-06 10:00:00,314
1,2026-01-06 10:00:00,309
1,2026-01-06 10:00:00,615
1,2026-01-06 10:00:00,566
1,2026-01-06 10:00:00,8107
1,2026-01-06 10:00:00,7101
1,2026-01-06 10:00:00,20792
1,2026-01-06 10:00:00,21367
1,2026-01-06 10:00:00,273
1,2026-01-06 10:00:00,32775
1,2026-01-06 10:00:00,28919
1,2026-01-06 10:00:00,739
1,2026-01-06 10:00:00,4036
1,2026-01-06 10:00:00,24358
1,2026-01-06 10:00:00,25121
1,2026-01-06 10:00:00,26196
1,2026-01-06 10:00:00,6959
1,2026-01-06 10:00:00,7350
1,2026-01-06 10:00:00,1677
1,2026-01-06 10:00:00,1683
1,2026-01-06 10:00:00,3385
1,2026-01-06 10:00:00,25735
1,2026-01-06 10:00:00,1366
1,2026-01-06 10:00:00,1370
1,2026-01-06 10:00:00,2028
1,2026-01-06 10:00:00,13303
1,2026-01-06 11:00:00,16210
1,2026-01-06 11:00:00,16471
1,2026-01-06 11:00:00,23236
1,2026-01-06 11:00:00,537
1,2026-01-06 11:00:00,536
1,2026-01-06 11:00:00,437587
1,2026-01-06 11:00:00,22
1,2026-01-06 11:00:00,3550
1,2026-01-06 11:00:00,3068
1,2026-01-06 11:00:00,685
1,2026-01-06 11:00:00,587
1,2026-01-06 11:00:00,88
1,2026-01-06 11:00:00,257
1,2026-01-06 11:00:00,432839
1,2026-01-06 11:00:00,250
1,2026-01-06 11:00:00,1708
1,2026-01-06 11:00:00,42535
1,2026-01-06 11:00:00,1332
1,2026-01-06 11:00:00,1316
1,2026-01-06 11:00:00,16210
1,2026-01-06 11:00:00,16471
1,2026-01-06 11:00:00,1695
1,2026-01-06 11:00:00,258
1,2026-01-06 11:00:00,263
1,2026-01-06 11:00:00,33270
1,2026-01-06 11:00:00,29512
1,2026-01-06 11:00:00,10624
1,2026-01-06 11:00:00,11023
1,2026-01-06 11:00:00,2933
1,2026-01-06 11:00:00,42193
1,2026-01-06 11:00:00,3786
1,2026-01-06 11:00:00,2587
1,2026-01-06 11:00:00,39679
1,2026-01-06 11:00:00,2417
1,2026-01-06 11:00:00,4166
1,2026-01-06 11:00:00,2784
1,2026-01-06 11:00:00,87
1,2026-01-06 11:00:00,1273
1,2026-01-06 11:00:00,3024
1,2026-01-06 11:00:00,3024
1,2026-01-06 11:00:00,1020
1,2026-01-06 11:00:00,2417
1,2026-01-06 11:00:00,23519
1,2026-01-06 11:00:00,23236
1,2026-01-06 11:00:00,199
1,2026-01-06 11:00:00,1524
1,2026-01-06 11:00:00,4268
1,2026-01-06 11:00:00,5822
1,2026-01-06 11:00:00,1573
1,2026-01-06 11:00:00,101802
1,2026-01-06 11:00:00,97595
1,2026-01-06 11:00:00,2540
1,2026-01-06 11:00:00,2539
1,2026-01-06 11:00:00,2296
1,2026-01-06 11:00:00,23519
1,2026-01-06 11:00:00,16667
1,2026-01-06 11:00:00,16903
1,2026-01-06 11:00:00,16667
1,2026-01-06 11:00:00,16903
1,2026-01-06 11:00:00,1232
1,2026-01-06 11:00:00,1235
1,2026-01-06 11:00:00,28809
1,2026-01-06 11:00:00,159
1,2026-01-06 11:00:00,3442
1,2026-01-06 11:00:00,1049
1,2026-01-06 11:00:00,14150
1,2026-01-06 11:00:00,19913
1,2026-01-06 11:00:00,69504
1,2026-01-06 11:00:00,68740
1,2026-01-06 11:00:00,75092
1,2026-01-06 11:00:00,74753
1,2026-01-06 11:00:00,101802
1,2026-01-06 11:00:00,97595
1,2026-01-06 11:00:00,3489
1,2026-01-06 11:00:00,2088
1,2026-01-06 11:00:00,2542
1,2026-01-06 11:00:00,1275
1,2026-01-06 11:00:00,1203
1,2026-01-06 11:00:00,14150
1,2026-01-06 11:00:00,14063
1,2026-01-06 11:00:00,3921
1,2026-01-06 11:00:00,1715
1,2026-01-06 11:00:00,10749
1,2026-01-06 11:00:00,242
1,2026-01-06 11:00:00,1475
1,2026-01-06 11:00:00,1495
1,2026-01-06 11:00:00,137
1,2026-01-06 11:00:00,4555
1,2026-01-06 11:00:00,10306
1,2026-01-06 11:00:00,3325
1,2026-01-06 11:00:00,749
1,2026-01-06 11:00:00,19106
1,2026-01-06 11:00:00,751
1,2026-01-06 11:00:00,174
1,2026-01-06 11:00:00,43
1,2026-01-06 11:00:00,1768
1,2026-01-06 11:00:00,42193
1,2026-01-06 11:00:00,232
1,2026-01-06 11:00:00,744
1,2026-01-06 11:00:00,14063
1,2026-01-06 11:00:00,42535
1,2026-01-06 11:00:00,738
1,2026-01-06 11:00:00,12622
1,2026-01-06 11:00:00,12175
1,2026-01-06 11:00:00,317
1,2026-01-06 11:00:00,309
1,2026-01-06 11:00:00,660
1,2026-01-06 11:00:00,608
1,2026-01-06 11:00:00,7557
1,2026-01-06 11:00:00,20004
1,2026-01-06 11:00:00,21172
1,2026-01-06 11:00:00,277
1,2026-01-06 11:00:00,275
1,2026-01-06 11:00:00,33270
1,2026-01-06 11:00:00,8735
1,2026-01-06 11:00:00,27458
1,2026-01-06 11:00:00,29534
1,2026-01-06 11:00:00,2099
1,2026-01-06 11:00:00,1343
1,2026-01-06 11:00:00,1356
1,2026-01-06 11:00:00,4124
1,2026-01-06 11:00:00,1622
1,2026-01-06 11:00:00,3504
1,2026-01-06 11:00:00,7334
1,2026-01-06 11:00:00,2092
1,2026-01-06 11:00:00,6976
1,2026-01-06 11:00:00,25818
1,2026-01-06 11:00:00,24222
1,2026-01-06 11:00:00,25781
1,2026-01-06 11:00:00,1631
1,2026-01-06 12:00:00,17322
1,2026-01-06 12:00:00,540
1,2026-01-06 12:00:00,544
1,2026-01-06 12:00:00,17520
1,2026-01-06 12:00:00,462052
1,2026-01-06 12:00:00,22
1,2026-01-06 12:00:00,3566
1,2026-01-06 12:00:00,3109
1,2026-01-06 12:00:00,700
1,2026-01-06 12:00:00,614
1,2026-01-06 12:00:00,88
1,2026-01-06 12:00:00,257
1,2026-01-06 12:00:00,455461
1,2026-01-06 12:00:00,250
1,2026-01-06 12:00:00,3043
1,2026-01-06 12:00:00,44121
1,2026-01-06 12:00:00,1376
1,2026-01-06 12:00:00,1363
1,2026-01-06 12:00:00,17322
1,2026-01-06 12:00:00,17520
1,2026-01-06 12:00:00,1890
1,2026-01-06 12:00:00,1950
1,2026-01-06 12:00:00,269
1,2026-01-06 12:00:00,286
1,2026-01-06 12:00:00,34301
1,2026-01-06 12:00:00,30859
1,2026-01-06 12:00:00,11121
1,2026-01-06 12:00:00,11376
1,2026-01-06 12:00:00,24975
1,2026-01-06 12:00:00,44851
1,2026-01-06 12:00:00,86
1,2026-01-06 12:00:00,106157
1,2026-01-06 12:00:00,3463
1,2026-01-06 12:00:00,2689
1,2026-01-06 12:00:00,2617
1,2026-01-06 12:00:00,4371
1,2026-01-06 12:00:00,4258
1,2026-01-06 12:00:00,2801
1,2026-01-06 12:00:00,1344
1,2026-01-06 12:00:00,3133
1,2026-01-06 12:00:00,3133
1,2026-01-06 12:00:00,1023
1,2026-01-06 12:00:00,2617
1,2026-01-06 12:00:00,1063
1,2026-01-06 12:00:00,25261
1,2026-01-06 12:00:00,24975
1,2026-01-06 12:00:00,224
1,2026-01-06 12:00:00,182
1,2026-01-06 12:00:00,1609
1,2026-01-06 12:00:00,18078
1,2026-01-06 12:00:00,104290
1,2026-01-06 12:00:00,2555
1,2026-01-06 12:00:00,2535
1,2026-01-06 12:00:00,2311
1,2026-01-06 12:00:00,5940
1,2026-01-06 12:00:00,25261
1,2026-01-06 12:00:00,18416
1,2026-01-06 12:00:00,18078
1,2026-01-06 12:00:00,18416
1,2026-01-06 12:00:00,1255
1,2026-01-06 12:00:00,1273
1,2026-01-06 12:00:00,29278
1,2026-01-06 12:00:00,40085
1,2026-01-06 12:00:00,1558
1,2026-01-06 12:00:00,3744
1,2026-01-06 12:00:00,15500
1,2026-01-06 12:00:00,15423
1,2026-01-06 12:00:00,1765
1,2026-01-06 12:00:00,22412
1,2026-01-06 12:00:00,78952
1,2026-01-06 12:00:00,78815
1,2026-01-06 12:00:00,106157
1,2026-01-06 12:00:00,104290
1,2026-01-06 12:00:00,3756
1,2026-01-06 12:00:00,4051
1,2026-01-06 12:00:00,2066
1,2026-01-06 12:00:00,2500
1,2026-01-06 12:00:00,1419
1,2026-01-06 12:00:00,1341
1,2026-01-06 12:00:00,15500
1,2026-01-06 12:00:00,15423
1,2026-01-06 12:00:00,1833
1,2026-01-06 12:00:00,72490
1,2026-01-06 12:00:00,242
1,2026-01-06 12:00:00,12104
1,2026-01-06 12:00:00,1656
1,2026-01-06 12:00:00,1671
1,2026-01-06 12:00:00,5155
1,2026-01-06 12:00:00,3699
1,2026-01-06 12:00:00,11558
1,2026-01-06 12:00:00,21392
1,2026-01-06 12:00:00,750
1,2026-01-06 12:00:00,196
1,2026-01-06 12:00:00,158
1,2026-01-06 12:00:00,46
1,2026-01-06 12:00:00,227
1,2026-01-06 12:00:00,44851
1,2026-01-06 12:00:00,34301
1,2026-01-06 12:00:00,756
1,2026-01-06 12:00:00,72926
1,2026-01-06 12:00:00,767
1,2026-01-06 12:00:00,44121
1,2026-01-06 12:00:00,763
1,2026-01-06 12:00:00,13594
1,2026-01-06 12:00:00,13263
1,2026-01-06 12:00:00,326
1,2026-01-06 12:00:00,319
1,2026-01-06 12:00:00,729
1,2026-01-06 12:00:00,9416
1,2026-01-06 12:00:00,8250
1,2026-01-06 12:00:00,19859
1,2026-01-06 12:00:00,20935
1,2026-01-06 12:00:00,284
1,2026-01-06 12:00:00,284
1,2026-01-06 12:00:00,674
1,2026-01-06 12:00:00,29489
1,2026-01-06 12:00:00,30881
1,2026-01-06 12:00:00,2270
1,2026-01-06 12:00:00,1372
1,2026-01-06 12:00:00,1383
1,2026-01-06 12:00:00,4252
1,2026-01-06 12:00:00,1603
1,2026-01-06 12:00:00,3763
1,2026-01-06 12:00:00,2274
1,2026-01-06 12:00:00,7363
1,2026-01-06 12:00:00,7059
1,2026-01-06 12:00:00,25515
1,2026-01-06 12:00:00,24045
1,2026-01-06 12:00:00,27937
1,2026-01-06 12:00:00,1621
1,2026-01-06 13:00:00,485867
1,2026-01-06 13:00:00,565
1,2026-01-06 13:00:00,18453
1,2026-01-06 13:00:00,18482
1,2026-01-06 13:00:00,475618
1,2026-01-06 13:00:00,24
1,2026-01-06 13:00:00,3228
1,2026-01-06 13:00:00,736
1,2026-01-06 13:00:00,617
1,2026-01-06 13:00:00,97
1,2026-01-06 13:00:00,16430
1,2026-01-06 13:00:00,561
1,2026-01-06 13:00:00,3717
1,2026-01-06 13:00:00,264
1,2026-01-06 13:00:00,3219
1,2026-01-06 13:00:00,49230
1,2026-01-06 13:00:00,46938
1,2026-01-06 13:00:00,1470
1,2026-01-06 13:00:00,18482
1,2026-01-06 13:00:00,18453
1,2026-01-06 13:00:00,1928
1,2026-01-06 13:00:00,2055
1,2026-01-06 13:00:00,285
1,2026-01-06 13:00:00,304
1,2026-01-06 13:00:00,35889
1,2026-01-06 13:00:00,32880
1,2026-01-06 13:00:00,11896
1,2026-01-06 13:00:00,12002
1,2026-01-06 13:00:00,26018
1,2026-01-06 13:00:00,257
1,2026-01-06 13:00:00,1461
1,2026-01-06 13:00:00,108778
1,2026-01-06 13:00:00,26625
1,2026-01-06 13:00:00,2846
1,2026-01-06 13:00:00,4632
1,2026-01-06 13:00:00,4504
1,2026-01-06 13:00:00,2935
1,2026-01-06 13:00:00,1352
1,2026-01-06 13:00:00,3233
1,2026-01-06 13:00:00,235
1,2026-01-06 13:00:00,2700
1,2026-01-06 13:00:00,2700
1,2026-01-06 13:00:00,1109
1,2026-01-06 13:00:00,1060
1,2026-01-06 13:00:00,26625
1,2026-01-06 13:00:00,26018
1,2026-01-06 13:00:00,1680
1,2026-01-06 13:00:00,1637
1,2026-01-06 13:00:00,3524
1,2026-01-06 13:00:00,106532
1,2026-01-06 13:00:00,2639
1,2026-01-06 13:00:00,2624
1,2026-01-06 13:00:00,2400
1,2026-01-06 13:00:00,6192
1,2026-01-06 13:00:00,19167
1,2026-01-06 13:00:00,19525
1,2026-01-06 13:00:00,19167
1,2026-01-06 13:00:00,19525
1,2026-01-06 13:00:00,1312
1,2026-01-06 13:00:00,1318
1,2026-01-06 13:00:00,30364
1,2026-01-06 13:00:00,41673
1,2026-01-06 13:00:00,194
1,2026-01-06 13:00:00,3848
1,2026-01-06 13:00:00,3233
1,2026-01-06 13:00:00,16401
1,2026-01-06 13:00:00,24061
1,2026-01-06 13:00:00,83795
1,2026-01-06 13:00:00,83931
1,2026-01-06 13:00:00,106532
1,2026-01-06 13:00:00,108778
1,2026-01-06 13:00:00,3939
1,2026-01-06 13:00:00,4357
1,2026-01-06 13:00:00,2103
1,2026-01-06 13:00:00,2568
1,2026-01-06 13:00:00,1471
1,2026-01-06 13:00:00,1438
1,2026-01-06 13:00:00,16430
1,2026-01-06 13:00:00,16401
1,2026-01-06 13:00:00,1933
1,2026-01-06 13:00:00,77064
1,2026-01-06 13:00:00,249
1,2026-01-06 13:00:00,12954
1,2026-01-06 13:00:00,1782
1,2026-01-06 13:00:00,1761
1,2026-01-06 13:00:00,5546
1,2026-01-06 13:00:00,3975
1,2026-01-06 13:00:00,12449
1,2026-01-06 13:00:00,22739
1,2026-01-06 13:00:00,759
1,2026-01-06 13:00:00,207
1,2026-01-06 13:00:00,171
1,2026-01-06 13:00:00,45
1,2026-01-06 13:00:00,235
1,2026-01-06 13:00:00,771
1,2026-01-06 13:00:00,1859
1,2026-01-06 13:00:00,49230
1,2026-01-06 13:00:00,89
1,2026-01-06 13:00:00,821
1,2026-01-06 13:00:00,46938
1,2026-01-06 13:00:00,808
1,2026-01-06 13:00:00,14204
1,2026-01-06 13:00:00,13808
1,2026-01-06 13:00:00,339
1,2026-01-06 13:00:00,323
1,2026-01-06 13:00:00,765
1,2026-01-06 13:00:00,707
1,2026-01-06 13:00:00,35889
1,2026-01-06 13:00:00,8493
1,2026-01-06 13:00:00,20183
1,2026-01-06 13:00:00,20922
1,2026-01-06 13:00:00,297
1,2026-01-06 13:00:00,295
1,2026-01-06 13:00:00,32904
1,2026-01-06 13:00:00,9714
1,2026-01-06 13:00:00,28941
1,2026-01-06 13:00:00,30616
1,2026-01-06 13:00:00,77374
1,2026-01-06 13:00:00,2510
1,2026-01-06 13:00:00,2482
1,2026-01-06 13:00:00,1439
1,2026-01-06 13:00:00,4471
1,2026-01-06 13:00:00,1412
1,2026-01-06 13:00:00,1653
1,2026-01-06 13:00:00,1661
1,2026-01-06 13:00:00,7592
1,2026-01-06 13:00:00,7312
1,2026-01-06 13:00:00,25635
1,2026-01-06 13:00:00,24460
1,2026-01-06 13:00:00,4132
1,2026-01-06 14:00:00,18734
1,2026-01-06 14:00:00,280
1,2026-01-06 14:00:00,613
1,2026-01-06 14:00:00,607
1,2026-01-06 14:00:00,18627
1,2026-01-06 14:00:00,496299
1,2026-01-06 14:00:00,22
1,2026-01-06 14:00:00,3899
1,2026-01-06 14:00:00,3388
1,2026-01-06 14:00:00,732
1,2026-01-06 14:00:00,676
1,2026-01-06 14:00:00,98
1,2026-01-06 14:00:00,484574
1,2026-01-06 14:00:00,273
1,2026-01-06 14:00:00,3488
1,2026-01-06 14:00:00,48202
1,2026-01-06 14:00:00,1593
1,2026-01-06 14:00:00,1568
1,2026-01-06 14:00:00,18734
1,2026-01-06 14:00:00,18627
1,2026-01-06 14:00:00,1950
1,2026-01-06 14:00:00,2052
1,2026-01-06 14:00:00,288
1,2026-01-06 14:00:00,304
1,2026-01-06 14:00:00,36946
1,2026-01-06 14:00:00,34181
1,2026-01-06 14:00:00,12697
1,2026-01-06 14:00:00,12847
1,2026-01-06 14:00:00,26167
1,2026-01-06 14:00:00,51175
1,2026-01-06 14:00:00,16640
1,2026-01-06 14:00:00,104784
1,2026-01-06 14:00:00,3672
1,2026-01-06 14:00:00,3138
1,2026-01-06 14:00:00,4902
1,2026-01-06 14:00:00,4856
1,2026-01-06 14:00:00,3210
1,2026-01-06 14:00:00,1494
1,2026-01-06 14:00:00,3238
1,2026-01-06 14:00:00,3238
1,2026-01-06 14:00:00,1155
1,2026-01-06 14:00:00,2661
1,2026-01-06 14:00:00,1211
1,2026-01-06 14:00:00,26719
1,2026-01-06 14:00:00,26167
1,2026-01-06 14:00:00,232
1,2026-01-06 14:00:00,1798
1,2026-01-06 14:00:00,1750
1,2026-01-06 14:00:00,19514
1,2026-01-06 14:00:00,108834
1,2026-01-06 14:00:00,2829
1,2026-01-06 14:00:00,2812
1,2026-01-06 14:00:00,2615
1,2026-01-06 14:00:00,6559
1,2026-01-06 14:00:00,26719
1,2026-01-06 14:00:00,19813
1,2026-01-06 14:00:00,19514
1,2026-01-06 14:00:00,19813
1,2026-01-06 14:00:00,1414
1,2026-01-06 14:00:00,1459
1,2026-01-06 14:00:00,32404
1,2026-01-06 14:00:00,44435
1,2026-01-06 14:00:00,194
1,2026-01-06 14:00:00,3997
1,2026-01-06 14:00:00,2661
1,2026-01-06 14:00:00,16517
1,2026-01-06 14:00:00,24760
1,2026-01-06 14:00:00,79161
1,2026-01-06 14:00:00,85916
1,2026-01-06 14:00:00,86102
1,2026-01-06 14:00:00,104784
1,2026-01-06 14:00:00,108834
1,2026-01-06 14:00:00,4021
1,2026-01-06 14:00:00,4356
1,2026-01-06 14:00:00,2651
1,2026-01-06 14:00:00,1469
1,2026-01-06 14:00:00,1458
1,2026-01-06 14:00:00,16640
1,2026-01-06 14:00:00,16517
1,2026-01-06 14:00:00,2046
1,2026-01-06 14:00:00,2219
1,2026-01-06 14:00:00,270
1,2026-01-06 14:00:00,13565
1,2026-01-06 14:00:00,247
1,2026-01-06 14:00:00,1820
1,2026-01-06 14:00:00,1797
1,2026-01-06 14:00:00,5526
1,2026-01-06 14:00:00,13113
1,2026-01-06 14:00:00,4036
1,2026-01-06 14:00:00,780
1,2026-01-06 14:00:00,23472
1,2026-01-06 14:00:00,794
1,2026-01-06 14:00:00,208
1,2026-01-06 14:00:00,173
1,2026-01-06 14:00:00,47
1,2026-01-06 14:00:00,2038
1,2026-01-06 14:00:00,51175
1,2026-01-06 14:00:00,99
1,2026-01-06 14:00:00,898
1,2026-01-06 14:00:00,79338
1,2026-01-06 14:00:00,48202
1,2026-01-06 14:00:00,881
1,2026-01-06 14:00:00,14097
1,2026-01-06 14:00:00,13653
1,2026-01-06 14:00:00,355
1,2026-01-06 14:00:00,350
1,2026-01-06 14:00:00,764
1,2026-01-06 14:00:00,707
1,2026-01-06 14:00:00,8246
1,2026-01-06 14:00:00,21528
1,2026-01-06 14:00:00,21810
1,2026-01-06 14:00:00,317
1,2026-01-06 14:00:00,316
1,2026-01-06 14:00:00,36946
1,2026-01-06 14:00:00,9303
1,2026-01-06 14:00:00,30063
1,2026-01-06 14:00:00,34203
1,2026-01-06 14:00:00,2557
1,2026-01-06 14:00:00,1542
1,2026-01-06 14:00:00,1553
1,2026-01-06 14:00:00,4730
1,2026-01-06 14:00:00,1754
1,2026-01-06 14:00:00,4292
1,2026-01-06 14:00:00,8034
1,2026-01-06 14:00:00,2585
1,2026-01-06 14:00:00,7825
1,2026-01-06 14:00:00,26735
1,2026-01-06 14:00:00,26062
1,2026-01-06 14:00:00,28505
1,2026-01-06 14:00:00,1765
1,2026-01-06 15:00:00,499197
1,2026-01-06 15:00:00,656
1,2026-01-06 15:00:00,18558
1,2026-01-06 15:00:00,18567
1,2026-01-06 15:00:00,485377
1,2026-01-06 15:00:00,4249
1,2026-01-06 15:00:00,3454
1,2026-01-06 15:00:00,860
1,2026-01-06 15:00:00,787
1,2026-01-06 15:00:00,105
1,2026-01-06 15:00:00,101
1,2026-01-06 15:00:00,660
1,2026-01-06 15:00:00,4005
1,2026-01-06 15:00:00,306
1,2026-01-06 15:00:00,3652
1,2026-01-06 15:00:00,51211
1,2026-01-06 15:00:00,48565
1,2026-01-06 15:00:00,1644
1,2026-01-06 15:00:00,18567
1,2026-01-06 15:00:00,18558
1,2026-01-06 15:00:00,1956
1,2026-01-06 15:00:00,2045
1,2026-01-06 15:00:00,275
1,2026-01-06 15:00:00,298
1,2026-01-06 15:00:00,36898
1,2026-01-06 15:00:00,34046
1,2026-01-06 15:00:00,12918
1,2026-01-06 15:00:00,13258
1,2026-01-06 15:00:00,3273
1,2026-01-06 15:00:00,303
1,2026-01-06 15:00:00,30
1,2026-01-06 15:00:00,102918
1,2026-01-06 15:00:00,26589
1,2026-01-06 15:00:00,3939
1,2026-01-06 15:00:00,5002
1,2026-01-06 15:00:00,3575
1,2026-01-06 15:00:00,1593
1,2026-01-06 15:00:00,3155
1,2026-01-06 15:00:00,3155
1,2026-01-06 15:00:00,186
1,2026-01-06 15:00:00,2582
1,2026-01-06 15:00:00,1355
1,2026-01-06 15:00:00,1296
1,2026-01-06 15:00:00,26589
1,2026-01-06 15:00:00,25720
1,2026-01-06 15:00:00,223
1,2026-01-06 15:00:00,1778
1,2026-01-06 15:00:00,1654
1,2026-01-06 15:00:00,5304
1,2026-01-06 15:00:00,1815
1,2026-01-06 15:00:00,106926
1,2026-01-06 15:00:00,3111
1,2026-01-06 15:00:00,3101
1,2026-01-06 15:00:00,2900
1,2026-01-06 15:00:00,6730
1,2026-01-06 15:00:00,19478
1,2026-01-06 15:00:00,19828
1,2026-01-06 15:00:00,19478
1,2026-01-06 15:00:00,19828
1,2026-01-06 15:00:00,1496
1,2026-01-06 15:00:00,1528
1,2026-01-06 15:00:00,34410
1,2026-01-06 15:00:00,25720
1,2026-01-06 15:00:00,47533
1,2026-01-06 15:00:00,2582
1,2026-01-06 15:00:00,16190
1,2026-01-06 15:00:00,51211
1,2026-01-06 15:00:00,23817
1,2026-01-06 15:00:00,79337
1,2026-01-06 15:00:00,86028
1,2026-01-06 15:00:00,86283
1,2026-01-06 15:00:00,102918
1,2026-01-06 15:00:00,106926
1,2026-01-06 15:00:00,4046
1,2026-01-06 15:00:00,4421
1,2026-01-06 15:00:00,2420
1,2026-01-06 15:00:00,2631
1,2026-01-06 15:00:00,1446
1,2026-01-06 15:00:00,1404
1,2026-01-06 15:00:00,16190
1,2026-01-06 15:00:00,79493
1,2026-01-06 15:00:00,2165
1,2026-01-06 15:00:00,804
1,2026-01-06 15:00:00,1823
1,2026-01-06 15:00:00,5282
1,2026-01-06 15:00:00,3963
1,2026-01-06 15:00:00,13718
1,2026-01-06 15:00:00,13998
1,2026-01-06 15:00:00,1814
1,2026-01-06 15:00:00,814
1,2026-01-06 15:00:00,170
1,2026-01-06 15:00:00,51
1,2026-01-06 15:00:00,277
1,2026-01-06 15:00:00,300
1,2026-01-06 15:00:00,205
1,2026-01-06 15:00:00,2525
1,2026-01-06 15:00:00,2144
1,2026-01-06 15:00:00,25040
1,2026-01-06 15:00:00,16161
1,2026-01-06 15:00:00,48565
1,2026-01-06 15:00:00,345
1,2026-01-06 15:00:00,894
1,2026-01-06 15:00:00,13612
1,2026-01-06 15:00:00,13173
1,2026-01-06 15:00:00,379
1,2026-01-06 15:00:00,371
1,2026-01-06 15:00:00,734
1,2026-01-06 15:00:00,676
1,2026-01-06 15:00:00,8497
1,2026-01-06 15:00:00,7736
1,2026-01-06 15:00:00,23700
1,2026-01-06 15:00:00,23919
1,2026-01-06 15:00:00,347
1,2026-01-06 15:00:00,36898
1,2026-01-06 15:00:00,34076
1,2026-01-06 15:00:00,914
1,2026-01-06 15:00:00,4772
1,2026-01-06 15:00:00,27322
1,2026-01-06 15:00:00,28642
1,2026-01-06 15:00:00,29058
1,2026-01-06 15:00:00,8386
1,2026-01-06 15:00:00,8647
1,2026-01-06 15:00:00,1916
1,2026-01-06 15:00:00,1928
1,2026-01-06 15:00:00,4133
1,2026-01-06 15:00:00,28580
1,2026-01-06 15:00:00,1692
1,2026-01-06 15:00:00,1689
1,2026-01-06 15:00:00,2489
1,2026-01-06 15:00:00,16161
1,2026-01-06 16:00:00,497826
1,2026-01-06 16:00:00,18348
1,2026-01-06 16:00:00,28
1,2026-01-06 16:00:00,691
1,2026-01-06 16:00:00,18520
1,2026-01-06 16:00:00,483349
1,2026-01-06 16:00:00,3249
1,2026-01-06 16:00:00,3429
1,2026-01-06 16:00:00,2496
1,2026-01-06 16:00:00,840
1,2026-01-06 16:00:00,103
1,2026-01-06 16:00:00,100
1,2026-01-06 16:00:00,708
1,2026-01-06 16:00:00,3950
1,2026-01-06 16:00:00,321
1,2026-01-06 16:00:00,18520
1,2026-01-06 16:00:00,51737
1,2026-01-06 16:00:00,49065
1,2026-01-06 16:00:00,1597
1,2026-01-06 16:00:00,1574
1,2026-01-06 16:00:00,18348
1,2026-01-06 16:00:00,2003
1,2026-01-06 16:00:00,2125
1,2026-01-06 16:00:00,270
1,2026-01-06 16:00:00,288
1,2026-01-06 16:00:00,36596
1,2026-01-06 16:00:00,33183
1,2026-01-06 16:00:00,12442
1,2026-01-06 16:00:00,13045
1,2026-01-06 16:00:00,316
1,2026-01-06 16:00:00,15900
1,2026-01-06 16:00:00,3610
1,2026-01-06 16:00:00,3917
1,2026-01-06 16:00:00,4764
1,2026-01-06 16:00:00,3817
1,2026-01-06 16:00:00,1683
1,2026-01-06 16:00:00,3057
1,2026-01-06 16:00:00,3057
1,2026-01-06 16:00:00,2496
1,2026-01-06 16:00:00,26337
1,2026-01-06 16:00:00,1469
1,2026-01-06 16:00:00,1414
1,2026-01-06 16:00:00,25596
1,2026-01-06 16:00:00,211
1,2026-01-06 16:00:00,174
1,2026-01-06 16:00:00,1678
1,2026-01-06 16:00:00,4865
1,2026-01-06 16:00:00,6934
1,2026-01-06 16:00:00,1726
1,2026-01-06 16:00:00,100964
1,2026-01-06 16:00:00,105437
1,2026-01-06 16:00:00,3318
1,2026-01-06 16:00:00,3290
1,2026-01-06 16:00:00,3063
1,2026-01-06 16:00:00,25596
1,2026-01-06 16:00:00,19334
1,2026-01-06 16:00:00,19676
1,2026-01-06 16:00:00,19676
1,2026-01-06 16:00:00,1501
1,2026-01-06 16:00:00,1525
1,2026-01-06 16:00:00,35096
1,2026-01-06 16:00:00,48483
1,2026-01-06 16:00:00,26337
1,2026-01-06 16:00:00,4272
1,2026-01-06 16:00:00,896
1,2026-01-06 16:00:00,15867
1,2026-01-06 16:00:00,24172
1,2026-01-06 16:00:00,79137
1,2026-01-06 16:00:00,85622
1,2026-01-06 16:00:00,85868
1,2026-01-06 16:00:00,100964
1,2026-01-06 16:00:00,105437
1,2026-01-06 16:00:00,79234
1,2026-01-06 16:00:00,4027
1,2026-01-06 16:00:00,2562
1,2026-01-06 16:00:00,2757
1,2026-01-06 16:00:00,1422
1,2026-01-06 16:00:00,1374
1,2026-01-06 16:00:00,15900
1,2026-01-06 16:00:00,15867
1,2026-01-06 16:00:00,4384
1,2026-01-06 16:00:00,2202
1,2026-01-06 16:00:00,807
1,2026-01-06 16:00:00,311
1,2026-01-06 16:00:00,1843
1,2026-01-06 16:00:00,5172
1,2026-01-06 16:00:00,3889
1,2026-01-06 16:00:00,14402
1,2026-01-06 16:00:00,14223
1,2026-01-06 16:00:00,821
1,2026-01-06 16:00:00,1836
1,2026-01-06 16:00:00,198
1,2026-01-06 16:00:00,169
1,2026-01-06 16:00:00,55
1,2026-01-06 16:00:00,307
1,2026-01-06 16:00:00,2202
1,2026-01-06 16:00:00,25482
1,2026-01-06 16:00:00,19334
1,2026-01-06 16:00:00,49065
1,2026-01-06 16:00:00,2347
1,2026-01-06 16:00:00,51737
1,2026-01-06 16:00:00,888
1,2026-01-06 16:00:00,867
1,2026-01-06 16:00:00,13048
1,2026-01-06 16:00:00,12628
1,2026-01-06 16:00:00,398
1,2026-01-06 16:00:00,377
1,2026-01-06 16:00:00,672
1,2026-01-06 16:00:00,7756
1,2026-01-06 16:00:00,7159
1,2026-01-06 16:00:00,25271
1,2026-01-06 16:00:00,25424
1,2026-01-06 16:00:00,357
1,2026-01-06 16:00:00,351
1,2026-01-06 16:00:00,633
1,2026-01-06 16:00:00,33211
1,2026-01-06 16:00:00,36596
1,2026-01-06 16:00:00,1781
1,2026-01-06 16:00:00,1769
1,2026-01-06 16:00:00,4733
1,2026-01-06 16:00:00,3829
1,2026-01-06 16:00:00,2048
1,2026-01-06 16:00:00,2058
1,2026-01-06 16:00:00,8732
1,2026-01-06 16:00:00,2361
1,2026-01-06 16:00:00,30862
1,2026-01-06 16:00:00,30513
1,2026-01-06 16:00:00,25973
1,2026-01-06 16:00:00,27029
1,2026-01-06 16:00:00,8969
1,2026-01-06 17:00:00,18256
1,2026-01-06 17:00:00,714
1,2026-01-06 17:00:00,700
1,2026-01-06 17:00:00,18489
1,2026-01-06 17:00:00,494093
1,2026-01-06 17:00:00,10
1,2026-01-06 17:00:00,3902
1,2026-01-06 17:00:00,3353
1,2026-01-06 17:00:00,842
1,2026-01-06 17:00:00,731
1,2026-01-06 17:00:00,108
1,2026-01-06 17:00:00,318
1,2026-01-06 17:00:00,478579
1,2026-01-06 17:00:00,307
1,2026-01-06 17:00:00,3506
1,2026-01-06 17:00:00,49591
1,2026-01-06 17:00:00,1494
1,2026-01-06 17:00:00,1435
1,2026-01-06 17:00:00,18256
1,2026-01-06 17:00:00,18489
1,2026-01-06 17:00:00,2058
1,2026-01-06 17:00:00,2148
1,2026-01-06 17:00:00,270
1,2026-01-06 17:00:00,282
1,2026-01-06 17:00:00,36183
1,2026-01-06 17:00:00,32537
1,2026-01-06 17:00:00,11679
1,2026-01-06 17:00:00,12711
1,2026-01-06 17:00:00,25099
1,2026-01-06 17:00:00,52013
1,2026-01-06 17:00:00,102
1,2026-01-06 17:00:00,99512
1,2026-01-06 17:00:00,3884
1,2026-01-06 17:00:00,3266
1,2026-01-06 17:00:00,2434
1,2026-01-06 17:00:00,4529
1,2026-01-06 17:00:00,4553
1,2026-01-06 17:00:00,3870
1,2026-01-06 17:00:00,1574
1,2026-01-06 17:00:00,2927
1,2026-01-06 17:00:00,2927
1,2026-01-06 17:00:00,1448
1,2026-01-06 17:00:00,2434
1,2026-01-06 17:00:00,1490
1,2026-01-06 17:00:00,26042
1,2026-01-06 17:00:00,25099
1,2026-01-06 17:00:00,206
1,2026-01-06 17:00:00,171
1,2026-01-06 17:00:00,1640
1,2026-01-06 17:00:00,19154
1,2026-01-06 17:00:00,104182
1,2026-01-06 17:00:00,3336
1,2026-01-06 17:00:00,3316
1,2026-01-06 17:00:00,3054
1,2026-01-06 17:00:00,6724
1,2026-01-06 17:00:00,26042
1,2026-01-06 17:00:00,19573
1,2026-01-06 17:00:00,19154
1,2026-01-06 17:00:00,19573
1,2026-01-06 17:00:00,1489
1,2026-01-06 17:00:00,1516
1,2026-01-06 17:00:00,34753
1,2026-01-06 17:00:00,47868
1,2026-01-06 17:00:00,1560
1,2026-01-06 17:00:00,4155
1,2026-01-06 17:00:00,15710
1,2026-01-06 17:00:00,15921
1,2026-01-06 17:00:00,2195
1,2026-01-06 17:00:00,25699
1,2026-01-06 17:00:00,85150
1,2026-01-06 17:00:00,85703
1,2026-01-06 17:00:00,99512
1,2026-01-06 17:00:00,104182
1,2026-01-06 17:00:00,3968
1,2026-01-06 17:00:00,4398
1,2026-01-06 17:00:00,2641
1,2026-01-06 17:00:00,3070
1,2026-01-06 17:00:00,1411
1,2026-01-06 17:00:00,1351
1,2026-01-06 17:00:00,15710
1,2026-01-06 17:00:00,15921
1,2026-01-06 17:00:00,2195
1,2026-01-06 17:00:00,79092
1,2026-01-06 17:00:00,315
1,2026-01-06 17:00:00,14862
1,2026-01-06 17:00:00,1877
1,2026-01-06 17:00:00,1907
1,2026-01-06 17:00:00,5129
1,2026-01-06 17:00:00,3920
1,2026-01-06 17:00:00,14451
1,2026-01-06 17:00:00,24769
1,2026-01-06 17:00:00,805
1,2026-01-06 17:00:00,195
1,2026-01-06 17:00:00,170
1,2026-01-06 17:00:00,60
1,2026-01-06 17:00:00,316
1,2026-01-06 17:00:00,52013
1,2026-01-06 17:00:00,36183
1,2026-01-06 17:00:00,812
1,2026-01-06 17:00:00,78950
1,2026-01-06 17:00:00,844
1,2026-01-06 17:00:00,49591
1,2026-01-06 17:00:00,817
1,2026-01-06 17:00:00,12541
1,2026-01-06 17:00:00,12074
1,2026-01-06 17:00:00,397
1,2026-01-06 17:00:00,371
1,2026-01-06 17:00:00,637
1,2026-01-06 17:00:00,7161
1,2026-01-06 17:00:00,6721
1,2026-01-06 17:00:00,25264
1,2026-01-06 17:00:00,25314
1,2026-01-06 17:00:00,355
1,2026-01-06 17:00:00,350
1,2026-01-06 17:00:00,583
1,2026-01-06 17:00:00,25700
1,2026-01-06 17:00:00,32547
1,2026-01-06 17:00:00,2232
1,2026-01-06 17:00:00,1785
1,2026-01-06 17:00:00,1787
1,2026-01-06 17:00:00,4711
1,2026-01-06 17:00:00,2021
1,2026-01-06 17:00:00,3544
1,2026-01-06 17:00:00,2213
1,2026-01-06 17:00:00,8984
1,2026-01-06 17:00:00,8768
1,2026-01-06 17:00:00,31028
1,2026-01-06 17:00:00,30600
1,2026-01-06 17:00:00,24739
1,2026-01-06 17:00:00,2062
1,2026-01-06 18:00:00,492346
1,2026-01-06 18:00:00,698
1,2026-01-06 18:00:00,18319
1,2026-01-06 18:00:00,18088
1,2026-01-06 18:00:00,473523
1,2026-01-06 18:00:00,3210
1,2026-01-06 18:00:00,3281
1,2026-01-06 18:00:00,852
1,2026-01-06 18:00:00,720
1,2026-01-06 18:00:00,103
1,2026-01-06 18:00:00,3975
1,2026-01-06 18:00:00,711
1,2026-01-06 18:00:00,3820
1,2026-01-06 18:00:00,311
1,2026-01-06 18:00:00,12433
1,2026-01-06 18:00:00,52295
1,2026-01-06 18:00:00,50278
1,2026-01-06 18:00:00,1363
1,2026-01-06 18:00:00,1321
1,2026-01-06 18:00:00,18088
1,2026-01-06 18:00:00,18319
1,2026-01-06 18:00:00,2139
1,2026-01-06 18:00:00,2160
1,2026-01-06 18:00:00,272
1,2026-01-06 18:00:00,283
1,2026-01-06 18:00:00,35454
1,2026-01-06 18:00:00,32127
1,2026-01-06 18:00:00,11031
1,2026-01-06 18:00:00,25
1,2026-01-06 18:00:00,291
1,2026-01-06 18:00:00,99
1,2026-01-06 18:00:00,1557
1,2026-01-06 18:00:00,24726
1,2026-01-06 18:00:00,3403
1,2026-01-06 18:00:00,2386
1,2026-01-06 18:00:00,4376
1,2026-01-06 18:00:00,3874
1,2026-01-06 18:00:00,1582
1,2026-01-06 18:00:00,2831
1,2026-01-06 18:00:00,2831
1,2026-01-06 18:00:00,169
1,2026-01-06 18:00:00,2386
1,2026-01-06 18:00:00,1513
1,2026-01-06 18:00:00,1441
1,2026-01-06 18:00:00,25539
1,2026-01-06 18:00:00,24726
1,2026-01-06 18:00:00,210
1,2026-01-06 18:00:00,1455
1,2026-01-06 18:00:00,4375
1,2026-01-06 18:00:00,3033
1,2026-01-06 18:00:00,103061
1,2026-01-06 18:00:00,3318
1,2026-01-06 18:00:00,3319
1,2026-01-06 18:00:00,47181
1,2026-01-06 18:00:00,6573
1,2026-01-06 18:00:00,19050
1,2026-01-06 18:00:00,19488
1,2026-01-06 18:00:00,19050
1,2026-01-06 18:00:00,19488
1,2026-01-06 18:00:00,1474
1,2026-01-06 18:00:00,1474
1,2026-01-06 18:00:00,34301
1,2026-01-06 18:00:00,25539
1,2026-01-06 18:00:00,3874
1,2026-01-06 18:00:00,98576
1,2026-01-06 18:00:00,15640
1,2026-01-06 18:00:00,25556
1,2026-01-06 18:00:00,78902
1,2026-01-06 18:00:00,84707
1,2026-01-06 18:00:00,85336
1,2026-01-06 18:00:00,98576
1,2026-01-06 18:00:00,103061
1,2026-01-06 18:00:00,3930
1,2026-01-06 18:00:00,4363
1,2026-01-06 18:00:00,2657
1,2026-01-06 18:00:00,3161
1,2026-01-06 18:00:00,1405
1,2026-01-06 18:00:00,1345
1,2026-01-06 18:00:00,15640
1,2026-01-06 18:00:00,15781
1,2026-01-06 18:00:00,78648
1,2026-01-06 18:00:00,2161
1,2026-01-06 18:00:00,800
1,2026-01-06 18:00:00,1972
1,2026-01-06 18:00:00,5237
1,2026-01-06 18:00:00,4054
1,2026-01-06 18:00:00,14842
1,2026-01-06 18:00:00,15371
1,2026-01-06 18:00:00,2597
1,2026-01-06 18:00:00,797
1,2026-01-06 18:00:00,174
1,2026-01-06 18:00:00,64
1,2026-01-06 18:00:00,316
1,2026-01-06 18:00:00,307
1,2026-01-06 18:00:00,349
1,2026-01-06 18:00:00,2161
1,2026-01-06 18:00:00,26936
1,2026-01-06 18:00:00,198
1,2026-01-06 18:00:00,50278
1,2026-01-06 18:00:00,52295
1,2026-01-06 18:00:00,810
1,2026-01-06 18:00:00,800
1,2026-01-06 18:00:00,12147
1,2026-01-06 18:00:00,11621
1,2026-01-06 18:00:00,392
1,2026-01-06 18:00:00,364
1,2026-01-06 18:00:00,593
1,2026-01-06 18:00:00,546
1,2026-01-06 18:00:00,35454
1,2026-01-06 18:00:00,6388
1,2026-01-06 18:00:00,24055
1,2026-01-06 18:00:00,26318
1,2026-01-06 18:00:00,349
1,2026-01-06 18:00:00,32152
1,2026-01-06 18:00:00,6765
1,2026-01-06 18:00:00,23772
1,2026-01-06 18:00:00,15781
1,2026-01-06 18:00:00,24722
1,2026-01-06 18:00:00,2129
1,2026-01-06 18:00:00,1796
1,2026-01-06 18:00:00,1787
1,2026-01-06 18:00:00,4693
1,2026-01-06 18:00:00,3280
1,2026-01-06 18:00:00,2071
1,2026-01-06 18:00:00,2047
1,2026-01-06 18:00:00,8941
1,2026-01-06 18:00:00,8672
1,2026-01-06 18:00:00,32070
1,2026-01-06 18:00:00,29377
1,2026-01-06 18:00:00,1984
1,2026-01-06 19:00:00,3011
1,2026-01-06 19:00:00,18141
1,2026-01-06 19:00:00,18032
1,2026-01-06 19:00:00,489422
1,2026-01-06 19:00:00,470131
1,2026-01-06 19:00:00,805
1,2026-01-06 19:00:00,3308
1,2026-01-06 19:00:00,719
1,2026-01-06 19:00:00,101
1,2026-01-06 19:00:00,105
1,2026-01-06 19:00:00,3780
1,2026-01-06 19:00:00,3868
1,2026-01-06 19:00:00,699
1,2026-01-06 19:00:00,10762
1,2026-01-06 19:00:00,303
1,2026-01-06 19:00:00,11858
1,2026-01-06 19:00:00,25
1,2026-01-06 19:00:00,31636
1,2026-01-06 19:00:00,34900
1,2026-01-06 19:00:00,284
1,2026-01-06 19:00:00,272
1,2026-01-06 19:00:00,718
1,2026-01-06 19:00:00,2205
1,2026-01-06 19:00:00,18141
1,2026-01-06 19:00:00,18032
1,2026-01-06 19:00:00,1194
1,2026-01-06 19:00:00,51109
1,2026-01-06 19:00:00,53033
1,2026-01-06 19:00:00,279
1,2026-01-06 19:00:00,2221
1,2026-01-06 19:00:00,1297
1,2026-01-06 19:00:00,1481
1,2026-01-06 19:00:00,46581
1,2026-01-06 19:00:00,2369
1,2026-01-06 19:00:00,3329
1,2026-01-06 19:00:00,4272
1,2026-01-06 19:00:00,3874
1,2026-01-06 19:00:00,1561
1,2026-01-06 19:00:00,2743
1,2026-01-06 19:00:00,2743
1,2026-01-06 19:00:00,171
1,2026-01-06 19:00:00,2369
1,2026-01-06 19:00:00,1484
1,2026-01-06 19:00:00,1420
1,2026-01-06 19:00:00,25311
1,2026-01-06 19:00:00,24354
1,2026-01-06 19:00:00,214
1,2026-01-06 19:00:00,1419
1,2026-01-06 19:00:00,4304
1,2026-01-06 19:00:00,33657
1,2026-01-06 19:00:00,101515
1,2026-01-06 19:00:00,3283
1,2026-01-06 19:00:00,3316
1,2026-01-06 19:00:00,2987
1,2026-01-06 19:00:00,6388
1,2026-01-06 19:00:00,19092
1,2026-01-06 19:00:00,19314
1,2026-01-06 19:00:00,19092
1,2026-01-06 19:00:00,19314
1,2026-01-06 19:00:00,1452
1,2026-01-06 19:00:00,1462
1,2026-01-06 19:00:00,24354
1,2026-01-06 19:00:00,25311
1,2026-01-06 19:00:00,3694
1,2026-01-06 19:00:00,97854
1,2026-01-06 19:00:00,15750
1,2026-01-06 19:00:00,26244
1,2026-01-06 19:00:00,78758
1,2026-01-06 19:00:00,84367
1,2026-01-06 19:00:00,85091
1,2026-01-06 19:00:00,97854
1,2026-01-06 19:00:00,101515
1,2026-01-06 19:00:00,3870
1,2026-01-06 19:00:00,4349
1,2026-01-06 19:00:00,2632
1,2026-01-06 19:00:00,2790
1,2026-01-06 19:00:00,1402
1,2026-01-06 19:00:00,1387
1,2026-01-06 19:00:00,15908
1,2026-01-06 19:00:00,78453
1,2026-01-06 19:00:00,2099
1,2026-01-06 19:00:00,799
1,2026-01-06 19:00:00,1996
1,2026-01-06 19:00:00,2040
1,2026-01-06 19:00:00,5362
1,2026-01-06 19:00:00,4233
1,2026-01-06 19:00:00,15726
1,2026-01-06 19:00:00,15390
1,2026-01-06 19:00:00,788
1,2026-01-06 19:00:00,201
1,2026-01-06 19:00:00,179
1,2026-01-06 19:00:00,68
1,2026-01-06 19:00:00,303
1,2026-01-06 19:00:00,300
1,2026-01-06 19:00:00,341
1,2026-01-06 19:00:00,2099
1,2026-01-06 19:00:00,27107
1,2026-01-06 19:00:00,15750
1,2026-01-06 19:00:00,51109
1,2026-01-06 19:00:00,1984
1,2026-01-06 19:00:00,798
1,2026-01-06 19:00:00,796
1,2026-01-06 19:00:00,11863
1,2026-01-06 19:00:00,11331
1,2026-01-06 19:00:00,383
1,2026-01-06 19:00:00,355
1,2026-01-06 19:00:00,569
1,2026-01-06 19:00:00,525
1,2026-01-06 19:00:00,6160
1,2026-01-06 19:00:00,22790
1,2026-01-06 19:00:00,27345
1,2026-01-06 19:00:00,341
1,2026-01-06 19:00:00,34900
1,2026-01-06 19:00:00,31661
1,2026-01-06 19:00:00,6498
1,2026-01-06 19:00:00,15908
1,2026-01-06 19:00:00,24042
1,2026-01-06 19:00:00,2044
1,2026-01-06 19:00:00,1806
1,2026-01-06 19:00:00,1786
1,2026-01-06 19:00:00,4571
1,2026-01-06 19:00:00,3200
1,2026-01-06 19:00:00,1981
1,2026-01-06 19:00:00,53033
1,2026-01-06 19:00:00,8899
1,2026-01-06 19:00:00,8466
1,2026-01-06 19:00:00,32698
1,2026-01-06 19:00:00,28044
1,2026-01-06 19:00:00,23128
1,2026-01-06 19:00:00,2019
1,2026-01-06 20:00:00,722
1,2026-01-06 20:00:00,699
1,2026-01-06 20:00:00,17805
1,2026-01-06 20:00:00,17810
1,2026-01-06 20:00:00,481738
1,2026-01-06 20:00:00,469378
1,2026-01-06 20:00:00,796
1,2026-01-06 20:00:00,3271
1,2026-01-06 20:00:00,680
1,2026-01-06 20:00:00,104
1,2026-01-06 20:00:00,100
1,2026-01-06 20:00:00,299
1,2026-01-06 20:00:00,0
1,2026-01-06 20:00:00,3063
1,2026-01-06 20:00:00,10513
1,2026-01-06 20:00:00,53927
1,2026-01-06 20:00:00,52129
1,2026-01-06 20:00:00,15860
1,2026-01-06 20:00:00,1193
1,2026-01-06 20:00:00,17810
1,2026-01-06 20:00:00,17805
1,2026-01-06 20:00:00,2305
1,2026-01-06 20:00:00,2285
1,2026-01-06 20:00:00,269
1,2026-01-06 20:00:00,284
1,2026-01-06 20:00:00,34766
1,2026-01-06 20:00:00,31379
1,2026-01-06 20:00:00,10588
1,2026-01-06 20:00:00,26
1,2026-01-06 20:00:00,0
1,2026-01-06 20:00:00,1250
1,2026-01-06 20:00:00,2337
1,2026-01-06 20:00:00,24238
1,2026-01-06 20:00:00,3286
1,2026-01-06 20:00:00,4238
1,2026-01-06 20:00:00,3870
1,2026-01-06 20:00:00,1550
1,2026-01-06 20:00:00,2699
1,2026-01-06 20:00:00,2699
1,2026-01-06 20:00:00,2337
1,2026-01-06 20:00:00,1399
1,2026-01-06 20:00:00,1384
1,2026-01-06 20:00:00,1403
1,2026-01-06 20:00:00,25177
1,2026-01-06 20:00:00,24238
1,2026-01-06 20:00:00,218
1,2026-01-06 20:00:00,175
1,2026-01-06 20:00:00,25177
1,2026-01-06 20:00:00,4196
1,2026-01-06 20:00:00,98121
1,2026-01-06 20:00:00,100615
1,2026-01-06 20:00:00,3247
1,2026-01-06 20:00:00,3297
1,2026-01-06 20:00:00,2935
1,2026-01-06 20:00:00,6477
1,2026-01-06 20:00:00,19182
1,2026-01-06 20:00:00,19320
1,2026-01-06 20:00:00,19182
1,2026-01-06 20:00:00,19320
1,2026-01-06 20:00:00,1430
1,2026-01-06 20:00:00,1426
1,2026-01-06 20:00:00,33127
1,2026-01-06 20:00:00,42357
1,2026-01-06 20:00:00,3574
1,2026-01-06 20:00:00,3725
1,2026-01-06 20:00:00,31405
1,2026-01-06 20:00:00,15905
1,2026-01-06 20:00:00,2055
1,2026-01-06 20:00:00,26975
1,2026-01-06 20:00:00,78539
1,2026-01-06 20:00:00,83978
1,2026-01-06 20:00:00,84711
1,2026-01-06 20:00:00,98121
1,2026-01-06 20:00:00,100615
1,2026-01-06 20:00:00,3803
1,2026-01-06 20:00:00,4255
1,2026-01-06 20:00:00,2600
1,2026-01-06 20:00:00,1400
1,2026-01-06 20:00:00,1403
1,2026-01-06 20:00:00,15860
1,2026-01-06 20:00:00,1476
1,2026-01-06 20:00:00,1406
1,2026-01-06 20:00:00,2102
1,2026-01-06 20:00:00,785
1,2026-01-06 20:00:00,2055
1,2026-01-06 20:00:00,5552
1,2026-01-06 20:00:00,4443
1,2026-01-06 20:00:00,15676
1,2026-01-06 20:00:00,779
1,2026-01-06 20:00:00,16096
1,2026-01-06 20:00:00,203
1,2026-01-06 20:00:00,2191
1,2026-01-06 20:00:00,185
1,2026-01-06 20:00:00,71
1,2026-01-06 20:00:00,308
1,2026-01-06 20:00:00,301
1,2026-01-06 20:00:00,27883
1,2026-01-06 20:00:00,1917
1,2026-01-06 20:00:00,15905
1,2026-01-06 20:00:00,78178
1,2026-01-06 20:00:00,52129
1,2026-01-06 20:00:00,34766
1,2026-01-06 20:00:00,786
1,2026-01-06 20:00:00,822
1,2026-01-06 20:00:00,11682
1,2026-01-06 20:00:00,11057
1,2026-01-06 20:00:00,373
1,2026-01-06 20:00:00,350
1,2026-01-06 20:00:00,512
1,2026-01-06 20:00:00,6331
1,2026-01-06 20:00:00,6010
1,2026-01-06 20:00:00,22017
1,2026-01-06 20:00:00,27646
1,2026-01-06 20:00:00,335
1,2026-01-06 20:00:00,550
1,2026-01-06 20:00:00,53927
1,2026-01-06 20:00:00,335
1,2026-01-06 20:00:00,1806
1,2026-01-06 20:00:00,1775
1,2026-01-06 20:00:00,3163
1,2026-01-06 20:00:00,3183
1,2026-01-06 20:00:00,1943
1,2026-01-06 20:00:00,1990
1,2026-01-06 20:00:00,1997
1,2026-01-06 20:00:00,8296
1,2026-01-06 20:00:00,31303
1,2026-01-06 20:00:00,27207
1,2026-01-06 20:00:00,22615
1,2026-01-06 20:00:00,23599
1,2026-01-06 20:00:00,8896
1,2026-01-06 21:00:00,10639
1,2026-01-06 21:00:00,34441
1,2026-01-06 21:00:00,265
1,2026-01-06 21:00:00,2371
1,2026-01-06 21:00:00,17618
1,2026-01-06 21:00:00,1238
1,2026-01-06 21:00:00,17618
1,2026-01-06 21:00:00,298
1,2026-01-06 21:00:00,699
1,2026-01-06 21:00:00,1389
1,2026-01-06 21:00:00,3245
1,2026-01-06 21:00:00,673
1,2026-01-06 21:00:00,54473
1,2026-01-06 21:00:00,3291
1,2026-01-06 21:00:00,97
1,2026-01-06 21:00:00,182
1,2026-01-06 21:00:00,32759
1,2026-01-06 21:00:00,1415
1,2026-01-06 21:00:00,19437
1,2026-01-06 21:00:00,19437
1,2026-01-06 21:00:00,24043
1,2026-01-06 21:00:00,100466
1,2026-01-06 21:00:00,3215
1,2026-01-06 21:00:00,4256
1,2026-01-06 21:00:00,1467
1,2026-01-06 21:00:00,2664
1,2026-01-06 21:00:00,2339
1,2026-01-06 21:00:00,1381
1,2026-01-06 21:00:00,24043
1,2026-01-06 21:00:00,16320
1,2026-01-06 21:00:00,3579
1,2026-01-06 21:00:00,471541
1,2026-01-06 21:00:00,77841
1,2026-01-06 21:00:00,2149
1,2026-01-06 21:00:00,4695
1,2026-01-06 21:00:00,16183
1,2026-01-06 21:00:00,787
1,2026-01-06 21:00:00,192
1,2026-01-06 21:00:00,100466
1,2026-01-06 21:00:00,2002
1,2026-01-06 21:00:00,16320
1,2026-01-06 21:00:00,1422
1,2026-01-06 21:00:00,83568
1,2026-01-06 21:00:00,3758
1,2026-01-06 21:00:00,27459
1,2026-01-06 21:00:00,305
1,2026-01-06 21:00:00,54473
1,2026-01-06 21:00:00,2577
1,2026-01-06 21:00:00,11637
1,2026-01-06 21:00:00,800
1,2026-01-06 21:00:00,1969
1,2026-01-06 21:00:00,1763
1,2026-01-06 21:00:00,3248
1,2026-01-06 21:00:00,328
1,2026-01-06 21:00:00,8162
1,2026-01-06 21:00:00,1967
1,2026-01-06 21:00:00,23466
1,2026-01-06 21:00:00,34441
1,2026-01-06 21:00:00,21705
1,2026-01-06 21:00:00,6284
1,2026-01-06 21:00:00,542
1,2026-01-06 21:00:00,363
1,2026-01-06 21:00:00,26852
1,2026-01-06 22:00:00,10885
1,2026-01-06 22:00:00,34523
1,2026-01-06 22:00:00,267
1,2026-01-06 22:00:00,2418
1,2026-01-06 22:00:00,17652
1,2026-01-06 22:00:00,3252
1,2026-01-06 22:00:00,54858
1,2026-01-06 22:00:00,298
1,2026-01-06 22:00:00,692
1,2026-01-06 22:00:00,17652
1,2026-01-06 22:00:00,478659
1,2026-01-06 22:00:00,3311
1,2026-01-06 22:00:00,1282
1,2026-01-06 22:00:00,102
1,2026-01-06 22:00:00,3181
1,2026-01-06 22:00:00,32689
1,2026-01-06 22:00:00,1405
1,2026-01-06 22:00:00,19988
1,2026-01-06 22:00:00,19988
1,2026-01-06 22:00:00,24043
1,2026-01-06 22:00:00,104026
1,2026-01-06 22:00:00,4379
1,2026-01-06 22:00:00,1454
1,2026-01-06 22:00:00,2684
1,2026-01-06 22:00:00,2365
1,2026-01-06 22:00:00,1357
1,2026-01-06 22:00:00,24043
1,2026-01-06 22:00:00,1388
1,2026-01-06 22:00:00,675
1,2026-01-06 22:00:00,187
1,2026-01-06 22:00:00,3615
1,2026-01-06 22:00:00,17060
1,2026-01-06 22:00:00,78208
1,2026-01-06 22:00:00,4922
1,2026-01-06 22:00:00,16290
1,2026-01-06 22:00:00,781
1,2026-01-06 22:00:00,199
1,2026-01-06 22:00:00,104026
1,2026-01-06 22:00:00,1992
1,2026-01-06 22:00:00,17060
1,2026-01-06 22:00:00,1427
1,2026-01-06 22:00:00,2581
1,2026-01-06 22:00:00,3757
1,2026-01-06 22:00:00,27881
1,2026-01-06 22:00:00,312
1,2026-01-06 22:00:00,54858
1,2026-01-06 22:00:00,34523
1,2026-01-06 22:00:00,2171
1,2026-01-06 22:00:00,356
1,2026-01-06 22:00:00,827
1,2026-01-06 22:00:00,83955
1,2026-01-06 22:00:00,1990
1,2026-01-06 22:00:00,1753
1,2026-01-06 22:00:00,11898
1,2026-01-06 22:00:00,1951
1,2026-01-06 22:00:00,3402
1,2026-01-06 22:00:00,27070
1,2026-01-06 22:00:00,24029
1,2026-01-06 22:00:00,322
1,2026-01-06 22:00:00,21928
1,2026-01-06 22:00:00,6507
1,2026-01-06 22:00:00,575
1,2026-01-06 22:00:00,8048
1,2026-01-06 23:00:00,35039
1,2026-01-06 23:00:00,276
1,2026-01-06 23:00:00,2571
1,2026-01-06 23:00:00,18135
1,2026-01-06 23:00:00,54878
1,2026-01-06 23:00:00,17900
1,2026-01-06 23:00:00,692
1,2026-01-06 23:00:00,18135
1,2026-01-06 23:00:00,487332
1,2026-01-06 23:00:00,3237
1,2026-01-06 23:00:00,652
1,2026-01-06 23:00:00,11227
1,2026-01-06 23:00:00,299
1,2026-01-06 23:00:00,3338
1,2026-01-06 23:00:00,104183
1,2026-01-06 23:00:00,195
1,2026-01-06 23:00:00,24602
1,2026-01-06 23:00:00,1418
1,2026-01-06 23:00:00,20779
1,2026-01-06 23:00:00,20779
1,2026-01-06 23:00:00,3152
1,2026-01-06 23:00:00,1424
1,2026-01-06 23:00:00,32910
1,2026-01-06 23:00:00,1445
1,2026-01-06 23:00:00,2787
1,2026-01-06 23:00:00,2461
1,2026-01-06 23:00:00,1350
1,2026-01-06 23:00:00,24602
1,2026-01-06 23:00:00,3744
1,2026-01-06 23:00:00,1348
1,2026-01-06 23:00:00,102
1,2026-01-06 23:00:00,4553
1,2026-01-06 23:00:00,860
1,2026-01-06 23:00:00,2200
1,2026-01-06 23:00:00,5100
1,2026-01-06 23:00:00,16790
1,2026-01-06 23:00:00,780
1,2026-01-06 23:00:00,203
1,2026-01-06 23:00:00,104183
1,2026-01-06 23:00:00,2011
1,2026-01-06 23:00:00,17900
1,2026-01-06 23:00:00,1487
1,2026-01-06 23:00:00,2604
1,2026-01-06 23:00:00,3855
1,2026-01-06 23:00:00,28822
1,2026-01-06 23:00:00,322
1,2026-01-06 23:00:00,54878
1,2026-01-06 23:00:00,79957
1,2026-01-06 23:00:00,12429
1,2026-01-06 23:00:00,85904
1,2026-01-06 23:00:00,2092
1,2026-01-06 23:00:00,1742
1,2026-01-06 23:00:00,3605
1,2026-01-06 23:00:00,35039
1,2026-01-06 23:00:00,8011
1,2026-01-06 23:00:00,1953
1,2026-01-06 23:00:00,25288
1,2026-01-06 23:00:00,319
1,2026-01-06 23:00:00,22487
1,2026-01-06 23:00:00,6987
1,2026-01-06 23:00:00,624
1,2026-01-06 23:00:00,354
1,2026-01-06 23:00:00,27665
1,2026-01-07 00:00:00,36270
1,2026-01-07 00:00:00,282
1,2026-01-07 00:00:00,2532
1,2026-01-07 00:00:00,18962
1,2026-01-07 00:00:00,1476
1,2026-01-07 00:00:00,738
1,2026-01-07 00:00:00,302
1,2026-01-07 00:00:00,699
1,2026-01-07 00:00:00,18962
1,2026-01-07 00:00:00,494221
1,2026-01-07 00:00:00,3377
1,2026-01-07 00:00:00,11915
1,2026-01-07 00:00:00,54888
1,2026-01-07 00:00:00,3385
1,2026-01-07 00:00:00,103152
1,2026-01-07 00:00:00,206
1,2026-01-07 00:00:00,33739
1,2026-01-07 00:00:00,1457
1,2026-01-07 00:00:00,20542
1,2026-01-07 00:00:00,20542
1,2026-01-07 00:00:00,25427
1,2026-01-07 00:00:00,3187
1,2026-01-07 00:00:00,4797
1,2026-01-07 00:00:00,1444
1,2026-01-07 00:00:00,3024
1,2026-01-07 00:00:00,2547
1,2026-01-07 00:00:00,1355
1,2026-01-07 00:00:00,25427
1,2026-01-07 00:00:00,3914
1,2026-01-07 00:00:00,17560
1,2026-01-07 00:00:00,106
1,2026-01-07 00:00:00,1527
1,2026-01-07 00:00:00,886
1,2026-01-07 00:00:00,28687
1,2026-01-07 00:00:00,2182
1,2026-01-07 00:00:00,5140
1,2026-01-07 00:00:00,16623
1,2026-01-07 00:00:00,778
1,2026-01-07 00:00:00,210
1,2026-01-07 00:00:00,1512
1,2026-01-07 00:00:00,2093
1,2026-01-07 00:00:00,17560
1,2026-01-07 00:00:00,2639
1,2026-01-07 00:00:00,3918
1,2026-01-07 00:00:00,103152
1,2026-01-07 00:00:00,324
1,2026-01-07 00:00:00,54888
1,2026-01-07 00:00:00,81502
1,2026-01-07 00:00:00,12833
1,2026-01-07 00:00:00,2309
1,2026-01-07 00:00:00,1748
1,2026-01-07 00:00:00,3903
1,2026-01-07 00:00:00,2000
1,2026-01-07 00:00:00,87729
1,2026-01-07 00:00:00,28943
1,2026-01-07 00:00:00,8104
1,2026-01-07 00:00:00,36270
1,2026-01-07 00:00:00,322
1,2026-01-07 00:00:00,23678
1,2026-01-07 00:00:00,7351
1,2026-01-07 00:00:00,652
1,2026-01-07 00:00:00,358
1,2026-01-07 00:00:00,26407
1,2026-01-07 01:00:00,36510
1,2026-01-07 01:00:00,279
1,2026-01-07 01:00:00,2419
1,2026-01-07 01:00:00,18884
1,2026-01-07 01:00:00,55420
1,2026-01-07 01:00:00,108
1,2026-01-07 01:00:00,720
1,2026-01-07 01:00:00,18884
1,2026-01-07 01:00:00,494784
1,2026-01-07 01:00:00,3549
1,2026-01-07 01:00:00,870
1,2026-01-07 01:00:00,12663
1,2026-01-07 01:00:00,312
1,2026-01-07 01:00:00,3551
1,2026-01-07 01:00:00,101324
1,2026-01-07 01:00:00,202
1,2026-01-07 01:00:00,25521
1,2026-01-07 01:00:00,1522
1,2026-01-07 01:00:00,20111
1,2026-01-07 01:00:00,20111
1,2026-01-07 01:00:00,3268
1,2026-01-07 01:00:00,1669
1,2026-01-07 01:00:00,35216
1,2026-01-07 01:00:00,1556
1,2026-01-07 01:00:00,3060
1,2026-01-07 01:00:00,2540
1,2026-01-07 01:00:00,1396
1,2026-01-07 01:00:00,25521
1,2026-01-07 01:00:00,17070
1,2026-01-07 01:00:00,1583
1,2026-01-07 01:00:00,5081
1,2026-01-07 01:00:00,4147
1,2026-01-07 01:00:00,2419
1,2026-01-07 01:00:00,81006
1,2026-01-07 01:00:00,2104
1,2026-01-07 01:00:00,5030
1,2026-01-07 01:00:00,15793
1,2026-01-07 01:00:00,787
1,2026-01-07 01:00:00,211
1,2026-01-07 01:00:00,101324
1,2026-01-07 01:00:00,2142
1,2026-01-07 01:00:00,1487
1,2026-01-07 01:00:00,2703
1,2026-01-07 01:00:00,3890
1,2026-01-07 01:00:00,27525
1,2026-01-07 01:00:00,342
1,2026-01-07 01:00:00,55420
1,2026-01-07 01:00:00,17070
1,2026-01-07 01:00:00,12874
1,2026-01-07 01:00:00,328
1,2026-01-07 01:00:00,87315
1,2026-01-07 01:00:00,1815
1,2026-01-07 01:00:00,4058
1,2026-01-07 01:00:00,2080
1,2026-01-07 01:00:00,8452
1,2026-01-07 01:00:00,30652
1,2026-01-07 01:00:00,932
1,2026-01-07 01:00:00,36510
1,2026-01-07 01:00:00,25215
1,2026-01-07 01:00:00,7445
1,2026-01-07 01:00:00,654
1,2026-01-07 01:00:00,345
1,2026-01-07 01:00:00,26573
1,2026-01-07 02:00:00,36585
1,2026-01-07 02:00:00,274
1,2026-01-07 02:00:00,2307
1,2026-01-07 02:00:00,18658
1,2026-01-07 02:00:00,1636
1,2026-01-07 02:00:00,54716
1,2026-01-07 02:00:00,489776
1,2026-01-07 02:00:00,732
1,2026-01-07 02:00:00,18658
1,2026-01-07 02:00:00,3536
1,2026-01-07 02:00:00,795
1,2026-01-07 02:00:00,5010
1,2026-01-07 02:00:00,329
1,2026-01-07 02:00:00,12923
1,2026-01-07 02:00:00,106
1,2026-01-07 02:00:00,25048
1,2026-01-07 02:00:00,1531
1,2026-01-07 02:00:00,19425
1,2026-01-07 02:00:00,19425
1,2026-01-07 02:00:00,3411
1,2026-01-07 02:00:00,3712
1,2026-01-07 02:00:00,1733
1,2026-01-07 02:00:00,98439
1,2026-01-07 02:00:00,1623
1,2026-01-07 02:00:00,3044
1,2026-01-07 02:00:00,2465
1,2026-01-07 02:00:00,1448
1,2026-01-07 02:00:00,25048
1,2026-01-07 02:00:00,195
1,2026-01-07 02:00:00,16360
1,2026-01-07 02:00:00,4427
1,2026-01-07 02:00:00,1835
1,2026-01-07 02:00:00,79847
1,2026-01-07 02:00:00,4773
1,2026-01-07 02:00:00,14887
1,2026-01-07 02:00:00,792
1,2026-01-07 02:00:00,203
1,2026-01-07 02:00:00,356
1,2026-01-07 02:00:00,2135
1,2026-01-07 02:00:00,2867
1,2026-01-07 02:00:00,1453
1,2026-01-07 02:00:00,3841
1,2026-01-07 02:00:00,98439
1,2026-01-07 02:00:00,86149
1,2026-01-07 02:00:00,1994
1,2026-01-07 02:00:00,16360
1,2026-01-07 02:00:00,26086
1,2026-01-07 02:00:00,36028
1,2026-01-07 02:00:00,966
1,2026-01-07 02:00:00,54716
1,2026-01-07 02:00:00,4081
1,2026-01-07 02:00:00,2198
1,2026-01-07 02:00:00,8771
1,2026-01-07 02:00:00,2461
1,2026-01-07 02:00:00,26098
1,2026-01-07 02:00:00,33261
1,2026-01-07 02:00:00,323
1,2026-01-07 02:00:00,27511
1,2026-01-07 02:00:00,7343
1,2026-01-07 02:00:00,641
1,2026-01-07 02:00:00,348
1,2026-01-07 02:00:00,12605
1,2026-01-07 02:00:00,36585
1,2026-01-07 03:00:00,12847
1,2026-01-07 03:00:00,36346
1,2026-01-07 03:00:00,267
1,2026-01-07 03:00:00,2152
1,2026-01-07 03:00:00,18241
1,2026-01-07 03:00:00,778
1,2026-01-07 03:00:00,330
1,2026-01-07 03:00:00,725
1,2026-01-07 03:00:00,18241
1,2026-01-07 03:00:00,476124
1,2026-01-07 03:00:00,3513
1,2026-01-07 03:00:00,3705
1,2026-01-07 03:00:00,53286
1,2026-01-07 03:00:00,1621
1,2026-01-07 03:00:00,1745
1,2026-01-07 03:00:00,35795
1,2026-01-07 03:00:00,24286
1,2026-01-07 03:00:00,1511
1,2026-01-07 03:00:00,18570
1,2026-01-07 03:00:00,18570
1,2026-01-07 03:00:00,94311
1,2026-01-07 03:00:00,3387
1,2026-01-07 03:00:00,1655
1,2026-01-07 03:00:00,3005
1,2026-01-07 03:00:00,2373
1,2026-01-07 03:00:00,1433
1,2026-01-07 03:00:00,24286
1,2026-01-07 03:00:00,4923
1,2026-01-07 03:00:00,101
1,2026-01-07 03:00:00,182
1,2026-01-07 03:00:00,4451
1,2026-01-07 03:00:00,15400
1,2026-01-07 03:00:00,77902
1,2026-01-07 03:00:00,4453
1,2026-01-07 03:00:00,13894
1,2026-01-07 03:00:00,784
1,2026-01-07 03:00:00,190
1,2026-01-07 03:00:00,94311
1,2026-01-07 03:00:00,2136
1,2026-01-07 03:00:00,15400
1,2026-01-07 03:00:00,1389
1,2026-01-07 03:00:00,2895
1,2026-01-07 03:00:00,3727
1,2026-01-07 03:00:00,24363
1,2026-01-07 03:00:00,353
1,2026-01-07 03:00:00,53286
1,2026-01-07 03:00:00,36346
1,2026-01-07 03:00:00,1836
1,2026-01-07 03:00:00,346
1,2026-01-07 03:00:00,962
1,2026-01-07 03:00:00,84101
1,2026-01-07 03:00:00,2472
1,2026-01-07 03:00:00,1794
1,2026-01-07 03:00:00,12136
1,2026-01-07 03:00:00,2189
1,2026-01-07 03:00:00,4036
1,2026-01-07 03:00:00,33354
1,2026-01-07 03:00:00,25224
1,2026-01-07 03:00:00,322
1,2026-01-07 03:00:00,27587
1,2026-01-07 03:00:00,7098
1,2026-01-07 03:00:00,612
1,2026-01-07 03:00:00,8714
1,2026-01-07 04:00:00,35908
1,2026-01-07 04:00:00,248
1,2026-01-07 04:00:00,1987
1,2026-01-07 04:00:00,17434
1,2026-01-07 04:00:00,1591
1,2026-01-07 04:00:00,785
1,2026-01-07 04:00:00,327
1,2026-01-07 04:00:00,709
1,2026-01-07 04:00:00,17434
1,2026-01-07 04:00:00,458263
1,2026-01-07 04:00:00,3469
1,2026-01-07 04:00:00,12639
1,2026-01-07 04:00:00,51338
1,2026-01-07 04:00:00,3649
1,2026-01-07 04:00:00,89996
1,2026-01-07 04:00:00,166
1,2026-01-07 04:00:00,35114
1,2026-01-07 04:00:00,1480
1,2026-01-07 04:00:00,17544
1,2026-01-07 04:00:00,17544
1,2026-01-07 04:00:00,23576
1,2026-01-07 04:00:00,3307
1,2026-01-07 04:00:00,4838
1,2026-01-07 04:00:00,1596
1,2026-01-07 04:00:00,2908
1,2026-01-07 04:00:00,2257
1,2026-01-07 04:00:00,1746
1,2026-01-07 04:00:00,23576
1,2026-01-07 04:00:00,14290
1,2026-01-07 04:00:00,101
1,2026-01-07 04:00:00,4416
1,2026-01-07 04:00:00,1397
1,2026-01-07 04:00:00,75332
1,2026-01-07 04:00:00,1752
1,2026-01-07 04:00:00,1670
1,2026-01-07 04:00:00,174
1,2026-01-07 04:00:00,4070
1,2026-01-07 04:00:00,12678
1,2026-01-07 04:00:00,783
1,2026-01-07 04:00:00,345
1,2026-01-07 04:00:00,89996
1,2026-01-07 04:00:00,1315
1,2026-01-07 04:00:00,2862
1,2026-01-07 04:00:00,3602
1,2026-01-07 04:00:00,22308
1,2026-01-07 04:00:00,2084
1,2026-01-07 04:00:00,51338
1,2026-01-07 04:00:00,14290
1,2026-01-07 04:00:00,11529
1,2026-01-07 04:00:00,947
1,2026-01-07 04:00:00,2427
1,2026-01-07 04:00:00,81361
1,2026-01-07 04:00:00,3921
1,2026-01-07 04:00:00,2149
1,2026-01-07 04:00:00,32749
1,2026-01-07 04:00:00,24006
1,2026-01-07 04:00:00,8522
1,2026-01-07 04:00:00,318
1,2026-01-07 04:00:00,27066
1,2026-01-07 04:00:00,6730
1,2026-01-07 04:00:00,582
1,2026-01-07 04:00:00,342
1,2026-01-07 04:00:00,35908
1,2026-01-07 05:00:00,35164
1,2026-01-07 05:00:00,1541
1,2026-01-07 05:00:00,226
1,2026-01-07 05:00:00,1866
1,2026-01-07 05:00:00,16663
1,2026-01-07 05:00:00,48580
1,2026-01-07 05:00:00,100
1,2026-01-07 05:00:00,16663
1,2026-01-07 05:00:00,439147
1,2026-01-07 05:00:00,3393
1,2026-01-07 05:00:00,755
1,2026-01-07 05:00:00,12191
1,2026-01-07 05:00:00,323
1,2026-01-07 05:00:00,3549
1,2026-01-07 05:00:00,1709
1,2026-01-07 05:00:00,149
1,2026-01-07 05:00:00,22535
1,2026-01-07 05:00:00,1418
1,2026-01-07 05:00:00,16566
1,2026-01-07 05:00:00,34141
1,2026-01-07 05:00:00,3218
1,2026-01-07 05:00:00,86010
1,2026-01-07 05:00:00,16566
1,2026-01-07 05:00:00,4715
1,2026-01-07 05:00:00,1574
1,2026-01-07 05:00:00,2783
1,2026-01-07 05:00:00,2144
1,2026-01-07 05:00:00,22535
1,2026-01-07 05:00:00,13280
1,2026-01-07 05:00:00,686
1,2026-01-07 05:00:00,4302
1,2026-01-07 05:00:00,1352
1,2026-01-07 05:00:00,72974
1,2026-01-07 05:00:00,3725
1,2026-01-07 05:00:00,1524
1,2026-01-07 05:00:00,3706
1,2026-01-07 05:00:00,11546
1,2026-01-07 05:00:00,780
1,2026-01-07 05:00:00,158
1,2026-01-07 05:00:00,2019
1,2026-01-07 05:00:00,13280
1,2026-01-07 05:00:00,1227
1,2026-01-07 05:00:00,2814
1,2026-01-07 05:00:00,20402
1,2026-01-07 05:00:00,86010
1,2026-01-07 05:00:00,335
1,2026-01-07 05:00:00,48580
1,2026-01-07 05:00:00,3479
1,2026-01-07 05:00:00,10909
1,2026-01-07 05:00:00,912
1,2026-01-07 05:00:00,311
1,2026-01-07 05:00:00,78777
1,2026-01-07 05:00:00,2324
1,2026-01-07 05:00:00,2097
1,2026-01-07 05:00:00,8237
1,2026-01-07 05:00:00,1700
1,2026-01-07 05:00:00,22796
1,2026-01-07 05:00:00,35164
1,2026-01-07 05:00:00,26474
1,2026-01-07 05:00:00,6418
1,2026-01-07 05:00:00,542
1,2026-01-07 05:00:00,336
1,2026-01-07 05:00:00,32043
1,2026-01-07 06:00:00,714
1,2026-01-07 06:00:00,3288
1,2026-01-07 06:00:00,195774
1,2026-01-07 06:00:00,15850
1,2026-01-07 06:00:00,649
1,2026-01-07 06:00:00,313
1,2026-01-07 06:00:00,45951
1,2026-01-07 06:00:00,34475
1,2026-01-07 06:00:00,3367
1,2026-01-07 06:00:00,4522
1,2026-01-07 06:00:00,1488
1,2026-01-07 06:00:00,1294
1,2026-01-07 06:00:00,3079
1,2026-01-07 06:00:00,21684
1,2026-01-07 06:00:00,11574
1,2026-01-07 06:00:00,21684
1,2026-01-07 06:00:00,90
1,2026-01-07 06:00:00,15850
1,2026-01-07 06:00:00,1642
1,2026-01-07 06:00:00,1479
1,2026-01-07 06:00:00,1344
1,2026-01-07 06:00:00,4225
1,2026-01-07 06:00:00,2717
1,2026-01-07 06:00:00,1939
1,2026-01-07 06:00:00,317
1,2026-01-07 06:00:00,772
1,2026-01-07 06:00:00,45951
1,2026-01-07 06:00:00,328
1,2026-01-07 06:00:00,3519
1,2026-01-07 06:00:00,2234
1,2026-01-07 06:00:00,34475
1,2026-01-07 06:00:00,299
1,2026-01-07 06:00:00,25883
1,2026-01-07 06:00:00,32768
1,2026-01-07 06:00:00,2234
1,2026-01-07 06:00:00,853
1,2026-01-07 06:00:00,2008
1,2026-01-07 06:00:00,7833
1,2026-01-07 06:00:00,31238
1,2026-01-07 06:00:00,1618
1,2026-01-07 07:00:00,1283
1,2026-01-07 07:00:00,88
1,2026-01-07 07:00:00,627
1,2026-01-07 07:00:00,71876
1,2026-01-07 07:00:00,608
1,2026-01-07 07:00:00,297
1,2026-01-07 07:00:00,11002
1,2026-01-07 07:00:00,3184
1,2026-01-07 07:00:00,1204
1,2026-01-07 07:00:00,4350
1,2026-01-07 07:00:00,1587
1,2026-01-07 07:00:00,1416
1,2026-01-07 07:00:00,2874
1,2026-01-07 07:00:00,3182
1,2026-01-07 07:00:00,1604
1,2026-01-07 07:00:00,31396
1,2026-01-07 07:00:00,319
1,2026-01-07 07:00:00,1889
1,2026-01-07 07:00:00,4018
1,2026-01-07 07:00:00,2557
1,2026-01-07 07:00:00,292
1,2026-01-07 07:00:00,756
1,2026-01-07 07:00:00,797
1,2026-01-07 07:00:00,1852
1,2026-01-07 07:00:00,24443
1,2026-01-07 07:00:00,29478
1,2026-01-07 07:00:00,7450
1,2026-01-07 07:00:00,3391
1,2026-01-07 07:00:00,1519
1,2026-01-07 07:00:00,289
1,2026-01-07 08:00:00,3901
1,2026-01-07 08:00:00,49128
1,2026-01-07 08:00:00,571
1,2026-01-07 08:00:00,1122
1,2026-01-07 08:00:00,1511
1,2026-01-07 08:00:00,2708
1,2026-01-07 08:00:00,21518
1,2026-01-07 08:00:00,2394
1,2026-01-07 08:00:00,7155
1,2026-01-07 08:00:00,272
1,2026-01-07 08:00:00,312
1,2026-01-07 08:00:00,22907
1,2026-01-07 08:00:00,281
1,2026-01-07 08:00:00,27610
1,2026-01-07 08:00:00,1756
1,2026-01-07 08:00:00,746
1,2026-01-07 08:00:00,1772
1,2026-01-07 08:00:00,281
1,2026-01-07 08:00:00,1439
